SPAC1002.01	viable
SPAC1002.02	viable
SPAC1002.03c	viable
SPAC1002.04c	inviable
SPAC1002.05c	viable
SPAC1002.06c	viable
SPAC1002.07c	viable
SPAC1002.08c	inviable
SPAC1002.09c	inviable
SPAC1002.10c	inviable
SPAC1002.11	inviable
SPAC1002.12c	viable
SPAC1002.13c	inviable
SPAC1002.14	viable
SPAC1002.15c	viable
SPAC1002.16c	inviable
SPAC1002.17c	viable
SPAC1002.18	viable
SPAC1002.19	viable
SPAC1002.20	viable
SPAC1006.01	viable
SPAC1006.02	inviable
SPAC1006.03c	viable
SPAC1006.04c	viable
SPAC1006.05c	viable
SPAC1006.06	viable
SPAC1006.07	inviable
SPAC1006.08	condition-dependent
SPAC1006.09	viable
SPAC1039.01	viable
SPAC1039.02	viable
SPAC1039.03	viable
SPAC1039.04	viable
SPAC1039.05c	viable
SPAC1039.06	viable
SPAC1039.07c	viable
SPAC1039.08	viable
SPAC1039.09	viable
SPAC1039.10	viable
SPAC1039.11c	viable
SPAC105.01c	viable
SPAC105.02c	viable
SPAC105.03c	viable
SPAC1071.01c	inviable
SPAC1071.02	viable
SPAC1071.03c	viable
SPAC1071.04c	viable
SPAC1071.05	viable
SPAC1071.06	viable
SPAC1071.07c	viable
SPAC1071.08	viable
SPAC1071.09c	viable
SPAC1071.10c	inviable
SPAC1071.11	condition-dependent
SPAC1071.12c	viable
SPAC1071.13	unknown
SPAC1093.01	viable
SPAC1093.02	viable
SPAC1093.03	viable
SPAC1093.04c	inviable
SPAC1093.05	inviable
SPAC1093.06c	viable
SPAC1093.07	unknown
SPAC10F6.01c	viable
SPAC10F6.02c	inviable
SPAC10F6.03c	inviable
SPAC10F6.04	viable
SPAC10F6.05c	viable
SPAC10F6.06	viable
SPAC10F6.07c	viable
SPAC10F6.08c	viable
SPAC10F6.09c	condition-dependent
SPAC10F6.10	inviable
SPAC10F6.11c	viable
SPAC10F6.12c	viable
SPAC10F6.13c	viable
SPAC10F6.14c	viable
SPAC10F6.15	viable
SPAC10F6.16	viable
SPAC10F6.17c	viable
SPAC110.01	viable
SPAC110.02	viable
SPAC110.03	inviable
SPAC110.04c	condition-dependent
SPAC110.06	viable
SPAC1142.01	viable
SPAC1142.02c	viable
SPAC1142.03c	viable
SPAC1142.04	inviable
SPAC1142.05	viable
SPAC1142.06	viable
SPAC1142.07c	viable
SPAC1142.08	viable
SPAC1142.09	unknown
SPAC11D3.01c	viable
SPAC11D3.02c	viable
SPAC11D3.03c	viable
SPAC11D3.04c	viable
SPAC11D3.05	viable
SPAC11D3.06	viable
SPAC11D3.07c	viable
SPAC11D3.08c	viable
SPAC11D3.09	viable
SPAC11D3.10	viable
SPAC11D3.11c	unknown
SPAC11D3.13	viable
SPAC11D3.14c	viable
SPAC11D3.15	viable
SPAC11D3.16c	viable
SPAC11D3.17	viable
SPAC11D3.18c	viable
SPAC11D3.19	viable
SPAC11D3.20	unknown
SPAC11E3.01c	viable
SPAC11E3.02c	condition-dependent
SPAC11E3.03	viable
SPAC11E3.04c	viable
SPAC11E3.05	viable
SPAC11E3.06	viable
SPAC11E3.07	inviable
SPAC11E3.08c	viable
SPAC11E3.09	viable
SPAC11E3.10	viable
SPAC11E3.11c	viable
SPAC11E3.12	viable
SPAC11E3.13c	viable
SPAC11E3.14	viable
SPAC11E3.15	viable
SPAC11G7.01	viable
SPAC11G7.02	viable
SPAC11G7.03	viable
SPAC11G7.04	viable
SPAC11G7.05c	viable
SPAC11G7.06c	viable
SPAC11H11.01	viable
SPAC11H11.02c	viable
SPAC11H11.03c	viable
SPAC11H11.04	viable
SPAC11H11.05c	viable
SPAC11H11.06	inviable
SPAC1250.01	inviable
SPAC1250.02	viable
SPAC1250.03	viable
SPAC1250.04c	viable
SPAC1250.05	viable
SPAC1250.07	condition-dependent
SPAC1296.01c	viable
SPAC1296.02	viable
SPAC1296.03c	viable
SPAC1296.04	viable
SPAC1296.05c	viable
SPAC1296.06	viable
SPAC12B10.01c	viable
SPAC12B10.02c	condition-dependent
SPAC12B10.03	viable
SPAC12B10.04	viable
SPAC12B10.05	viable
SPAC12B10.06c	viable
SPAC12B10.07	viable
SPAC12B10.08c	inviable
SPAC12B10.09	viable
SPAC12B10.10	viable
SPAC12B10.11	viable
SPAC12B10.12c	viable
SPAC12B10.13	viable
SPAC12B10.14c	viable
SPAC12B10.15c	viable
SPAC12B10.16c	viable
SPAC12G12.01c	viable
SPAC12G12.02	inviable
SPAC12G12.03	viable
SPAC12G12.04	inviable
SPAC12G12.05c	inviable
SPAC12G12.06c	inviable
SPAC12G12.07c	viable
SPAC12G12.08	inviable
SPAC12G12.09	viable
SPAC12G12.10	viable
SPAC12G12.11c	viable
SPAC12G12.12	viable
SPAC12G12.13c	viable
SPAC12G12.14c	inviable
SPAC12G12.15	viable
SPAC12G12.16c	viable
SPAC12G12.17	unknown
SPAC1327.01c	viable
SPAC139.01c	viable
SPAC139.02c	viable
SPAC139.03	viable
SPAC139.04c	viable
SPAC139.05	viable
SPAC139.06	viable
SPAC1399.01c	viable
SPAC1399.02	viable
SPAC1399.03	viable
SPAC1399.04c	viable
SPAC1399.05c	viable
SPAC1399.06	unknown
SPAC13A11.01c	viable
SPAC13A11.02c	inviable
SPAC13A11.03	viable
SPAC13A11.04c	viable
SPAC13A11.05	viable
SPAC13A11.06	viable
SPAC13C5.01c	viable
SPAC13C5.02	viable
SPAC13C5.03	viable
SPAC13C5.04	viable
SPAC13C5.05c	viable
SPAC13C5.06c	viable
SPAC13C5.07	viable
SPAC13D1.01c	unknown
SPAC13D6.01	viable
SPAC13D6.02c	viable
SPAC13D6.03c	viable
SPAC13D6.04c	viable
SPAC13D6.05	inviable
SPAC13F5.01c	viable
SPAC13F5.02c	inviable
SPAC13F5.03c	viable
SPAC13F5.04c	viable
SPAC13F5.05	viable
SPAC13F5.06c	inviable
SPAC13F5.07c	viable
SPAC13G6.01c	viable
SPAC13G6.02c	viable
SPAC13G6.03	viable
SPAC13G6.04	viable
SPAC13G6.05c	inviable
SPAC13G6.06c	viable
SPAC13G6.07c	viable
SPAC13G6.08	viable
SPAC13G6.09	viable
SPAC13G6.10c	viable
SPAC13G6.11c	inviable
SPAC13G6.12c	viable
SPAC13G6.13	viable
SPAC13G6.14	viable
SPAC13G6.15c	viable
SPAC13G7.01c	inviable
SPAC13G7.02c	viable
SPAC13G7.03	viable
SPAC13G7.04c	viable
SPAC13G7.05	viable
SPAC13G7.06	viable
SPAC13G7.07	viable
SPAC13G7.08c	inviable
SPAC13G7.09c	viable
SPAC13G7.10	inviable
SPAC13G7.11	viable
SPAC13G7.12c	viable
SPAC13G7.13c	viable
SPAC140.01	viable
SPAC140.02	viable
SPAC140.03	viable
SPAC140.04	viable
SPAC1420.01c	viable
SPAC1420.02c	inviable
SPAC1420.03	viable
SPAC1420.04c	viable
SPAC144.01	viable
SPAC144.02	viable
SPAC144.03	viable
SPAC144.04c	viable
SPAC144.05	viable
SPAC144.06	viable
SPAC144.07c	inviable
SPAC144.08	condition-dependent
SPAC144.09c	inviable
SPAC144.10c	inviable
SPAC144.11	viable
SPAC144.12	inviable
SPAC144.13c	viable
SPAC144.14	viable
SPAC144.15c	inviable
SPAC144.16	inviable
SPAC144.17c	viable
SPAC144.18	inviable
SPAC144.19	viable
SPAC1486.01	viable
SPAC1486.02c	viable
SPAC1486.03c	inviable
SPAC1486.04c	viable
SPAC1486.05	inviable
SPAC1486.06	inviable
SPAC1486.07c	inviable
SPAC1486.08	viable
SPAC1486.09	inviable
SPAC1486.10	viable
SPAC1486.11	viable
SPAC14C4.01c	viable
SPAC14C4.02c	inviable
SPAC14C4.03	viable
SPAC14C4.04	viable
SPAC14C4.05c	viable
SPAC14C4.06c	viable
SPAC14C4.07	viable
SPAC14C4.08	viable
SPAC14C4.09	viable
SPAC14C4.10c	viable
SPAC14C4.11	viable
SPAC14C4.12c	viable
SPAC14C4.13	viable
SPAC14C4.14	viable
SPAC14C4.15c	viable
SPAC14C4.16	viable
SPAC1527.01	viable
SPAC1527.02	viable
SPAC1527.03	viable
SPAC1556.01c	viable
SPAC1556.02c	viable
SPAC1556.03	viable
SPAC1556.04c	viable
SPAC1556.05c	viable
SPAC1556.06	viable
SPAC1556.07	inviable
SPAC1556.08c	viable
SPAC1565.01	viable
SPAC1565.02c	viable
SPAC1565.03	viable
SPAC1565.04c	viable
SPAC1565.05	inviable
SPAC1565.06c	inviable
SPAC1565.07c	viable
SPAC1565.08	inviable
SPAC15A10.01	condition-dependent
SPAC15A10.02	inviable
SPAC15A10.03c	viable
SPAC15A10.04c	inviable
SPAC15A10.05c	viable
SPAC15A10.06	viable
SPAC15A10.07	viable
SPAC15A10.08	viable
SPAC15A10.09c	viable
SPAC15A10.10	viable
SPAC15A10.11	viable
SPAC15A10.12c	inviable
SPAC15A10.13	viable
SPAC15A10.15	viable
SPAC15A10.16	viable
SPAC15A10.17	viable
SPAC15E1.02c	viable
SPAC15E1.03	viable
SPAC15E1.04	viable
SPAC15E1.05c	viable
SPAC15E1.06	viable
SPAC15E1.07c	viable
SPAC15E1.08	inviable
SPAC15E1.09	viable
SPAC15E1.10	viable
SPAC15F9.01c	viable
SPAC15F9.02	viable
SPAC15F9.03c	inviable
SPAC16.01	viable
SPAC16.02c	inviable
SPAC16.03c	viable
SPAC16.04	viable
SPAC16.05c	viable
SPAC1610.01	viable
SPAC1610.02c	viable
SPAC1610.03c	viable
SPAC1610.04	viable
SPAC1635.01	viable
SPAC1639.01c	viable
SPAC1639.02c	viable
SPAC167.01	viable
SPAC167.02	inviable
SPAC167.03c	inviable
SPAC167.04	viable
SPAC167.05	viable
SPAC167.06c	viable
SPAC167.07c	viable
SPAC167.08	unknown
SPAC167.09	unknown
SPAC1687.01	inviable
SPAC1687.02	inviable
SPAC1687.03c	inviable
SPAC1687.04	inviable
SPAC1687.05	viable
SPAC1687.06c	viable
SPAC1687.07	viable
SPAC1687.08	viable
SPAC1687.09	viable
SPAC1687.10	viable
SPAC1687.11	inviable
SPAC1687.12c	condition-dependent
SPAC1687.13c	viable
SPAC1687.14c	viable
SPAC1687.15	viable
SPAC1687.16c	viable
SPAC1687.17c	viable
SPAC1687.18c	inviable
SPAC1687.19c	viable
SPAC1687.20c	inviable
SPAC1687.21	viable
SPAC1687.22c	viable
SPAC1687.23c	viable
SPAC16A10.01	viable
SPAC16A10.02	viable
SPAC16A10.03c	viable
SPAC16A10.04	viable
SPAC16A10.05c	viable
SPAC16A10.06c	inviable
SPAC16A10.07c	viable
SPAC16A10.08c	unknown
SPAC16C9.01c	viable
SPAC16C9.02c	viable
SPAC16C9.03	inviable
SPAC16C9.04c	viable
SPAC16C9.05	viable
SPAC16C9.06c	viable
SPAC16C9.07	viable
SPAC16E8.01	viable
SPAC16E8.02	inviable
SPAC16E8.03	inviable
SPAC16E8.04c	inviable
SPAC16E8.05c	viable
SPAC16E8.06c	viable
SPAC16E8.07c	inviable
SPAC16E8.08	viable
SPAC16E8.09	viable
SPAC16E8.10c	inviable
SPAC16E8.11c	inviable
SPAC16E8.12c	viable
SPAC16E8.13	viable
SPAC16E8.14c	viable
SPAC16E8.15	inviable
SPAC16E8.16	inviable
SPAC16E8.17c	viable
SPAC16E8.18	viable
SPAC16E8.18c	unknown
SPAC1705.02	viable
SPAC1705.03c	condition-dependent
SPAC1751.01c	viable
SPAC1751.02c	inviable
SPAC1751.03	inviable
SPAC1751.04	viable
SPAC1782.01	viable
SPAC1782.02c	viable
SPAC1782.03	inviable
SPAC1782.04	viable
SPAC1782.05	viable
SPAC1782.06c	viable
SPAC1782.07	viable
SPAC1782.08c	viable
SPAC1782.09c	viable
SPAC1782.10c	inviable
SPAC1782.11	viable
SPAC1782.12c	viable
SPAC1783.01	viable
SPAC1783.02c	viable
SPAC1783.03	inviable
SPAC1783.04c	viable
SPAC1783.05	viable
SPAC1783.06c	viable
SPAC1783.07c	viable
SPAC1783.08c	viable
SPAC1786.01c	viable
SPAC1786.02	viable
SPAC1786.03	inviable
SPAC1786.04	viable
SPAC17A2.01	viable
SPAC17A2.02c	viable
SPAC17A2.03c	inviable
SPAC17A2.04c	inviable
SPAC17A2.05	viable
SPAC17A2.06c	viable
SPAC17A2.07c	viable
SPAC17A2.08c	condition-dependent
SPAC17A2.09c	viable
SPAC17A2.10c	viable
SPAC17A2.11	viable
SPAC17A2.12	viable
SPAC17A2.13c	viable
SPAC17A2.14	viable
SPAC17A5.01	viable
SPAC17A5.02c	viable
SPAC17A5.03	inviable
SPAC17A5.04c	viable
SPAC17A5.05c	viable
SPAC17A5.06	inviable
SPAC17A5.07c	condition-dependent
SPAC17A5.08	viable
SPAC17A5.09c	viable
SPAC17A5.10	viable
SPAC17A5.11	viable
SPAC17A5.12	inviable
SPAC17A5.13	inviable
SPAC17A5.14	viable
SPAC17A5.15c	inviable
SPAC17A5.16	viable
SPAC17A5.18c	viable
SPAC17A5.19	viable
SPAC17C9.01c	inviable
SPAC17C9.02c	condition-dependent
SPAC17C9.03	inviable
SPAC17C9.05c	viable
SPAC17C9.06	inviable
SPAC17C9.07	viable
SPAC17C9.08	viable
SPAC17C9.09c	viable
SPAC17C9.10	viable
SPAC17C9.11c	viable
SPAC17C9.12	viable
SPAC17C9.13c	condition-dependent
SPAC17C9.14	viable
SPAC17C9.15c	viable
SPAC17C9.16c	viable
SPAC17D4.01	viable
SPAC17D4.02	inviable
SPAC17D4.03c	condition-dependent
SPAC17D4.04	viable
SPAC17G6.02c	viable
SPAC17G6.03	viable
SPAC17G6.04c	viable
SPAC17G6.05c	viable
SPAC17G6.06	viable
SPAC17G6.07c	inviable
SPAC17G6.08	viable
SPAC17G6.09	inviable
SPAC17G6.10	inviable
SPAC17G6.11c	inviable
SPAC17G6.12	inviable
SPAC17G6.13	viable
SPAC17G6.14c	inviable
SPAC17G6.15c	viable
SPAC17G6.16c	inviable
SPAC17G6.17	viable
SPAC17G8.01c	inviable
SPAC17G8.02	inviable
SPAC17G8.03c	inviable
SPAC17G8.04c	inviable
SPAC17G8.05	viable
SPAC17G8.06c	viable
SPAC17G8.07	viable
SPAC17G8.08c	viable
SPAC17G8.09	viable
SPAC17G8.10c	viable
SPAC17G8.11c	viable
SPAC17G8.12	condition-dependent
SPAC17G8.13c	viable
SPAC17G8.14c	viable
SPAC17G8.15	condition-dependent
SPAC17H9.01	viable
SPAC17H9.02	inviable
SPAC17H9.03c	viable
SPAC17H9.04c	viable
SPAC17H9.05	inviable
SPAC17H9.06c	viable
SPAC17H9.07	inviable
SPAC17H9.08	viable
SPAC17H9.09c	viable
SPAC17H9.10c	viable
SPAC17H9.11	viable
SPAC17H9.12c	viable
SPAC17H9.13c	viable
SPAC17H9.14c	viable
SPAC17H9.16	inviable
SPAC17H9.17c	inviable
SPAC17H9.18c	viable
SPAC17H9.19c	viable
SPAC17H9.20	inviable
SPAC1805.01c	viable
SPAC1805.02c	viable
SPAC1805.03c	viable
SPAC1805.04	viable
SPAC1805.05	viable
SPAC1805.06c	viable
SPAC1805.07c	viable
SPAC1805.08	viable
SPAC1805.09c	viable
SPAC1805.10	viable
SPAC1805.11c	viable
SPAC1805.12c	viable
SPAC1805.13	viable
SPAC1805.14	viable
SPAC1805.15c	viable
SPAC1805.16c	viable
SPAC1805.17	inviable
SPAC1805.18	unknown
SPAC1834.01	inviable
SPAC1834.02	inviable
SPAC1834.03c	viable
SPAC1834.04	viable
SPAC1834.05	viable
SPAC1834.06c	inviable
SPAC1834.07	viable
SPAC1834.08	viable
SPAC1834.09	viable
SPAC1834.10c	viable
SPAC1834.11c	inviable
SPAC1834.13	viable
SPAC1851.02	viable
SPAC1851.03	condition-dependent
SPAC1851.04c	viable
SPAC186.01	viable
SPAC186.02c	viable
SPAC186.03	viable
SPAC186.04c	unknown
SPAC186.05c	viable
SPAC186.06	viable
SPAC186.07c	viable
SPAC186.08c	viable
SPAC186.09	viable
SPAC18B11.02c	viable
SPAC18B11.03c	viable
SPAC18B11.04	viable
SPAC18B11.05	inviable
SPAC18B11.06	inviable
SPAC18B11.07c	viable
SPAC18B11.08c	viable
SPAC18B11.09c	viable
SPAC18B11.10	viable
SPAC18B11.11	condition-dependent
SPAC18G6.01c	viable
SPAC18G6.02c	viable
SPAC18G6.03	inviable
SPAC18G6.04c	viable
SPAC18G6.05c	viable
SPAC18G6.06	inviable
SPAC18G6.07c	inviable
SPAC18G6.09c	viable
SPAC18G6.10	viable
SPAC18G6.11c	inviable
SPAC18G6.12c	viable
SPAC18G6.13	viable
SPAC18G6.14c	inviable
SPAC18G6.15	viable
SPAC1952.01	inviable
SPAC1952.02	viable
SPAC1952.03	viable
SPAC1952.04c	unknown
SPAC1952.05	viable
SPAC1952.06c	viable
SPAC1952.07	viable
SPAC1952.08c	viable
SPAC1952.09c	viable
SPAC1952.10c	viable
SPAC1952.11c	condition-dependent
SPAC1952.12c	viable
SPAC1952.13	inviable
SPAC1952.14c	inviable
SPAC1952.15c	viable
SPAC1952.16	viable
SPAC1952.17c	viable
SPAC19A8.01c	viable
SPAC19A8.02	viable
SPAC19A8.03	viable
SPAC19A8.04	viable
SPAC19A8.05c	viable
SPAC19A8.06	inviable
SPAC19A8.07c	inviable
SPAC19A8.08	viable
SPAC19A8.09	inviable
SPAC19A8.10	viable
SPAC19A8.11c	viable
SPAC19A8.12	inviable
SPAC19A8.13	inviable
SPAC19A8.14	viable
SPAC19A8.15	inviable
SPAC19A8.16	viable
SPAC19B12.01	inviable
SPAC19B12.02c	condition-dependent
SPAC19B12.03	inviable
SPAC19B12.04	viable
SPAC19B12.05c	inviable
SPAC19B12.06c	viable
SPAC19B12.07c	viable
SPAC19B12.08	viable
SPAC19B12.09	unknown
SPAC19B12.10	viable
SPAC19B12.11c	viable
SPAC19B12.12c	viable
SPAC19B12.13	viable
SPAC19D5.01	viable
SPAC19D5.02c	viable
SPAC19D5.03	viable
SPAC19D5.04	inviable
SPAC19D5.05c	inviable
SPAC19D5.06c	viable
SPAC19D5.07	viable
SPAC19D5.09c	unknown
SPAC19D5.10c	unknown
SPAC19D5.11c	viable
SPAC19E9.01c	viable
SPAC19E9.02	viable
SPAC19E9.03	viable
SPAC19G12.01c	inviable
SPAC19G12.02c	viable
SPAC19G12.03	viable
SPAC19G12.04	viable
SPAC19G12.05	viable
SPAC19G12.06c	viable
SPAC19G12.07c	inviable
SPAC19G12.08	viable
SPAC19G12.09	viable
SPAC19G12.10c	viable
SPAC19G12.11	condition-dependent
SPAC19G12.12	condition-dependent
SPAC19G12.13c	viable
SPAC19G12.14	inviable
SPAC19G12.15c	viable
SPAC19G12.16c	viable
SPAC19G12.17	viable
SPAC1A6.01c	viable
SPAC1A6.02	inviable
SPAC1A6.03c	viable
SPAC1A6.04c	viable
SPAC1A6.05c	viable
SPAC1A6.06c	viable
SPAC1A6.07	viable
SPAC1A6.08c	viable
SPAC1A6.09c	viable
SPAC1A6.10	viable
SPAC1A6.11	unknown
SPAC1B1.01	inviable
SPAC1B1.02c	viable
SPAC1B1.03c	inviable
SPAC1B1.04c	viable
SPAC1B2.02c	viable
SPAC1B2.03c	condition-dependent
SPAC1B2.04	viable
SPAC1B2.05	inviable
SPAC1B2.06	viable
SPAC1B3.01c	viable
SPAC1B3.02c	viable
SPAC1B3.03c	condition-dependent
SPAC1B3.04c	viable
SPAC1B3.05	viable
SPAC1B3.06c	viable
SPAC1B3.07c	viable
SPAC1B3.08	viable
SPAC1B3.09c	inviable
SPAC1B3.10c	viable
SPAC1B3.11c	viable
SPAC1B3.12c	inviable
SPAC1B3.13	inviable
SPAC1B3.14	condition-dependent
SPAC1B3.15c	viable
SPAC1B3.16c	condition-dependent
SPAC1B3.17	viable
SPAC1B3.18c	inviable
SPAC1B3.20	viable
SPAC1B3.21	viable
SPAC1B9.02c	viable
SPAC1B9.03c	inviable
SPAC1D4.01	viable
SPAC1D4.02c	viable
SPAC1D4.03c	viable
SPAC1D4.04	inviable
SPAC1D4.05c	viable
SPAC1D4.06c	viable
SPAC1D4.08	inviable
SPAC1D4.09c	viable
SPAC1D4.10	inviable
SPAC1D4.11c	viable
SPAC1D4.12	inviable
SPAC1D4.13	viable
SPAC1D4.14	inviable
SPAC1F12.02c	viable
SPAC1F12.04c	viable
SPAC1F12.05	viable
SPAC1F12.06c	viable
SPAC1F12.07	viable
SPAC1F12.08	inviable
SPAC1F12.09	inviable
SPAC1F12.10c	viable
SPAC1F3.01	viable
SPAC1F3.02c	viable
SPAC1F3.03	viable
SPAC1F3.04c	viable
SPAC1F3.05	viable
SPAC1F3.06c	viable
SPAC1F3.07c	viable
SPAC1F3.08c	unknown
SPAC1F3.09	viable
SPAC1F3.10c	viable
SPAC1F5.02	inviable
SPAC1F5.03c	viable
SPAC1F5.04c	inviable
SPAC1F5.05c	condition-dependent
SPAC1F5.06	inviable
SPAC1F5.07c	viable
SPAC1F5.08c	viable
SPAC1F5.09c	viable
SPAC1F5.10	viable
SPAC1F5.11c	inviable
SPAC1F7.01c	viable
SPAC1F7.02c	inviable
SPAC1F7.03	inviable
SPAC1F7.04	condition-dependent
SPAC1F7.05	inviable
SPAC1F7.06	viable
SPAC1F7.07c	viable
SPAC1F7.08	viable
SPAC1F7.09c	viable
SPAC1F7.10	viable
SPAC1F7.11c	viable
SPAC1F7.12	viable
SPAC1F7.13c	viable
SPAC1F7.14c	condition-dependent
SPAC1F8.01	viable
SPAC1F8.02c	viable
SPAC1F8.03c	viable
SPAC1F8.04c	viable
SPAC1F8.05	condition-dependent
SPAC1F8.06	viable
SPAC1F8.07c	inviable
SPAC1F8.08	viable
SPAC20G4.01	viable
SPAC20G4.02c	viable
SPAC20G4.03c	viable
SPAC20G4.04c	viable
SPAC20G4.05c	viable
SPAC20G4.06c	inviable
SPAC20G4.07c	viable
SPAC20G4.08	viable
SPAC20G4.09	unknown
SPAC20G8.01	inviable
SPAC20G8.02	viable
SPAC20G8.03	inviable
SPAC20G8.04c	viable
SPAC20G8.05c	condition-dependent
SPAC20G8.06	inviable
SPAC20G8.07c	viable
SPAC20G8.08c	viable
SPAC20G8.09c	condition-dependent
SPAC20G8.10c	viable
SPAC20H4.01	inviable
SPAC20H4.02	viable
SPAC20H4.03c	viable
SPAC20H4.04	viable
SPAC20H4.05c	viable
SPAC20H4.06c	viable
SPAC20H4.07	viable
SPAC20H4.08	viable
SPAC20H4.09	viable
SPAC20H4.10	viable
SPAC20H4.11c	viable
SPAC212.01c	viable
SPAC212.02	viable
SPAC212.03	viable
SPAC212.04c	viable
SPAC212.05c	unknown
SPAC212.06c	unknown
SPAC212.07c	unknown
SPAC212.08c	viable
SPAC212.09c	unknown
SPAC212.10	unknown
SPAC212.11	viable
SPAC212.12	unknown
SPAC21E11.03c	viable
SPAC21E11.04	viable
SPAC21E11.05c	viable
SPAC21E11.06	inviable
SPAC21E11.07	inviable
SPAC21E11.08	inviable
SPAC222.03c	inviable
SPAC222.04c	condition-dependent
SPAC222.05c	viable
SPAC222.06	inviable
SPAC222.07c	viable
SPAC222.08c	viable
SPAC222.09	inviable
SPAC222.10c	inviable
SPAC222.11	inviable
SPAC222.12c	viable
SPAC222.13c	viable
SPAC222.14c	viable
SPAC222.15	viable
SPAC222.16c	viable
SPAC222.17	viable
SPAC222.18	unknown
SPAC222.19	viable
SPAC227.01c	viable
SPAC227.02c	inviable
SPAC227.03c	viable
SPAC227.04	viable
SPAC227.05	viable
SPAC227.06	viable
SPAC227.07c	viable
SPAC227.08c	inviable
SPAC227.09	inviable
SPAC227.10	viable
SPAC227.11c	viable
SPAC227.12	inviable
SPAC227.13c	viable
SPAC227.14	viable
SPAC227.15	viable
SPAC227.16c	inviable
SPAC227.17c	viable
SPAC227.18	viable
SPAC227.19c	unknown
SPAC22A12.01c	viable
SPAC22A12.02c	viable
SPAC22A12.03c	viable
SPAC22A12.04c	viable
SPAC22A12.05	inviable
SPAC22A12.06c	viable
SPAC22A12.07c	viable
SPAC22A12.08c	inviable
SPAC22A12.09c	inviable
SPAC22A12.10	viable
SPAC22A12.11	viable
SPAC22A12.12c	inviable
SPAC22A12.13	inviable
SPAC22A12.14c	viable
SPAC22A12.15c	inviable
SPAC22A12.16	viable
SPAC22A12.17c	viable
SPAC22E12.01	viable
SPAC22E12.02	inviable
SPAC22E12.03c	viable
SPAC22E12.04	viable
SPAC22E12.05c	viable
SPAC22E12.06c	viable
SPAC22E12.07	inviable
SPAC22E12.08	inviable
SPAC22E12.09c	inviable
SPAC22E12.10c	inviable
SPAC22E12.11c	viable
SPAC22E12.13c	inviable
SPAC22E12.14c	viable
SPAC22E12.16c	inviable
SPAC22E12.17c	inviable
SPAC22E12.18	viable
SPAC22E12.19	viable
SPAC22F3.02	viable
SPAC22F3.03c	viable
SPAC22F3.04	viable
SPAC22F3.05c	inviable
SPAC22F3.06c	viable
SPAC22F3.07c	viable
SPAC22F3.08c	viable
SPAC22F3.09c	viable
SPAC22F3.10c	condition-dependent
SPAC22F3.11c	viable
SPAC22F3.12c	viable
SPAC22F3.13	viable
SPAC22F3.15	unknown
SPAC22F8.02c	viable
SPAC22F8.03c	viable
SPAC22F8.04	viable
SPAC22F8.05	viable
SPAC22F8.06	inviable
SPAC22F8.07c	viable
SPAC22F8.08	inviable
SPAC22F8.09	viable
SPAC22F8.10c	inviable
SPAC22F8.11	condition-dependent
SPAC22F8.12c	viable
SPAC22G7.01c	viable
SPAC22G7.02	condition-dependent
SPAC22G7.03	viable
SPAC22G7.04	viable
SPAC22G7.05	viable
SPAC22G7.06c	viable
SPAC22G7.07c	viable
SPAC22G7.08	viable
SPAC22G7.09c	inviable
SPAC22G7.10	inviable
SPAC22G7.11c	viable
SPAC22H10.02	viable
SPAC22H10.03c	viable
SPAC22H10.04	viable
SPAC22H10.05c	inviable
SPAC22H10.06c	unknown
SPAC22H10.07	viable
SPAC22H10.08	viable
SPAC22H10.09	viable
SPAC22H10.10	inviable
SPAC22H10.11c	viable
SPAC22H10.12c	inviable
SPAC22H10.13	viable
SPAC22H12.01c	viable
SPAC22H12.02	viable
SPAC22H12.03	viable
SPAC22H12.04c	viable
SPAC22H12.05c	viable
SPAC23A1.02c	viable
SPAC23A1.03	viable
SPAC23A1.04c	viable
SPAC23A1.05	inviable
SPAC23A1.06c	viable
SPAC23A1.07	viable
SPAC23A1.08c	inviable
SPAC23A1.09	viable
SPAC23A1.10	viable
SPAC23A1.11	viable
SPAC23A1.12c	inviable
SPAC23A1.14c	viable
SPAC23A1.15c	viable
SPAC23A1.16c	inviable
SPAC23A1.17	viable
SPAC23A1.18c	inviable
SPAC23A1.19c	condition-dependent
SPAC23A1.20	unknown
SPAC23C11.01	viable
SPAC23C11.02c	viable
SPAC23C11.03	inviable
SPAC23C11.04c	viable
SPAC23C11.05	inviable
SPAC23C11.06c	viable
SPAC23C11.07	viable
SPAC23C11.08	viable
SPAC23C11.09	inviable
SPAC23C11.10	viable
SPAC23C11.11	inviable
SPAC23C11.12	inviable
SPAC23C11.13c	viable
SPAC23C11.14	viable
SPAC23C11.15	condition-dependent
SPAC23C11.16	condition-dependent
SPAC23C11.17	inviable
SPAC23C4.02	viable
SPAC23C4.03	viable
SPAC23C4.04c	viable
SPAC23C4.05c	viable
SPAC23C4.06c	viable
SPAC23C4.07	viable
SPAC23C4.08	condition-dependent
SPAC23C4.09c	viable
SPAC23C4.10	inviable
SPAC23C4.11	viable
SPAC23C4.12	viable
SPAC23C4.13	inviable
SPAC23C4.14	inviable
SPAC23C4.15	inviable
SPAC23C4.16c	viable
SPAC23C4.17	viable
SPAC23C4.18c	inviable
SPAC23C4.19	inviable
SPAC23D3.01	viable
SPAC23D3.02	inviable
SPAC23D3.03c	viable
SPAC23D3.04c	viable
SPAC23D3.05c	unknown
SPAC23D3.06c	inviable
SPAC23D3.07	inviable
SPAC23D3.08	inviable
SPAC23D3.09	viable
SPAC23D3.10c	viable
SPAC23D3.11	viable
SPAC23D3.12	viable
SPAC23D3.13c	viable
SPAC23D3.14c	viable
SPAC23D3.16	viable
SPAC23D3.17	viable
SPAC23E2.01	viable
SPAC23E2.02	inviable
SPAC23E2.03c	viable
SPAC23G3.01	inviable
SPAC23G3.02c	viable
SPAC23G3.03	viable
SPAC23G3.04	viable
SPAC23G3.05c	viable
SPAC23G3.06	inviable
SPAC23G3.07c	viable
SPAC23G3.08c	viable
SPAC23G3.09	inviable
SPAC23G3.10c	condition-dependent
SPAC23G3.11	inviable
SPAC23G3.12c	viable
SPAC23H3.02c	inviable
SPAC23H3.03c	viable
SPAC23H3.04	viable
SPAC23H3.05c	viable
SPAC23H3.06	viable
SPAC23H3.07c	inviable
SPAC23H3.08c	viable
SPAC23H3.09c	viable
SPAC23H3.10	inviable
SPAC23H3.11c	viable
SPAC23H3.12c	viable
SPAC23H3.13c	viable
SPAC23H3.14	viable
SPAC23H3.15c	condition-dependent
SPAC23H4.01c	viable
SPAC23H4.02	viable
SPAC23H4.03c	inviable
SPAC23H4.04	inviable
SPAC23H4.05c	unknown
SPAC23H4.06	inviable
SPAC23H4.07c	inviable
SPAC23H4.08	viable
SPAC23H4.09	viable
SPAC23H4.10c	viable
SPAC23H4.11c	inviable
SPAC23H4.12	condition-dependent
SPAC23H4.13c	unknown
SPAC23H4.14	viable
SPAC23H4.15	inviable
SPAC23H4.16c	viable
SPAC23H4.17c	viable
SPAC23H4.18c	inviable
SPAC23H4.21	unknown
SPAC24B11.05	viable
SPAC24B11.06c	viable
SPAC24B11.07c	viable
SPAC24B11.08c	viable
SPAC24B11.09	viable
SPAC24B11.10c	viable
SPAC24B11.11c	inviable
SPAC24B11.12c	viable
SPAC24B11.13	viable
SPAC24B11.14	unknown
SPAC24C9.02c	viable
SPAC24C9.03	inviable
SPAC24C9.04	inviable
SPAC24C9.05c	viable
SPAC24C9.06c	inviable
SPAC24C9.07c	viable
SPAC24C9.08	viable
SPAC24C9.09	inviable
SPAC24C9.10c	inviable
SPAC24C9.11	inviable
SPAC24C9.12c	viable
SPAC24C9.13c	inviable
SPAC24C9.14	viable
SPAC24C9.15c	viable
SPAC24C9.16c	viable
SPAC24H6.01c	inviable
SPAC24H6.02c	viable
SPAC24H6.03	viable
SPAC24H6.04	viable
SPAC24H6.05	inviable
SPAC24H6.06	inviable
SPAC24H6.07	viable
SPAC24H6.08	viable
SPAC24H6.09	viable
SPAC24H6.10c	viable
SPAC24H6.11c	viable
SPAC24H6.12c	inviable
SPAC24H6.13	viable
SPAC25A8.01c	condition-dependent
SPAC25A8.02	viable
SPAC25A8.03c	viable
SPAC25B8.01	viable
SPAC25B8.02	inviable
SPAC25B8.03	viable
SPAC25B8.04c	viable
SPAC25B8.05	viable
SPAC25B8.06c	condition-dependent
SPAC25B8.07c	viable
SPAC25B8.08	viable
SPAC25B8.09	viable
SPAC25B8.10	viable
SPAC25B8.11	viable
SPAC25B8.12c	viable
SPAC25B8.13c	viable
SPAC25B8.14	inviable
SPAC25B8.15c	viable
SPAC25B8.16	inviable
SPAC25B8.17	viable
SPAC25B8.18	viable
SPAC25B8.19c	viable
SPAC25B8.20	viable
SPAC25G10.01	viable
SPAC25G10.02	viable
SPAC25G10.03	condition-dependent
SPAC25G10.04c	viable
SPAC25G10.05c	viable
SPAC25G10.06	viable
SPAC25G10.07c	condition-dependent
SPAC25G10.08	inviable
SPAC25G10.09c	viable
SPAC25H1.02	viable
SPAC25H1.03	viable
SPAC25H1.04	viable
SPAC25H1.05	viable
SPAC25H1.06	viable
SPAC25H1.07	viable
SPAC25H1.08c	inviable
SPAC25H1.09	viable
SPAC25H1.10c	viable
SPAC26A3.01	viable
SPAC26A3.02	viable
SPAC26A3.03c	inviable
SPAC26A3.04	viable
SPAC26A3.05	inviable
SPAC26A3.06	viable
SPAC26A3.07c	viable
SPAC26A3.08	inviable
SPAC26A3.09c	viable
SPAC26A3.10	viable
SPAC26A3.11	viable
SPAC26A3.12c	inviable
SPAC26A3.13c	unknown
SPAC26A3.14c	viable
SPAC26A3.15c	inviable
SPAC26A3.16	viable
SPAC26A3.17c	viable
SPAC26F1.01	viable
SPAC26F1.02	viable
SPAC26F1.03	inviable
SPAC26F1.04c	viable
SPAC26F1.05	viable
SPAC26F1.06	inviable
SPAC26F1.07	viable
SPAC26F1.08c	viable
SPAC26F1.09	viable
SPAC26F1.10c	viable
SPAC26F1.11	unknown
SPAC26F1.12c	viable
SPAC26F1.13c	inviable
SPAC26F1.14c	viable
SPAC26H5.02c	viable
SPAC26H5.03	viable
SPAC26H5.04	viable
SPAC26H5.05	viable
SPAC26H5.06	condition-dependent
SPAC26H5.07c	viable
SPAC26H5.08c	viable
SPAC26H5.09c	viable
SPAC26H5.10c	viable
SPAC26H5.11	viable
SPAC26H5.12	inviable
SPAC26H5.13c	inviable
SPAC27D7.02c	viable
SPAC27D7.03c	viable
SPAC27D7.04	viable
SPAC27D7.05c	viable
SPAC27D7.06	viable
SPAC27D7.07c	inviable
SPAC27D7.08c	viable
SPAC27D7.09c	viable
SPAC27D7.11c	viable
SPAC27D7.12c	viable
SPAC27D7.13c	viable
SPAC27D7.14c	viable
SPAC27E2.01	viable
SPAC27E2.02	viable
SPAC27E2.03c	viable
SPAC27E2.04c	unknown
SPAC27E2.05	inviable
SPAC27E2.06c	inviable
SPAC27E2.07	viable
SPAC27E2.08	unknown
SPAC27E2.09	viable
SPAC27E2.10c	inviable
SPAC27E2.11c	viable
SPAC27E2.12	viable
SPAC27E2.14	unknown
SPAC27F1.02c	inviable
SPAC27F1.03c	viable
SPAC27F1.04c	inviable
SPAC27F1.05c	viable
SPAC27F1.06c	viable
SPAC27F1.07	inviable
SPAC27F1.08	viable
SPAC27F1.09c	inviable
SPAC27F1.10	viable
SPAC29A4.02c	viable
SPAC29A4.03c	inviable
SPAC29A4.04c	inviable
SPAC29A4.05	condition-dependent
SPAC29A4.06c	inviable
SPAC29A4.07	inviable
SPAC29A4.08c	inviable
SPAC29A4.09	viable
SPAC29A4.10	inviable
SPAC29A4.11	viable
SPAC29A4.12c	viable
SPAC29A4.13	viable
SPAC29A4.14c	viable
SPAC29A4.15	inviable
SPAC29A4.16	condition-dependent
SPAC29A4.17c	viable
SPAC29A4.18	condition-dependent
SPAC29A4.19c	viable
SPAC29A4.20	viable
SPAC29A4.22	unknown
SPAC29A4.23	unknown
SPAC29B12.01	inviable
SPAC29B12.02c	viable
SPAC29B12.03	viable
SPAC29B12.04	viable
SPAC29B12.05c	viable
SPAC29B12.06c	viable
SPAC29B12.07	inviable
SPAC29B12.08	viable
SPAC29B12.10c	viable
SPAC29B12.11c	viable
SPAC29B12.12	viable
SPAC29B12.13	viable
SPAC29B12.14c	viable
SPAC29E6.01	viable
SPAC29E6.02	inviable
SPAC29E6.03c	inviable
SPAC29E6.04	inviable
SPAC29E6.05c	viable
SPAC29E6.06c	inviable
SPAC29E6.07	viable
SPAC29E6.08	inviable
SPAC29E6.09	viable
SPAC29E6.10c	viable
SPAC2C4.03c	inviable
SPAC2C4.04c	inviable
SPAC2C4.05	viable
SPAC2C4.06c	viable
SPAC2C4.07c	viable
SPAC2C4.08	viable
SPAC2C4.09	viable
SPAC2C4.10c	viable
SPAC2C4.11c	inviable
SPAC2C4.12c	inviable
SPAC2C4.13	inviable
SPAC2C4.14c	viable
SPAC2C4.15c	viable
SPAC2C4.16c	viable
SPAC2C4.17c	viable
SPAC2E12.02	inviable
SPAC2E12.03c	viable
SPAC2E12.05	unknown
SPAC2E1P3.01	viable
SPAC2E1P3.02c	viable
SPAC2E1P3.03c	unknown
SPAC2E1P3.04	viable
SPAC2E1P3.05c	viable
SPAC2E1P5.01c	viable
SPAC2E1P5.02c	viable
SPAC2E1P5.03	viable
SPAC2E1P5.04c	inviable
SPAC2E1P5.05	inviable
SPAC2F3.01	viable
SPAC2F3.02	viable
SPAC2F3.03c	inviable
SPAC2F3.04c	inviable
SPAC2F3.05c	viable
SPAC2F3.06c	condition-dependent
SPAC2F3.07c	viable
SPAC2F3.08	viable
SPAC2F3.09	condition-dependent
SPAC2F3.10	inviable
SPAC2F3.11	viable
SPAC2F3.12c	viable
SPAC2F3.13c	viable
SPAC2F3.14c	inviable
SPAC2F3.15	viable
SPAC2F3.16	viable
SPAC2F3.17c	inviable
SPAC2F3.18c	viable
SPAC2F7.02c	viable
SPAC2F7.03c	viable
SPAC2F7.04	viable
SPAC2F7.05c	inviable
SPAC2F7.06c	viable
SPAC2F7.07c	viable
SPAC2F7.08c	viable
SPAC2F7.09c	viable
SPAC2F7.10	viable
SPAC2F7.11	viable
SPAC2F7.13c	inviable
SPAC2F7.14c	inviable
SPAC2F7.15	inviable
SPAC2F7.16c	viable
SPAC2F7.17	viable
SPAC2G11.02	inviable
SPAC2G11.03c	viable
SPAC2G11.04	viable
SPAC2G11.05c	viable
SPAC2G11.06	viable
SPAC2G11.07c	viable
SPAC2G11.08c	inviable
SPAC2G11.09	viable
SPAC2G11.10c	viable
SPAC2G11.11c	inviable
SPAC2G11.12	viable
SPAC2G11.13	viable
SPAC2G11.14	inviable
SPAC2G11.15c	viable
SPAC2H10.01	viable
SPAC2H10.02c	viable
SPAC2H10.04	unknown
SPAC30.01c	viable
SPAC30.02c	viable
SPAC30.03c	viable
SPAC30.04c	viable
SPAC30C2.02	viable
SPAC30C2.03	inviable
SPAC30C2.04	viable
SPAC30C2.05	viable
SPAC30C2.06c	viable
SPAC30C2.07	viable
SPAC30C2.08	viable
SPAC30D11.01c	viable
SPAC30D11.02c	viable
SPAC30D11.03	inviable
SPAC30D11.04c	viable
SPAC30D11.05	viable
SPAC30D11.06c	viable
SPAC30D11.07	viable
SPAC30D11.08c	inviable
SPAC30D11.09	viable
SPAC30D11.10	viable
SPAC30D11.11	viable
SPAC30D11.12	viable
SPAC30D11.13	condition-dependent
SPAC30D11.14c	viable
SPAC31A2.02	viable
SPAC31A2.03	inviable
SPAC31A2.04c	inviable
SPAC31A2.05c	inviable
SPAC31A2.06	viable
SPAC31A2.07c	inviable
SPAC31A2.08	inviable
SPAC31A2.09c	viable
SPAC31A2.10	viable
SPAC31A2.11c	viable
SPAC31A2.12	viable
SPAC31A2.13c	viable
SPAC31A2.14	viable
SPAC31A2.15c	viable
SPAC31A2.16	viable
SPAC31F12.01	viable
SPAC31G5.01	inviable
SPAC31G5.02	inviable
SPAC31G5.03	viable
SPAC31G5.04	viable
SPAC31G5.05c	inviable
SPAC31G5.06	inviable
SPAC31G5.07	viable
SPAC31G5.08	inviable
SPAC31G5.09c	viable
SPAC31G5.10	viable
SPAC31G5.11	viable
SPAC31G5.12c	viable
SPAC31G5.13	inviable
SPAC31G5.14	viable
SPAC31G5.15	viable
SPAC31G5.16c	inviable
SPAC31G5.17c	viable
SPAC31G5.18c	viable
SPAC31G5.19	viable
SPAC31G5.21	viable
SPAC323.01c	condition-dependent
SPAC323.02c	inviable
SPAC323.03c	viable
SPAC323.04	viable
SPAC323.05c	viable
SPAC323.06c	inviable
SPAC323.07c	viable
SPAC323.08	condition-dependent
SPAC328.01c	viable
SPAC328.02	viable
SPAC328.03	viable
SPAC328.04	viable
SPAC328.05	viable
SPAC328.06	viable
SPAC328.07c	viable
SPAC328.08c	inviable
SPAC328.09	viable
SPAC328.10c	viable
SPAC32A11.01	viable
SPAC32A11.02c	viable
SPAC32A11.03c	viable
SPAC32A11.04c	inviable
SPAC343.01c	inviable
SPAC343.02	inviable
SPAC343.03	inviable
SPAC343.04c	viable
SPAC343.05	condition-dependent
SPAC343.06c	viable
SPAC343.07	viable
SPAC343.08c	inviable
SPAC343.09	viable
SPAC343.10	viable
SPAC343.11c	viable
SPAC343.12	viable
SPAC343.13	inviable
SPAC343.14c	inviable
SPAC343.15	viable
SPAC343.16	viable
SPAC343.17c	condition-dependent
SPAC343.18	viable
SPAC343.19	viable
SPAC343.20	viable
SPAC343.21	viable
SPAC3A11.02	viable
SPAC3A11.03	viable
SPAC3A11.04	viable
SPAC3A11.05c	viable
SPAC3A11.06	viable
SPAC3A11.07	viable
SPAC3A11.08	condition-dependent
SPAC3A11.09	viable
SPAC3A11.10c	viable
SPAC3A11.11c	viable
SPAC3A11.12c	inviable
SPAC3A11.13	viable
SPAC3A11.14c	viable
SPAC3A12.02	inviable
SPAC3A12.03c	viable
SPAC3A12.04c	inviable
SPAC3A12.05c	inviable
SPAC3A12.06c	viable
SPAC3A12.07	inviable
SPAC3A12.08	viable
SPAC3A12.09c	viable
SPAC3A12.10	viable
SPAC3A12.11c	inviable
SPAC3A12.12	viable
SPAC3A12.13c	viable
SPAC3A12.14	inviable
SPAC3A12.15	inviable
SPAC3A12.16c	inviable
SPAC3A12.17c	viable
SPAC3A12.18	condition-dependent
SPAC3A12.19	inviable
SPAC3C7.01c	viable
SPAC3C7.02c	viable
SPAC3C7.03c	viable
SPAC3C7.04	viable
SPAC3C7.05c	viable
SPAC3C7.06c	viable
SPAC3C7.07c	viable
SPAC3C7.08c	viable
SPAC3C7.09	viable
SPAC3C7.10	viable
SPAC3C7.11c	inviable
SPAC3C7.12	viable
SPAC3C7.13c	viable
SPAC3C7.14c	viable
SPAC3F10.02c	viable
SPAC3F10.03	inviable
SPAC3F10.04	condition-dependent
SPAC3F10.05c	viable
SPAC3F10.06c	viable
SPAC3F10.07c	viable
SPAC3F10.08c	inviable
SPAC3F10.09	viable
SPAC3F10.10c	viable
SPAC3F10.11c	viable
SPAC3F10.12c	viable
SPAC3F10.13	viable
SPAC3F10.15c	viable
SPAC3F10.16c	viable
SPAC3F10.17	viable
SPAC3F10.18c	viable
SPAC3F10.19	viable
SPAC3G6.01	viable
SPAC3G6.02	condition-dependent
SPAC3G6.03c	viable
SPAC3G6.04	viable
SPAC3G6.05	viable
SPAC3G6.06c	viable
SPAC3G6.07	unknown
SPAC3G6.08	inviable
SPAC3G6.09c	viable
SPAC3G6.10c	inviable
SPAC3G6.11	viable
SPAC3G6.13c	viable
SPAC3G9.01	viable
SPAC3G9.02	viable
SPAC3G9.03	viable
SPAC3G9.04	viable
SPAC3G9.05	viable
SPAC3G9.06	inviable
SPAC3G9.07c	viable
SPAC3G9.08	condition-dependent
SPAC3G9.09c	inviable
SPAC3G9.10c	inviable
SPAC3G9.11c	viable
SPAC3G9.12	inviable
SPAC3G9.13c	inviable
SPAC3G9.14	inviable
SPAC3G9.15c	inviable
SPAC3G9.16c	inviable
SPAC3G9.17	viable
SPAC3H1.01c	inviable
SPAC3H1.02c	viable
SPAC3H1.03	viable
SPAC3H1.04c	viable
SPAC3H1.05	viable
SPAC3H1.06c	viable
SPAC3H1.07	viable
SPAC3H1.08c	viable
SPAC3H1.09c	viable
SPAC3H1.10	viable
SPAC3H1.11	viable
SPAC3H1.12c	viable
SPAC3H1.13	viable
SPAC3H1.14	viable
SPAC3H5.04	viable
SPAC3H5.05c	viable
SPAC3H5.06c	inviable
SPAC3H5.07	viable
SPAC3H5.08c	viable
SPAC3H5.09c	viable
SPAC3H5.10	viable
SPAC3H5.11	inviable
SPAC3H5.12c	viable
SPAC3H5.13	unknown
SPAC3H8.02	viable
SPAC3H8.03	viable
SPAC3H8.04	viable
SPAC3H8.05c	viable
SPAC3H8.06	inviable
SPAC3H8.07c	viable
SPAC3H8.08c	viable
SPAC3H8.09c	viable
SPAC3H8.10	condition-dependent
SPAC458.02c	viable
SPAC458.03	inviable
SPAC458.04c	viable
SPAC458.05	viable
SPAC458.06	viable
SPAC458.07	inviable
SPAC4A8.02c	viable
SPAC4A8.03c	condition-dependent
SPAC4A8.04	viable
SPAC4A8.05c	condition-dependent
SPAC4A8.06c	viable
SPAC4A8.07c	viable
SPAC4A8.08c	inviable
SPAC4A8.09c	viable
SPAC4A8.10	viable
SPAC4A8.11c	inviable
SPAC4A8.12c	inviable
SPAC4A8.13c	inviable
SPAC4A8.14	viable
SPAC4A8.15c	inviable
SPAC4A8.16c	inviable
SPAC4C5.01	viable
SPAC4C5.02c	condition-dependent
SPAC4C5.03	viable
SPAC4C5.04	viable
SPAC4D7.01c	viable
SPAC4D7.02c	viable
SPAC4D7.03	viable
SPAC4D7.04c	inviable
SPAC4D7.05	inviable
SPAC4D7.06c	viable
SPAC4D7.07c	viable
SPAC4D7.08c	viable
SPAC4D7.09	inviable
SPAC4D7.10c	viable
SPAC4D7.11	viable
SPAC4D7.12c	inviable
SPAC4D7.13	inviable
SPAC4D7.14	unknown
SPAC4D7.15	unknown
SPAC4F10.02	viable
SPAC4F10.03c	inviable
SPAC4F10.04	viable
SPAC4F10.05c	viable
SPAC4F10.06	viable
SPAC4F10.07c	viable
SPAC4F10.08	viable
SPAC4F10.09c	inviable
SPAC4F10.10c	condition-dependent
SPAC4F10.11	viable
SPAC4F10.12	inviable
SPAC4F10.13c	viable
SPAC4F10.14c	viable
SPAC4F10.15c	viable
SPAC4F10.16c	viable
SPAC4F10.17	viable
SPAC4F10.18	viable
SPAC4F10.19c	viable
SPAC4F10.20	viable
SPAC4F10.22	viable
SPAC4F8.01	viable
SPAC4F8.02c	inviable
SPAC4F8.03	viable
SPAC4F8.04	inviable
SPAC4F8.05c	inviable
SPAC4F8.06	inviable
SPAC4F8.07c	condition-dependent
SPAC4F8.08	viable
SPAC4F8.10c	viable
SPAC4F8.11	viable
SPAC4F8.12c	inviable
SPAC4F8.13c	inviable
SPAC4F8.14c	inviable
SPAC4F8.15	viable
SPAC4G8.02c	inviable
SPAC4G8.03c	viable
SPAC4G8.04	viable
SPAC4G8.05	viable
SPAC4G8.06c	viable
SPAC4G8.07c	viable
SPAC4G8.08	viable
SPAC4G8.09	inviable
SPAC4G8.10	viable
SPAC4G8.11c	viable
SPAC4G8.12c	inviable
SPAC4G8.13c	viable
SPAC4G9.02	viable
SPAC4G9.03	inviable
SPAC4G9.04c	inviable
SPAC4G9.05	viable
SPAC4G9.06c	viable
SPAC4G9.07	viable
SPAC4G9.08c	inviable
SPAC4G9.09c	viable
SPAC4G9.10	viable
SPAC4G9.11c	viable
SPAC4G9.12	viable
SPAC4G9.13c	viable
SPAC4G9.14	viable
SPAC4G9.15	viable
SPAC4G9.16c	viable
SPAC4G9.17c	inviable
SPAC4G9.19	viable
SPAC4G9.20c	viable
SPAC4G9.22	unknown
SPAC4H3.01	viable
SPAC4H3.02c	viable
SPAC4H3.03c	viable
SPAC4H3.04c	viable
SPAC4H3.05	viable
SPAC4H3.06	viable
SPAC4H3.07c	viable
SPAC4H3.08	inviable
SPAC4H3.09	inviable
SPAC4H3.10c	inviable
SPAC4H3.11c	inviable
SPAC4H3.13	viable
SPAC4H3.14c	viable
SPAC4H3.16	unknown
SPAC4H3.17	unknown
SPAC513.01c	viable
SPAC513.02	viable
SPAC513.03	viable
SPAC513.04	viable
SPAC513.05	viable
SPAC513.06c	viable
SPAC513.07	viable
SPAC521.02	viable
SPAC521.03	viable
SPAC521.04c	viable
SPAC521.05	viable
SPAC56E4.02c	inviable
SPAC56E4.03	viable
SPAC56E4.04c	inviable
SPAC56E4.05	inviable
SPAC56E4.06c	viable
SPAC56E4.07	viable
SPAC56F8.02	viable
SPAC56F8.03	inviable
SPAC56F8.04c	condition-dependent
SPAC56F8.05c	viable
SPAC56F8.06c	viable
SPAC56F8.07	inviable
SPAC56F8.08	viable
SPAC56F8.09	viable
SPAC56F8.10	inviable
SPAC56F8.11	inviable
SPAC56F8.12	viable
SPAC56F8.13	unknown
SPAC56F8.14c	viable
SPAC56F8.15	unknown
SPAC56F8.16	viable
SPAC57A10.02	viable
SPAC57A10.03	viable
SPAC57A10.04	viable
SPAC57A10.05c	inviable
SPAC57A10.06	viable
SPAC57A10.07	viable
SPAC57A10.08c	viable
SPAC57A10.09c	viable
SPAC57A10.10c	viable
SPAC57A10.11c	inviable
SPAC57A10.12c	viable
SPAC57A10.14	viable
SPAC57A7.04c	viable
SPAC57A7.05	viable
SPAC57A7.06	inviable
SPAC57A7.07c	viable
SPAC57A7.08	viable
SPAC57A7.09	viable
SPAC57A7.10c	inviable
SPAC57A7.11	inviable
SPAC57A7.12	viable
SPAC57A7.13	viable
SPAC57A7.15c	viable
SPAC589.02c	viable
SPAC589.03c	viable
SPAC589.04	inviable
SPAC589.05c	viable
SPAC589.06c	viable
SPAC589.07c	viable
SPAC589.08c	viable
SPAC589.09	viable
SPAC589.10c	viable
SPAC589.11	viable
SPAC589.12	viable
SPAC5D6.01	viable
SPAC5D6.02c	viable
SPAC5D6.04	viable
SPAC5D6.05	viable
SPAC5D6.06c	viable
SPAC5D6.07c	viable
SPAC5D6.08c	viable
SPAC5D6.09c	viable
SPAC5D6.10c	viable
SPAC5D6.12	viable
SPAC5D6.13	viable
SPAC5H10.01	viable
SPAC5H10.02c	viable
SPAC5H10.03	viable
SPAC5H10.04	viable
SPAC5H10.05c	viable
SPAC5H10.06c	viable
SPAC5H10.07	viable
SPAC5H10.08c	viable
SPAC5H10.09c	viable
SPAC5H10.10	viable
SPAC5H10.11	viable
SPAC5H10.12c	viable
SPAC5H10.13c	viable
SPAC607.02c	viable
SPAC607.03c	inviable
SPAC607.04	inviable
SPAC607.05	inviable
SPAC607.06c	viable
SPAC607.07c	viable
SPAC607.08c	viable
SPAC607.09c	viable
SPAC607.10	viable
SPAC630.03	inviable
SPAC630.04c	viable
SPAC630.05	viable
SPAC630.06c	viable
SPAC630.07c	viable
SPAC630.08c	inviable
SPAC630.09c	viable
SPAC630.10	viable
SPAC630.11	viable
SPAC630.12	inviable
SPAC630.13c	viable
SPAC630.14c	viable
SPAC630.15	viable
SPAC631.01c	viable
SPAC631.02	viable
SPAC637.03	viable
SPAC637.04	inviable
SPAC637.05c	inviable
SPAC637.06	viable
SPAC637.07	viable
SPAC637.08	inviable
SPAC637.09	viable
SPAC637.10c	viable
SPAC637.11	viable
SPAC637.12c	inviable
SPAC637.13c	viable
SPAC644.04	inviable
SPAC644.05c	inviable
SPAC644.06c	viable
SPAC644.07	viable
SPAC644.08	viable
SPAC644.09	viable
SPAC644.10	inviable
SPAC644.11c	viable
SPAC644.12	inviable
SPAC644.13c	viable
SPAC644.14c	viable
SPAC644.15	viable
SPAC644.16	inviable
SPAC644.17c	inviable
SPAC644.18c	inviable
SPAC652.01	viable
SPAC664.01c	viable
SPAC664.02c	viable
SPAC664.03	viable
SPAC664.04c	viable
SPAC664.05	inviable
SPAC664.06	inviable
SPAC664.07c	viable
SPAC664.08c	inviable
SPAC664.09	inviable
SPAC664.10	viable
SPAC664.11	inviable
SPAC664.12c	viable
SPAC664.13	viable
SPAC664.14	viable
SPAC664.15	viable
SPAC683.02c	viable
SPAC683.03	viable
SPAC688.02c	inviable
SPAC688.03c	viable
SPAC688.04c	viable
SPAC688.06c	viable
SPAC688.07c	viable
SPAC688.08	viable
SPAC688.09	inviable
SPAC688.10	viable
SPAC688.11	condition-dependent
SPAC688.12c	viable
SPAC688.13	viable
SPAC688.14	viable
SPAC688.16	viable
SPAC694.02	viable
SPAC694.03	viable
SPAC694.04c	viable
SPAC694.05c	viable
SPAC694.06c	viable
SPAC6B12.02c	viable
SPAC6B12.03c	viable
SPAC6B12.04c	viable
SPAC6B12.05c	viable
SPAC6B12.06c	viable
SPAC6B12.07c	viable
SPAC6B12.08	viable
SPAC6B12.09	viable
SPAC6B12.10c	inviable
SPAC6B12.11	inviable
SPAC6B12.12	viable
SPAC6B12.13	inviable
SPAC6B12.14c	viable
SPAC6B12.15	viable
SPAC6B12.16	viable
SPAC6B12.18	condition-dependent
SPAC6B12.19	viable
SPAC6C3.02c	viable
SPAC6C3.03c	viable
SPAC6C3.04	viable
SPAC6C3.05	viable
SPAC6C3.06c	viable
SPAC6C3.07	viable
SPAC6C3.08	viable
SPAC6C3.09	inviable
SPAC6F12.02	viable
SPAC6F12.03c	viable
SPAC6F12.04	viable
SPAC6F12.05c	inviable
SPAC6F12.06	viable
SPAC6F12.07	inviable
SPAC6F12.08c	inviable
SPAC6F12.09	viable
SPAC6F12.10c	viable
SPAC6F12.11c	inviable
SPAC6F12.12	viable
SPAC6F12.13c	inviable
SPAC6F12.14	inviable
SPAC6F12.15c	inviable
SPAC6F12.16c	inviable
SPAC6F12.17	inviable
SPAC6F6.01	viable
SPAC6F6.02c	viable
SPAC6F6.03c	viable
SPAC6F6.04c	viable
SPAC6F6.05	inviable
SPAC6F6.06c	viable
SPAC6F6.07c	inviable
SPAC6F6.08c	inviable
SPAC6F6.09	viable
SPAC6F6.10c	inviable
SPAC6F6.11c	viable
SPAC6F6.12	viable
SPAC6F6.13c	viable
SPAC6F6.15	condition-dependent
SPAC6F6.16c	inviable
SPAC6F6.17	viable
SPAC6F6.19	unknown
SPAC6G10.02c	viable
SPAC6G10.03c	viable
SPAC6G10.04c	inviable
SPAC6G10.05c	inviable
SPAC6G10.06	viable
SPAC6G10.07	inviable
SPAC6G10.08	viable
SPAC6G10.09	condition-dependent
SPAC6G10.10c	viable
SPAC6G10.11c	viable
SPAC6G10.12c	viable
SPAC6G9.01c	viable
SPAC6G9.02c	inviable
SPAC6G9.03c	viable
SPAC6G9.04	viable
SPAC6G9.05	viable
SPAC6G9.06c	inviable
SPAC6G9.07c	inviable
SPAC6G9.08	viable
SPAC6G9.09c	viable
SPAC6G9.10c	viable
SPAC6G9.11	inviable
SPAC6G9.12	viable
SPAC6G9.13c	viable
SPAC6G9.14	viable
SPAC6G9.15c	viable
SPAC6G9.16c	viable
SPAC732.01	inviable
SPAC732.02c	viable
SPAC750.01	unknown
SPAC750.02c	viable
SPAC750.03c	viable
SPAC750.04c	unknown
SPAC750.05c	viable
SPAC750.06c	viable
SPAC750.07c	viable
SPAC750.08c	viable
SPAC767.01c	viable
SPAC7D4.02c	viable
SPAC7D4.03c	viable
SPAC7D4.04	viable
SPAC7D4.05	viable
SPAC7D4.06c	viable
SPAC7D4.07c	condition-dependent
SPAC7D4.08	viable
SPAC7D4.09c	inviable
SPAC7D4.10	inviable
SPAC7D4.11c	inviable
SPAC7D4.12c	viable
SPAC7D4.13c	viable
SPAC7D4.14c	viable
SPAC7D4.15c	inviable
SPAC806.02c	inviable
SPAC806.03c	viable
SPAC806.04c	viable
SPAC806.05	inviable
SPAC806.06c	condition-dependent
SPAC806.07	viable
SPAC806.08c	viable
SPAC806.11	unknown
SPAC821.03c	viable
SPAC821.04c	viable
SPAC821.05	viable
SPAC821.06	viable
SPAC821.07c	viable
SPAC821.08c	inviable
SPAC821.09	viable
SPAC821.10c	condition-dependent
SPAC821.11	viable
SPAC821.12	inviable
SPAC821.13c	viable
SPAC823.03	viable
SPAC823.04	inviable
SPAC823.05c	viable
SPAC823.06	inviable
SPAC823.07	inviable
SPAC823.08c	inviable
SPAC823.09c	viable
SPAC823.10c	viable
SPAC823.11	condition-dependent
SPAC823.12	condition-dependent
SPAC823.13c	viable
SPAC823.14	viable
SPAC823.15	viable
SPAC823.16c	viable
SPAC823.17	viable
SPAC824.02	viable
SPAC824.03c	viable
SPAC824.04	viable
SPAC824.05	condition-dependent
SPAC824.06	inviable
SPAC824.07	viable
SPAC824.08	viable
SPAC824.09c	viable
SPAC869.01	viable
SPAC869.02c	viable
SPAC869.03c	viable
SPAC869.04	viable
SPAC869.05c	viable
SPAC869.06c	viable
SPAC869.07c	viable
SPAC869.08	viable
SPAC869.09	viable
SPAC869.10c	viable
SPAC869.11	viable
SPAC890.02c	viable
SPAC890.03	viable
SPAC890.04c	inviable
SPAC890.05	viable
SPAC890.06	condition-dependent
SPAC890.07c	viable
SPAC890.08	inviable
SPAC8C9.03	viable
SPAC8C9.04	viable
SPAC8C9.05	viable
SPAC8C9.06c	viable
SPAC8C9.07	viable
SPAC8C9.08	viable
SPAC8C9.09c	viable
SPAC8C9.10c	viable
SPAC8C9.11	viable
SPAC8C9.12c	viable
SPAC8C9.14	viable
SPAC8C9.15c	inviable
SPAC8C9.16c	viable
SPAC8C9.17c	viable
SPAC8C9.19	viable
SPAC8E11.01c	viable
SPAC8E11.02c	viable
SPAC8E11.03c	viable
SPAC8E11.04c	viable
SPAC8E11.05c	viable
SPAC8E11.06	viable
SPAC8E11.07c	viable
SPAC8E11.08c	unknown
SPAC8E11.10	viable
SPAC8E11.12	viable
SPAC8F11.02c	viable
SPAC8F11.03	viable
SPAC8F11.04	inviable
SPAC8F11.05c	viable
SPAC8F11.06	inviable
SPAC8F11.07c	inviable
SPAC8F11.08c	viable
SPAC8F11.09c	viable
SPAC8F11.10c	viable
SPAC9.02c	viable
SPAC9.03c	inviable
SPAC9.04	unknown
SPAC9.05	viable
SPAC9.06c	viable
SPAC9.07c	viable
SPAC9.08c	viable
SPAC9.09	viable
SPAC9.10	viable
SPAC9.11	viable
SPAC9.12c	viable
SPAC9.13c	viable
SPAC922.03	viable
SPAC922.04	viable
SPAC922.05c	viable
SPAC922.06	viable
SPAC922.07c	viable
SPAC922.09	unknown
SPAC926.02	viable
SPAC926.03	condition-dependent
SPAC926.04c	inviable
SPAC926.05c	viable
SPAC926.06c	viable
SPAC926.07c	viable
SPAC926.08c	inviable
SPAC926.09c	viable
SPAC926.10	unknown
SPAC959.02	inviable
SPAC959.03c	inviable
SPAC959.04c	viable
SPAC959.05c	viable
SPAC959.06c	viable
SPAC959.07	viable
SPAC959.08	viable
SPAC959.09c	inviable
SPAC959.10	inviable
SPAC959.11	unknown
SPAC977.01	viable
SPAC977.02	viable
SPAC977.03	viable
SPAC977.04	unknown
SPAC977.05c	viable
SPAC977.06	viable
SPAC977.07c	viable
SPAC977.08	viable
SPAC977.09c	viable
SPAC977.10	viable
SPAC977.11	viable
SPAC977.12	viable
SPAC977.13c	unknown
SPAC977.14c	viable
SPAC977.15	viable
SPAC977.16c	viable
SPAC977.17	viable
SPAC977.18	unknown
SPAC9E9.01	unknown
SPAC9E9.02	unknown
SPAC9E9.03	viable
SPAC9E9.04	viable
SPAC9E9.05	viable
SPAC9E9.06c	inviable
SPAC9E9.07c	inviable
SPAC9E9.08	viable
SPAC9E9.09c	viable
SPAC9E9.10c	viable
SPAC9E9.11	viable
SPAC9E9.12c	viable
SPAC9E9.13	viable
SPAC9E9.14	viable
SPAC9E9.15	viable
SPAC9E9.17c	unknown
SPAC9G1.02	viable
SPAC9G1.03c	viable
SPAC9G1.04	viable
SPAC9G1.05	viable
SPAC9G1.06c	viable
SPAC9G1.07	viable
SPAC9G1.08c	viable
SPAC9G1.09	inviable
SPAC9G1.10c	viable
SPAC9G1.11c	viable
SPAC9G1.12	viable
SPAC9G1.13c	inviable
SPAC9G1.14	unknown
SPAC9G1.15c	inviable
SPACUNK12.02c	viable
SPACUNK4.06c	inviable
SPACUNK4.07c	viable
SPACUNK4.08	viable
SPACUNK4.09	viable
SPACUNK4.10	viable
SPACUNK4.11c	viable
SPACUNK4.12c	viable
SPACUNK4.13c	viable
SPACUNK4.14	viable
SPACUNK4.15	viable
SPACUNK4.16c	viable
SPACUNK4.17	viable
SPACUNK4.19	viable
SPACUNK4.20	unknown
SPAP11E10.01	viable
SPAP11E10.02c	viable
SPAP14E8.02	viable
SPAP14E8.03	inviable
SPAP14E8.04	viable
SPAP14E8.05c	viable
SPAP19A11.05c	inviable
SPAP27G11.02	viable
SPAP27G11.03	inviable
SPAP27G11.04c	inviable
SPAP27G11.05c	viable
SPAP27G11.06c	viable
SPAP27G11.07c	condition-dependent
SPAP27G11.08c	viable
SPAP27G11.09c	inviable
SPAP27G11.10c	viable
SPAP27G11.11c	unknown
SPAP27G11.12	viable
SPAP27G11.13c	inviable
SPAP27G11.14c	viable
SPAP27G11.15	viable
SPAP27G11.16	viable
SPAP32A8.02	viable
SPAP32A8.03c	viable
SPAP4C9.02	viable
SPAP7G5.02c	inviable
SPAP7G5.03	viable
SPAP7G5.04c	viable
SPAP7G5.05	viable
SPAP7G5.06	viable
SPAP8A3.02c	viable
SPAP8A3.03	viable
SPAP8A3.04c	viable
SPAP8A3.05	viable
SPAP8A3.06	inviable
SPAP8A3.07c	viable
SPAP8A3.08	inviable
SPAP8A3.09c	inviable
SPAP8A3.10	inviable
SPAP8A3.11c	inviable
SPAP8A3.12c	viable
SPAP8A3.13c	viable
SPAP8A3.14c	viable
SPAPB15E9.01c	viable
SPAPB15E9.02c	unknown
SPAPB15E9.03c	unknown
SPAPB15E9.06	unknown
SPAPB17E12.02	viable
SPAPB17E12.03	viable
SPAPB17E12.04c	viable
SPAPB17E12.05	viable
SPAPB17E12.06	unknown
SPAPB17E12.07c	inviable
SPAPB17E12.08	viable
SPAPB17E12.09	inviable
SPAPB17E12.10c	inviable
SPAPB17E12.11	inviable
SPAPB17E12.12c	viable
SPAPB17E12.13	viable
SPAPB17E12.14c	viable
SPAPB18E9.01	viable
SPAPB18E9.02c	viable
SPAPB18E9.04c	viable
SPAPB18E9.05c	unknown
SPAPB1A10.02	inviable
SPAPB1A10.03	viable
SPAPB1A10.04c	inviable
SPAPB1A10.05	viable
SPAPB1A10.06c	inviable
SPAPB1A10.07c	viable
SPAPB1A10.08	viable
SPAPB1A10.09	viable
SPAPB1A10.10c	viable
SPAPB1A10.11c	inviable
SPAPB1A10.12c	viable
SPAPB1A10.13	viable
SPAPB1A10.14	viable
SPAPB1A10.15	viable
SPAPB1A10.16	viable
SPAPB1A11.01	viable
SPAPB1A11.02	viable
SPAPB1A11.03	viable
SPAPB1A11.04c	viable
SPAPB1A11.06	unknown
SPAPB1E7.01c	inviable
SPAPB1E7.02c	condition-dependent
SPAPB1E7.03	inviable
SPAPB1E7.04c	viable
SPAPB1E7.05	viable
SPAPB1E7.06c	viable
SPAPB1E7.07	viable
SPAPB1E7.08c	viable
SPAPB1E7.09	condition-dependent
SPAPB1E7.10	inviable
SPAPB1E7.11c	viable
SPAPB1E7.12	viable
SPAPB1E7.14	unknown
SPAPB21F2.02	viable
SPAPB21F2.03	viable
SPAPB24D3.01	viable
SPAPB24D3.02c	viable
SPAPB24D3.03	viable
SPAPB24D3.04c	viable
SPAPB24D3.05c	unknown
SPAPB24D3.06c	inviable
SPAPB24D3.07c	viable
SPAPB24D3.08c	viable
SPAPB24D3.09c	viable
SPAPB24D3.10c	viable
SPAPB2B4.01c	inviable
SPAPB2B4.02	condition-dependent
SPAPB2B4.03	viable
SPAPB2B4.04c	viable
SPAPB2B4.05	inviable
SPAPB2B4.06	viable
SPAPB2B4.07	viable
SPAPB2C8.01	viable
SPAPB8E5.02c	viable
SPAPB8E5.03	viable
SPAPB8E5.04c	viable
SPAPB8E5.05	viable
SPAPB8E5.06c	viable
SPAPB8E5.07c	inviable
SPAPB8E5.08	viable
SPAPB8E5.09	inviable
SPAPB8E5.10	viable
SPAPJ691.02	viable
SPAPJ691.03	viable
SPAPJ695.01c	viable
SPAPJ695.02	viable
SPAPJ696.01c	viable
SPAPJ696.02	viable
SPAPJ698.02c	viable
SPAPJ698.03c	inviable
SPAPJ760.02c	viable
SPAPJ760.03c	viable
SPAPYUG7.02c	viable
SPAPYUG7.03c	viable
SPAPYUG7.04c	viable
SPAPYUG7.05	inviable
SPAPYUG7.06	viable
SPAPYUK71.03c	viable
SPATRNAALA.01	unknown
SPATRNAALA.02	unknown
SPATRNAALA.03	viable
SPATRNAALA.04	unknown
SPATRNAALA.05	unknown
SPATRNAALA.06	unknown
SPATRNAARG.01	unknown
SPATRNAARG.02	unknown
SPATRNAARG.03	unknown
SPATRNAASP.01	unknown
SPATRNAASP.02	unknown
SPATRNACYS.01	unknown
SPATRNACYS.02	unknown
SPATRNACYS.03	unknown
SPATRNAGLU.01	unknown
SPATRNAGLU.02	unknown
SPATRNAGLU.03	unknown
SPATRNAGLU.04	unknown
SPATRNAGLY.01	unknown
SPATRNAGLY.02	unknown
SPATRNAILE.01	unknown
SPATRNAILE.02	unknown
SPATRNAILE.03	unknown
SPATRNAILE.04	unknown
SPATRNALEU.01	unknown
SPATRNALEU.02	unknown
SPATRNALEU.03	unknown
SPATRNALEU.04	unknown
SPATRNALYS.01	unknown
SPATRNALYS.02	unknown
SPATRNALYS.03	unknown
SPATRNALYS.04	unknown
SPATRNALYS.05	unknown
SPATRNAMET.01	unknown
SPATRNAMET.02	unknown
SPATRNAMET.03	unknown
SPATRNAPHE.01	unknown
SPATRNAPHE.02	unknown
SPATRNAPRO.01	unknown
SPATRNAPRO.02	unknown
SPATRNAPRO.03	unknown
SPATRNASER.01	unknown
SPATRNASER.02	unknown
SPATRNASER.03	unknown
SPATRNASER.04	unknown
SPATRNATHR.01	unknown
SPATRNATHR.02	unknown
SPATRNATHR.03	unknown
SPATRNATHR.04	unknown
SPATRNATHR.05	unknown
SPATRNATRP.01	unknown
SPATRNATYR.01	unknown
SPATRNAVAL.01	unknown
SPATRNAVAL.02	unknown
SPATRNAVAL.03	unknown
SPATRNAVAL.04	unknown
SPBC106.01	viable
SPBC106.02c	viable
SPBC106.03	viable
SPBC106.04	viable
SPBC106.05c	viable
SPBC106.06	inviable
SPBC106.07c	viable
SPBC106.08c	viable
SPBC106.09	inviable
SPBC106.10	viable
SPBC106.11c	viable
SPBC106.12c	viable
SPBC106.13	viable
SPBC106.14c	inviable
SPBC106.15	inviable
SPBC106.16	viable
SPBC106.17c	viable
SPBC106.18	inviable
SPBC106.19	viable
SPBC106.20	condition-dependent
SPBC1105.01	viable
SPBC1105.02c	viable
SPBC1105.03c	inviable
SPBC1105.04c	viable
SPBC1105.05	viable
SPBC1105.06	inviable
SPBC1105.07c	inviable
SPBC1105.08	viable
SPBC1105.09	viable
SPBC1105.10	viable
SPBC1105.11c	viable
SPBC1105.12	viable
SPBC1105.13c	viable
SPBC1105.14	viable
SPBC1105.15c	viable
SPBC1105.16c	inviable
SPBC1105.17	inviable
SPBC1105.18c	viable
SPBC1105.19	unknown
SPBC115.01c	inviable
SPBC115.02c	viable
SPBC115.03	viable
SPBC119.01	inviable
SPBC119.02	inviable
SPBC119.03	viable
SPBC119.04	viable
SPBC119.05c	viable
SPBC119.06	viable
SPBC119.07	viable
SPBC119.08	viable
SPBC119.09c	inviable
SPBC119.10	viable
SPBC119.11c	inviable
SPBC119.12	viable
SPBC119.13c	inviable
SPBC119.14	viable
SPBC119.15	inviable
SPBC119.16c	viable
SPBC119.17	condition-dependent
SPBC119.18	inviable
SPBC1198.01	viable
SPBC1198.02	inviable
SPBC1198.03c	viable
SPBC1198.04c	inviable
SPBC1198.05	inviable
SPBC1198.06c	viable
SPBC1198.07c	viable
SPBC1198.08	viable
SPBC1198.09	viable
SPBC1198.10c	inviable
SPBC1198.11c	viable
SPBC1198.12	viable
SPBC1198.13c	inviable
SPBC1198.14c	viable
SPBC11B10.01	inviable
SPBC11B10.02c	viable
SPBC11B10.03	inviable
SPBC11B10.04c	inviable
SPBC11B10.05c	viable
SPBC11B10.06	viable
SPBC11B10.07c	viable
SPBC11B10.08	viable
SPBC11B10.09	inviable
SPBC11B10.10c	viable
SPBC11C11.01	viable
SPBC11C11.02	viable
SPBC11C11.03	inviable
SPBC11C11.04c	inviable
SPBC11C11.05	inviable
SPBC11C11.06c	viable
SPBC11C11.07	viable
SPBC11C11.08	viable
SPBC11C11.09c	viable
SPBC11C11.10	viable
SPBC11C11.11c	viable
SPBC11G11.01	viable
SPBC11G11.02c	viable
SPBC11G11.03	viable
SPBC11G11.04	inviable
SPBC11G11.05	viable
SPBC11G11.06c	inviable
SPBC11G11.07	inviable
SPBC1215.01	viable
SPBC1215.02c	condition-dependent
SPBC1271.01c	viable
SPBC1271.02	inviable
SPBC1271.03c	viable
SPBC1271.04c	inviable
SPBC1271.05c	viable
SPBC1271.06c	viable
SPBC1271.07c	viable
SPBC1271.08c	viable
SPBC1271.09	viable
SPBC1271.10c	viable
SPBC1271.11	viable
SPBC1271.12	viable
SPBC1271.13	inviable
SPBC1271.14	viable
SPBC1271.15c	viable
SPBC1289.01c	viable
SPBC1289.02c	inviable
SPBC1289.03c	inviable
SPBC1289.04c	inviable
SPBC1289.05c	inviable
SPBC1289.06c	viable
SPBC1289.07c	inviable
SPBC1289.08	viable
SPBC1289.09	viable
SPBC1289.10c	viable
SPBC1289.11	viable
SPBC1289.12	inviable
SPBC1289.13c	viable
SPBC1289.14	viable
SPBC1289.15	viable
SPBC1289.16c	viable
SPBC1289.17	unknown
SPBC12C2.01c	viable
SPBC12C2.02c	viable
SPBC12C2.03c	viable
SPBC12C2.04	viable
SPBC12C2.05c	viable
SPBC12C2.06	inviable
SPBC12C2.07c	viable
SPBC12C2.08	viable
SPBC12C2.09c	viable
SPBC12C2.10c	inviable
SPBC12C2.11	inviable
SPBC12C2.12c	viable
SPBC12C2.13c	viable
SPBC12C2.14c	unknown
SPBC12D12.01	inviable
SPBC12D12.02c	viable
SPBC12D12.03	inviable
SPBC12D12.04c	viable
SPBC12D12.05c	viable
SPBC12D12.06	viable
SPBC12D12.07c	viable
SPBC12D12.08c	inviable
SPBC12D12.09	viable
SPBC1306.01c	inviable
SPBC1306.02	viable
SPBC1347.01c	viable
SPBC1347.02	viable
SPBC1347.03	viable
SPBC1347.04	inviable
SPBC1347.05c	inviable
SPBC1347.06c	viable
SPBC1347.07	viable
SPBC1347.08c	viable
SPBC1347.09	viable
SPBC1347.10	inviable
SPBC1347.11	viable
SPBC1347.12	viable
SPBC1347.13c	viable
SPBC1347.14c	unknown
SPBC1348.01	viable
SPBC1348.02	viable
SPBC1348.03	unknown
SPBC1348.04	viable
SPBC1348.05	viable
SPBC1348.06c	inviable
SPBC1348.07	viable
SPBC1348.08c	viable
SPBC1348.09	viable
SPBC1348.10c	viable
SPBC1348.11	unknown
SPBC1348.12	unknown
SPBC1348.14c	viable
SPBC1348.15	unknown
SPBC13A2.01c	inviable
SPBC13A2.02	condition-dependent
SPBC13A2.03	inviable
SPBC13A2.04c	viable
SPBC13E7.01	inviable
SPBC13E7.02	inviable
SPBC13E7.03c	viable
SPBC13E7.04	viable
SPBC13E7.05	inviable
SPBC13E7.06	viable
SPBC13E7.07	viable
SPBC13E7.08c	viable
SPBC13E7.09	viable
SPBC13E7.10c	inviable
SPBC13E7.11	viable
SPBC13G1.01c	inviable
SPBC13G1.02	viable
SPBC13G1.03c	viable
SPBC13G1.04c	viable
SPBC13G1.05	inviable
SPBC13G1.06c	inviable
SPBC13G1.07	inviable
SPBC13G1.08c	viable
SPBC13G1.09	inviable
SPBC13G1.10c	viable
SPBC13G1.11	inviable
SPBC13G1.12	viable
SPBC13G1.13	viable
SPBC13G1.14c	viable
SPBC13G1.15c	unknown
SPBC13G1.16	viable
SPBC146.01	inviable
SPBC146.02	viable
SPBC146.03c	inviable
SPBC146.04	viable
SPBC146.05c	inviable
SPBC146.06c	viable
SPBC146.07	inviable
SPBC146.08c	viable
SPBC146.09c	viable
SPBC146.10	viable
SPBC146.11c	viable
SPBC146.12	condition-dependent
SPBC146.13c	condition-dependent
SPBC146.14c	inviable
SPBC14C8.01c	inviable
SPBC14C8.02	inviable
SPBC14C8.03	viable
SPBC14C8.04	viable
SPBC14C8.05c	viable
SPBC14C8.06	inviable
SPBC14C8.07c	inviable
SPBC14C8.09c	viable
SPBC14C8.10	inviable
SPBC14C8.11c	viable
SPBC14C8.12	inviable
SPBC14C8.13	viable
SPBC14C8.14c	inviable
SPBC14C8.15	viable
SPBC14C8.16c	condition-dependent
SPBC14C8.17c	viable
SPBC14C8.19	viable
SPBC14F5.01	unknown
SPBC14F5.02	inviable
SPBC14F5.03c	viable
SPBC14F5.04c	inviable
SPBC14F5.05c	inviable
SPBC14F5.06	inviable
SPBC14F5.07	viable
SPBC14F5.08	inviable
SPBC14F5.09c	viable
SPBC14F5.10c	viable
SPBC14F5.11c	viable
SPBC14F5.12c	viable
SPBC14F5.13c	viable
SPBC1539.01c	inviable
SPBC1539.02	viable
SPBC1539.03c	viable
SPBC1539.04	viable
SPBC1539.05	inviable
SPBC1539.06	viable
SPBC1539.07c	viable
SPBC1539.08	viable
SPBC1539.09c	inviable
SPBC1539.10	viable
SPBC15C4.01c	viable
SPBC15C4.02	viable
SPBC15C4.03	inviable
SPBC15C4.04c	viable
SPBC15C4.05	viable
SPBC15C4.06c	viable
SPBC15D4.01c	viable
SPBC15D4.02	viable
SPBC15D4.03	condition-dependent
SPBC15D4.04	inviable
SPBC15D4.05	viable
SPBC15D4.06	viable
SPBC15D4.07c	viable
SPBC15D4.08c	unknown
SPBC15D4.09c	viable
SPBC15D4.10c	viable
SPBC15D4.11c	inviable
SPBC15D4.12c	viable
SPBC15D4.13c	viable
SPBC15D4.14	inviable
SPBC15D4.15	viable
SPBC1604.01	viable
SPBC1604.02c	viable
SPBC1604.03c	viable
SPBC1604.04	viable
SPBC1604.05	inviable
SPBC1604.06c	inviable
SPBC1604.07	viable
SPBC1604.08c	condition-dependent
SPBC1604.09c	viable
SPBC1604.10	inviable
SPBC1604.11	viable
SPBC1604.12	viable
SPBC1604.13c	inviable
SPBC1604.14c	inviable
SPBC1604.15	inviable
SPBC1604.16c	viable
SPBC1604.17c	inviable
SPBC1604.18c	viable
SPBC1604.19c	viable
SPBC1604.20c	viable
SPBC1604.21c	inviable
SPBC1604.25	viable
SPBC1652.01	viable
SPBC1652.02	viable
SPBC1677.02	inviable
SPBC1677.03c	inviable
SPBC1683.01	viable
SPBC1683.02	viable
SPBC1683.03c	viable
SPBC1683.04	viable
SPBC1683.05	viable
SPBC1683.06c	viable
SPBC1683.07	viable
SPBC1683.08	viable
SPBC1683.09c	viable
SPBC1683.10c	viable
SPBC1683.11c	viable
SPBC1683.12	viable
SPBC1683.13c	viable
SPBC1685.01	viable
SPBC1685.02c	viable
SPBC1685.03	inviable
SPBC1685.04	viable
SPBC1685.05	viable
SPBC1685.06	viable
SPBC1685.07c	viable
SPBC1685.08	viable
SPBC1685.09	viable
SPBC1685.10	viable
SPBC1685.11	viable
SPBC1685.13	viable
SPBC1685.14c	viable
SPBC1685.15c	viable
SPBC1685.16	inviable
SPBC1685.17	unknown
SPBC16A3.01	viable
SPBC16A3.02c	viable
SPBC16A3.03c	viable
SPBC16A3.04	inviable
SPBC16A3.05c	condition-dependent
SPBC16A3.06	viable
SPBC16A3.07c	viable
SPBC16A3.08c	viable
SPBC16A3.09c	inviable
SPBC16A3.10	viable
SPBC16A3.11	inviable
SPBC16A3.12c	viable
SPBC16A3.13	viable
SPBC16A3.14	viable
SPBC16A3.15c	inviable
SPBC16A3.16	viable
SPBC16A3.17c	viable
SPBC16A3.18	viable
SPBC16A3.19	viable
SPBC16C6.01c	viable
SPBC16C6.02c	viable
SPBC16C6.03c	viable
SPBC16C6.04	viable
SPBC16C6.05	viable
SPBC16C6.06	viable
SPBC16C6.07c	inviable
SPBC16C6.08c	viable
SPBC16C6.09	viable
SPBC16C6.10	viable
SPBC16C6.11	viable
SPBC16C6.12c	inviable
SPBC16C6.13c	inviable
SPBC16C6.14	viable
SPBC16D10.01c	viable
SPBC16D10.02	viable
SPBC16D10.03	viable
SPBC16D10.04c	inviable
SPBC16D10.05	viable
SPBC16D10.06	viable
SPBC16D10.07c	viable
SPBC16D10.08c	viable
SPBC16D10.09	inviable
SPBC16D10.10	inviable
SPBC16D10.11c	viable
SPBC16E9.01c	viable
SPBC16E9.02c	viable
SPBC16E9.03c	viable
SPBC16E9.05	condition-dependent
SPBC16E9.06c	viable
SPBC16E9.07	viable
SPBC16E9.08	viable
SPBC16E9.09c	viable
SPBC16E9.10c	inviable
SPBC16E9.11c	viable
SPBC16E9.12c	viable
SPBC16E9.13	viable
SPBC16E9.14c	viable
SPBC16E9.15	viable
SPBC16E9.16c	viable
SPBC16E9.17c	viable
SPBC16E9.18	viable
SPBC16E9.19	viable
SPBC16E9.20	unknown
SPBC16G5.01	inviable
SPBC16G5.02c	viable
SPBC16G5.03	viable
SPBC16G5.04	inviable
SPBC16G5.05c	viable
SPBC16G5.06	viable
SPBC16G5.07c	viable
SPBC16G5.08	inviable
SPBC16G5.09	viable
SPBC16G5.10	inviable
SPBC16G5.11c	viable
SPBC16G5.12c	inviable
SPBC16G5.13	viable
SPBC16G5.14c	inviable
SPBC16G5.15c	viable
SPBC16G5.16	viable
SPBC16G5.17	viable
SPBC16G5.18	inviable
SPBC16G5.19	viable
SPBC16H5.02	condition-dependent
SPBC16H5.03c	viable
SPBC16H5.04	viable
SPBC16H5.05c	viable
SPBC16H5.06	viable
SPBC16H5.07c	viable
SPBC16H5.08c	viable
SPBC16H5.09c	viable
SPBC16H5.10c	inviable
SPBC16H5.11c	viable
SPBC16H5.12c	viable
SPBC16H5.13	viable
SPBC16H5.14c	unknown
SPBC16H5.15	inviable
SPBC1703.01c	inviable
SPBC1703.02	inviable
SPBC1703.03c	viable
SPBC1703.04	viable
SPBC1703.05	inviable
SPBC1703.06	viable
SPBC1703.07	viable
SPBC1703.08c	viable
SPBC1703.09	viable
SPBC1703.10	inviable
SPBC1703.11	viable
SPBC1703.12	viable
SPBC1703.13c	viable
SPBC1703.14c	viable
SPBC1703.15c	condition-dependent
SPBC1706.01	viable
SPBC1706.02c	unknown
SPBC1706.03	viable
SPBC1709.01	viable
SPBC1709.02c	inviable
SPBC1709.03	viable
SPBC1709.04c	viable
SPBC1709.05	viable
SPBC1709.06	viable
SPBC1709.07	inviable
SPBC1709.08	inviable
SPBC1709.09	viable
SPBC1709.10c	viable
SPBC1709.11c	viable
SPBC1709.12	viable
SPBC1709.13c	viable
SPBC1709.14	viable
SPBC1709.15c	inviable
SPBC1709.16c	viable
SPBC1709.17	inviable
SPBC1709.18	viable
SPBC1709.19c	unknown
SPBC1709.20	inviable
SPBC1711.01c	viable
SPBC1711.02	viable
SPBC1711.03	viable
SPBC1711.04	viable
SPBC1711.05	viable
SPBC1711.06	viable
SPBC1711.07	inviable
SPBC1711.08	viable
SPBC1711.09c	viable
SPBC1711.10c	inviable
SPBC1711.11	viable
SPBC1711.12	viable
SPBC1711.13	viable
SPBC1711.14	viable
SPBC1711.15c	viable
SPBC1711.16	inviable
SPBC1711.17	inviable
SPBC1711.18	unknown
SPBC1718.01	viable
SPBC1718.02	viable
SPBC1718.03	viable
SPBC1718.04	inviable
SPBC1718.05	inviable
SPBC1718.06	condition-dependent
SPBC1718.07c	viable
SPBC1734.01c	inviable
SPBC1734.02c	inviable
SPBC1734.03	inviable
SPBC1734.04	viable
SPBC1734.05c	viable
SPBC1734.06	viable
SPBC1734.07c	viable
SPBC1734.08	viable
SPBC1734.09	viable
SPBC1734.10c	inviable
SPBC1734.11	condition-dependent
SPBC1734.12c	viable
SPBC1734.13	viable
SPBC1734.14c	inviable
SPBC1734.15	viable
SPBC1734.16c	inviable
SPBC1773.01	viable
SPBC1773.02c	viable
SPBC1773.03c	viable
SPBC1773.04	viable
SPBC1773.05c	viable
SPBC1773.06c	viable
SPBC1773.07c	inviable
SPBC1773.08c	viable
SPBC1773.09c	viable
SPBC1773.10c	inviable
SPBC1773.11c	inviable
SPBC1773.12	viable
SPBC1773.13	viable
SPBC1773.14	viable
SPBC1773.15	viable
SPBC1773.16c	viable
SPBC1773.17c	viable
SPBC1778.01c	viable
SPBC1778.02	viable
SPBC1778.03c	viable
SPBC1778.04	viable
SPBC1778.05c	viable
SPBC1778.06c	viable
SPBC1778.07	viable
SPBC1778.08c	inviable
SPBC1778.09	viable
SPBC1778.10c	viable
SPBC17A3.01c	inviable
SPBC17A3.02	viable
SPBC17A3.03c	viable
SPBC17A3.04c	inviable
SPBC17A3.05c	viable
SPBC17A3.06	viable
SPBC17A3.07	condition-dependent
SPBC17A3.08	viable
SPBC17A3.09c	viable
SPBC17A3.10	viable
SPBC17D1.01	inviable
SPBC17D1.02	viable
SPBC17D1.03c	inviable
SPBC17D1.04	inviable
SPBC17D1.05	viable
SPBC17D1.06	viable
SPBC17D1.07c	viable
SPBC17D1.17	unknown
SPBC17D11.01	viable
SPBC17D11.02c	viable
SPBC17D11.03c	viable
SPBC17D11.04c	viable
SPBC17D11.05	inviable
SPBC17D11.06	inviable
SPBC17D11.07c	inviable
SPBC17D11.08	viable
SPBC17F3.01c	viable
SPBC17F3.02	inviable
SPBC17G9.02c	viable
SPBC17G9.03c	inviable
SPBC17G9.04c	inviable
SPBC17G9.05	inviable
SPBC17G9.06c	viable
SPBC17G9.07	viable
SPBC17G9.08c	viable
SPBC17G9.09	viable
SPBC17G9.10	viable
SPBC17G9.11c	inviable
SPBC17G9.12c	viable
SPBC17G9.13c	inviable
SPBC1815.01	viable
SPBC1826.01c	inviable
SPBC1861.01c	viable
SPBC1861.02	viable
SPBC1861.03	viable
SPBC1861.04c	inviable
SPBC1861.05	condition-dependent
SPBC1861.06c	viable
SPBC1861.07	viable
SPBC1861.08c	inviable
SPBC1861.09	viable
SPBC18A7.01	viable
SPBC18A7.02c	viable
SPBC18E5.01	viable
SPBC18E5.02c	inviable
SPBC18E5.03c	inviable
SPBC18E5.04	viable
SPBC18E5.05c	viable
SPBC18E5.06	inviable
SPBC18E5.07	viable
SPBC18E5.08	viable
SPBC18E5.09c	viable
SPBC18E5.10	viable
SPBC18E5.11c	viable
SPBC18E5.12c	inviable
SPBC18E5.13	viable
SPBC18E5.14c	viable
SPBC18E5.15	unknown
SPBC18H10.02	viable
SPBC18H10.03	inviable
SPBC18H10.04c	viable
SPBC18H10.05	viable
SPBC18H10.06c	viable
SPBC18H10.07	viable
SPBC18H10.08c	viable
SPBC18H10.09	viable
SPBC18H10.10c	viable
SPBC18H10.11c	viable
SPBC18H10.12c	inviable
SPBC18H10.13	viable
SPBC18H10.14	condition-dependent
SPBC18H10.15	viable
SPBC18H10.16	viable
SPBC18H10.17c	inviable
SPBC18H10.18c	viable
SPBC18H10.19	viable
SPBC18H10.20c	viable
SPBC1921.01c	viable
SPBC1921.02	inviable
SPBC1921.03c	viable
SPBC1921.04c	viable
SPBC1921.05	viable
SPBC1921.06c	viable
SPBC1921.07c	viable
SPBC19C2.01	inviable
SPBC19C2.02	viable
SPBC19C2.03	inviable
SPBC19C2.04c	viable
SPBC19C2.05	inviable
SPBC19C2.06c	viable
SPBC19C2.07	inviable
SPBC19C2.08	inviable
SPBC19C2.09	viable
SPBC19C2.10	viable
SPBC19C2.11c	inviable
SPBC19C2.12	inviable
SPBC19C2.13c	viable
SPBC19C2.14	viable
SPBC19C2.15c	inviable
SPBC19C7.01	viable
SPBC19C7.02	viable
SPBC19C7.03	viable
SPBC19C7.04c	viable
SPBC19C7.05	viable
SPBC19C7.06	inviable
SPBC19C7.07c	inviable
SPBC19C7.08c	viable
SPBC19C7.09c	viable
SPBC19C7.10	viable
SPBC19C7.11	viable
SPBC19C7.12c	viable
SPBC19F5.01c	viable
SPBC19F5.02c	inviable
SPBC19F5.03	inviable
SPBC19F5.04	inviable
SPBC19F5.05c	inviable
SPBC19F8.01c	viable
SPBC19F8.02	viable
SPBC19F8.03c	viable
SPBC19F8.04c	viable
SPBC19F8.05	inviable
SPBC19F8.06c	viable
SPBC19F8.07	inviable
SPBC19F8.08	viable
SPBC19G7.01c	viable
SPBC19G7.02	viable
SPBC19G7.03c	viable
SPBC19G7.04	viable
SPBC19G7.05c	inviable
SPBC19G7.06	viable
SPBC19G7.07c	viable
SPBC19G7.08c	viable
SPBC19G7.09	viable
SPBC19G7.10c	viable
SPBC19G7.13	inviable
SPBC19G7.14c	inviable
SPBC19G7.15	inviable
SPBC19G7.16	viable
SPBC19G7.17	viable
SPBC19G7.18c	viable
SPBC19G7.19	unknown
SPBC1A4.01	inviable
SPBC1A4.02c	viable
SPBC1A4.03c	inviable
SPBC1A4.04	viable
SPBC1A4.05	viable
SPBC1A4.06c	inviable
SPBC1A4.07c	inviable
SPBC1A4.08c	inviable
SPBC1A4.09	viable
SPBC1A4.10c	inviable
SPBC1A4.11c	inviable
SPBC1D7.01	viable
SPBC1D7.02c	viable
SPBC1D7.03	viable
SPBC1D7.04	viable
SPBC1D7.05	viable
SPBC1E8.02	viable
SPBC1E8.03c	viable
SPBC1E8.04	unknown
SPBC1E8.05	viable
SPBC20F10.01	inviable
SPBC20F10.02c	viable
SPBC20F10.03	viable
SPBC20F10.04c	inviable
SPBC20F10.05	viable
SPBC20F10.06	viable
SPBC20F10.07	viable
SPBC20F10.08c	inviable
SPBC20F10.09	inviable
SPBC20F10.10	viable
SPBC21.01	inviable
SPBC21.02	viable
SPBC21.03c	viable
SPBC21.04	inviable
SPBC21.05c	viable
SPBC21.06c	inviable
SPBC21.07c	viable
SPBC211.01	inviable
SPBC211.02c	inviable
SPBC211.03c	inviable
SPBC211.04c	inviable
SPBC211.05	unknown
SPBC211.06	viable
SPBC211.07c	viable
SPBC211.08c	inviable
SPBC215.01	viable
SPBC215.02	viable
SPBC215.03c	viable
SPBC215.04	viable
SPBC215.05	viable
SPBC215.06c	viable
SPBC215.07c	viable
SPBC215.08c	viable
SPBC215.09c	inviable
SPBC215.10	viable
SPBC215.11c	viable
SPBC215.12	inviable
SPBC215.13	viable
SPBC215.14c	viable
SPBC215.15	condition-dependent
SPBC216.01c	viable
SPBC216.02	viable
SPBC216.03	viable
SPBC216.04c	viable
SPBC216.05	viable
SPBC216.06c	viable
SPBC216.07c	inviable
SPBC21B10.02	viable
SPBC21B10.03c	viable
SPBC21B10.04c	viable
SPBC21B10.05c	viable
SPBC21B10.06c	viable
SPBC21B10.07	viable
SPBC21B10.08c	viable
SPBC21B10.09	viable
SPBC21B10.10	viable
SPBC21B10.11	inviable
SPBC21B10.12	viable
SPBC21B10.13c	viable
SPBC21B10.14	viable
SPBC21B10.15	viable
SPBC21C3.01c	viable
SPBC21C3.02c	viable
SPBC21C3.03	viable
SPBC21C3.04c	inviable
SPBC21C3.05	inviable
SPBC21C3.06	viable
SPBC21C3.07c	viable
SPBC21C3.08c	viable
SPBC21C3.09c	viable
SPBC21C3.10c	inviable
SPBC21C3.11	viable
SPBC21C3.12c	viable
SPBC21C3.13	viable
SPBC21C3.14c	viable
SPBC21C3.15c	viable
SPBC21C3.16c	viable
SPBC21C3.17c	viable
SPBC21C3.18	viable
SPBC21C3.19	viable
SPBC21C3.20c	viable
SPBC21D10.05c	inviable
SPBC21D10.06c	viable
SPBC21D10.07	viable
SPBC21D10.08c	viable
SPBC21D10.09c	viable
SPBC21D10.10	viable
SPBC21D10.11c	viable
SPBC21D10.12	viable
SPBC21H7.02	inviable
SPBC21H7.03c	viable
SPBC21H7.04	viable
SPBC21H7.05	inviable
SPBC21H7.06c	viable
SPBC21H7.07c	viable
SPBC23E6.01c	viable
SPBC23E6.02	viable
SPBC23E6.03c	viable
SPBC23E6.04c	inviable
SPBC23E6.05	viable
SPBC23E6.06c	inviable
SPBC23E6.07c	inviable
SPBC23E6.08	viable
SPBC23E6.09	condition-dependent
SPBC23E6.10c	viable
SPBC23G7.04c	viable
SPBC23G7.05	inviable
SPBC23G7.06c	viable
SPBC23G7.07c	viable
SPBC23G7.08c	viable
SPBC23G7.09	viable
SPBC23G7.10c	viable
SPBC23G7.11	viable
SPBC23G7.12c	condition-dependent
SPBC23G7.13c	viable
SPBC23G7.14	viable
SPBC23G7.15c	viable
SPBC23G7.16	viable
SPBC23G7.17c	viable
SPBC244.01c	inviable
SPBC244.02c	inviable
SPBC24C6.02	inviable
SPBC24C6.03	inviable
SPBC24C6.04	viable
SPBC24C6.05	viable
SPBC24C6.06	viable
SPBC24C6.07	inviable
SPBC24C6.08c	viable
SPBC24C6.09c	viable
SPBC24C6.10c	viable
SPBC24C6.11	viable
SPBC24C6.13	viable
SPBC25B2.01	viable
SPBC25B2.02c	viable
SPBC25B2.03	viable
SPBC25B2.04c	viable
SPBC25B2.05	inviable
SPBC25B2.06c	viable
SPBC25B2.07c	viable
SPBC25B2.08	viable
SPBC25B2.09c	inviable
SPBC25B2.10	viable
SPBC25B2.11	viable
SPBC25D12.02c	viable
SPBC25D12.03c	inviable
SPBC25D12.04	inviable
SPBC25D12.05	viable
SPBC25D12.06	viable
SPBC25H2.02	inviable
SPBC25H2.03	viable
SPBC25H2.04c	inviable
SPBC25H2.05	viable
SPBC25H2.06c	inviable
SPBC25H2.07	inviable
SPBC25H2.08c	viable
SPBC25H2.09	viable
SPBC25H2.10c	viable
SPBC25H2.11c	viable
SPBC25H2.12c	inviable
SPBC25H2.13c	inviable
SPBC25H2.14	viable
SPBC25H2.15	viable
SPBC25H2.16c	viable
SPBC25H2.18	viable
SPBC26H8.01	viable
SPBC26H8.02c	inviable
SPBC26H8.03	viable
SPBC26H8.04c	viable
SPBC26H8.05c	viable
SPBC26H8.06	condition-dependent
SPBC26H8.07c	inviable
SPBC26H8.08c	viable
SPBC26H8.09c	viable
SPBC26H8.10	inviable
SPBC26H8.11c	viable
SPBC26H8.12	viable
SPBC26H8.13c	viable
SPBC26H8.14c	viable
SPBC26H8.16	viable
SPBC27.01c	inviable
SPBC27.02c	viable
SPBC27.03	viable
SPBC27.04	viable
SPBC27.05	unknown
SPBC27.06c	viable
SPBC27.08c	viable
SPBC27B12.01c	inviable
SPBC27B12.02	inviable
SPBC27B12.03c	viable
SPBC27B12.04c	viable
SPBC27B12.05	viable
SPBC27B12.06	inviable
SPBC27B12.07	viable
SPBC27B12.08	viable
SPBC27B12.09c	viable
SPBC27B12.10c	viable
SPBC27B12.11c	viable
SPBC27B12.12c	inviable
SPBC27B12.13	inviable
SPBC27B12.14	viable
SPBC28E12.01c	inviable
SPBC28E12.02	viable
SPBC28E12.03	viable
SPBC28E12.04	viable
SPBC28E12.05	inviable
SPBC28E12.06c	viable
SPBC28F2.02	viable
SPBC28F2.03	viable
SPBC28F2.04c	inviable
SPBC28F2.05c	viable
SPBC28F2.06c	inviable
SPBC28F2.07	viable
SPBC28F2.08c	viable
SPBC28F2.09	inviable
SPBC28F2.10c	viable
SPBC28F2.11	viable
SPBC28F2.12	inviable
SPBC29A10.01	viable
SPBC29A10.02	viable
SPBC29A10.03c	viable
SPBC29A10.04	inviable
SPBC29A10.05	viable
SPBC29A10.06c	viable
SPBC29A10.07	viable
SPBC29A10.08	viable
SPBC29A10.09c	viable
SPBC29A10.10c	viable
SPBC29A10.11c	viable
SPBC29A10.12	viable
SPBC29A10.13	viable
SPBC29A10.14	viable
SPBC29A10.15	inviable
SPBC29A10.16c	viable
SPBC29A10.17	viable
SPBC29A3.01	viable
SPBC29A3.02c	viable
SPBC29A3.03c	viable
SPBC29A3.04	inviable
SPBC29A3.05	viable
SPBC29A3.06	inviable
SPBC29A3.07c	viable
SPBC29A3.08	viable
SPBC29A3.09c	viable
SPBC29A3.10c	viable
SPBC29A3.11c	viable
SPBC29A3.12	viable
SPBC29A3.13	viable
SPBC29A3.14c	viable
SPBC29A3.15c	inviable
SPBC29A3.16	inviable
SPBC29A3.17	viable
SPBC29A3.18	viable
SPBC29A3.21	viable
SPBC29B5.01	viable
SPBC29B5.02c	viable
SPBC29B5.03c	viable
SPBC29B5.04c	viable
SPBC2A9.02	viable
SPBC2A9.03	viable
SPBC2A9.04c	viable
SPBC2A9.05c	viable
SPBC2A9.06c	condition-dependent
SPBC2A9.07c	viable
SPBC2A9.08c	inviable
SPBC2A9.09	inviable
SPBC2A9.10	viable
SPBC2A9.11c	viable
SPBC2A9.12	inviable
SPBC2A9.13	viable
SPBC2A9.14	viable
SPBC2D10.03c	viable
SPBC2D10.04	viable
SPBC2D10.05	viable
SPBC2D10.06	viable
SPBC2D10.07c	viable
SPBC2D10.08c	inviable
SPBC2D10.09	viable
SPBC2D10.10c	viable
SPBC2D10.11c	condition-dependent
SPBC2D10.12	viable
SPBC2D10.13	viable
SPBC2D10.14c	viable
SPBC2D10.15c	viable
SPBC2D10.16	viable
SPBC2D10.17	viable
SPBC2D10.18	condition-dependent
SPBC2D10.19c	viable
SPBC2D10.20	viable
SPBC2F12.02c	inviable
SPBC2F12.03c	viable
SPBC2F12.04	viable
SPBC2F12.05c	viable
SPBC2F12.07c	viable
SPBC2F12.08c	inviable
SPBC2F12.09c	viable
SPBC2F12.10	inviable
SPBC2F12.11c	viable
SPBC2F12.12c	viable
SPBC2F12.13	viable
SPBC2F12.14c	inviable
SPBC2F12.15c	viable
SPBC2F12.17	unknown
SPBC2G2.01c	viable
SPBC2G2.02	viable
SPBC2G2.03c	viable
SPBC2G2.04c	inviable
SPBC2G2.05	viable
SPBC2G2.06c	viable
SPBC2G2.07c	viable
SPBC2G2.08	viable
SPBC2G2.09c	viable
SPBC2G2.10c	viable
SPBC2G2.11	inviable
SPBC2G2.12	inviable
SPBC2G2.13c	viable
SPBC2G2.14	viable
SPBC2G2.15c	viable
SPBC2G2.16	inviable
SPBC2G2.17c	viable
SPBC2G5.01	viable
SPBC2G5.02c	viable
SPBC2G5.03	viable
SPBC2G5.04c	viable
SPBC2G5.05	inviable
SPBC2G5.06c	condition-dependent
SPBC2G5.07c	inviable
SPBC30B4.01c	viable
SPBC30B4.02c	viable
SPBC30B4.03c	viable
SPBC30B4.04c	viable
SPBC30B4.05	inviable
SPBC30B4.06c	viable
SPBC30B4.07c	inviable
SPBC30B4.08	viable
SPBC30B4.09	viable
SPBC30D10.02	inviable
SPBC30D10.03c	viable
SPBC30D10.04	viable
SPBC30D10.05c	viable
SPBC30D10.06	inviable
SPBC30D10.07c	inviable
SPBC30D10.08	inviable
SPBC30D10.09c	viable
SPBC30D10.10c	viable
SPBC30D10.11	inviable
SPBC30D10.12c	inviable
SPBC30D10.13c	viable
SPBC30D10.14	viable
SPBC30D10.15	inviable
SPBC30D10.16	viable
SPBC30D10.17c	inviable
SPBC30D10.18c	viable
SPBC30D10.21	unknown
SPBC317.01	viable
SPBC31A8.01c	viable
SPBC31A8.02	unknown
SPBC31E1.01c	viable
SPBC31E1.02c	viable
SPBC31E1.03	inviable
SPBC31E1.04	condition-dependent
SPBC31E1.05	inviable
SPBC31E1.06	inviable
SPBC31F10.02	viable
SPBC31F10.03	viable
SPBC31F10.04c	inviable
SPBC31F10.05	viable
SPBC31F10.06c	inviable
SPBC31F10.07	viable
SPBC31F10.08	viable
SPBC31F10.09c	viable
SPBC31F10.10c	viable
SPBC31F10.11c	inviable
SPBC31F10.12	viable
SPBC31F10.13c	condition-dependent
SPBC31F10.14c	condition-dependent
SPBC31F10.15c	viable
SPBC31F10.16	viable
SPBC31F10.17c	viable
SPBC32C12.02	condition-dependent
SPBC32C12.03c	viable
SPBC32F12.01c	condition-dependent
SPBC32F12.02	viable
SPBC32F12.03c	viable
SPBC32F12.04	inviable
SPBC32F12.05c	viable
SPBC32F12.06	inviable
SPBC32F12.07c	viable
SPBC32F12.08c	viable
SPBC32F12.09	viable
SPBC32F12.10	inviable
SPBC32F12.11	viable
SPBC32F12.12c	viable
SPBC32F12.15	unknown
SPBC32F12.16	unknown
SPBC32H8.01c	viable
SPBC32H8.02c	viable
SPBC32H8.03	viable
SPBC32H8.04c	inviable
SPBC32H8.05	viable
SPBC32H8.06	viable
SPBC32H8.07	viable
SPBC32H8.08c	viable
SPBC32H8.09	viable
SPBC32H8.10	inviable
SPBC32H8.11	viable
SPBC32H8.12c	inviable
SPBC32H8.13c	viable
SPBC32H8.15	unknown
SPBC336.01	viable
SPBC336.02	inviable
SPBC336.03	viable
SPBC336.04	inviable
SPBC336.05c	viable
SPBC336.06c	viable
SPBC336.07	inviable
SPBC336.08	inviable
SPBC336.09c	inviable
SPBC336.10c	viable
SPBC336.11	inviable
SPBC336.12c	inviable
SPBC336.13c	viable
SPBC336.14c	viable
SPBC336.15	inviable
SPBC336.16	viable
SPBC337.02c	viable
SPBC337.03	viable
SPBC337.04	viable
SPBC337.05c	inviable
SPBC337.06c	inviable
SPBC337.07c	viable
SPBC337.08c	viable
SPBC337.09	viable
SPBC337.10c	viable
SPBC337.11	viable
SPBC337.12	inviable
SPBC337.13c	condition-dependent
SPBC337.14	inviable
SPBC337.15c	condition-dependent
SPBC337.16	viable
SPBC342.01c	viable
SPBC342.02	inviable
SPBC342.03	viable
SPBC342.04	viable
SPBC342.05	viable
SPBC342.06c	viable
SPBC354.01	viable
SPBC354.02c	inviable
SPBC354.03	viable
SPBC354.04	viable
SPBC354.05c	viable
SPBC354.06	inviable
SPBC354.07c	viable
SPBC354.08c	viable
SPBC354.09c	viable
SPBC354.10	viable
SPBC354.12	viable
SPBC354.13	viable
SPBC354.14c	viable
SPBC354.15	viable
SPBC359.01	viable
SPBC359.02	inviable
SPBC359.03c	viable
SPBC359.04c	viable
SPBC359.05	viable
SPBC359.06	viable
SPBC36.01c	viable
SPBC36.02c	viable
SPBC36.03c	viable
SPBC36.04	condition-dependent
SPBC36.05c	inviable
SPBC36.06c	condition-dependent
SPBC36.07	viable
SPBC36.08c	inviable
SPBC36.09	inviable
SPBC36.10	viable
SPBC36.11	viable
SPBC36.12c	inviable
SPBC365.01	viable
SPBC365.02c	viable
SPBC365.03c	viable
SPBC365.04c	viable
SPBC365.05c	inviable
SPBC365.06	viable
SPBC365.07c	viable
SPBC365.08c	viable
SPBC365.09c	inviable
SPBC365.10	viable
SPBC365.11	viable
SPBC365.12c	viable
SPBC365.13c	viable
SPBC365.14c	viable
SPBC365.15	inviable
SPBC365.16	viable
SPBC365.20c	viable
SPBC36B7.02	viable
SPBC36B7.03	viable
SPBC36B7.04	viable
SPBC36B7.05c	viable
SPBC36B7.06c	viable
SPBC36B7.07	condition-dependent
SPBC36B7.08c	viable
SPBC36B7.09	inviable
SPBC3B8.01c	inviable
SPBC3B8.02	viable
SPBC3B8.03	viable
SPBC3B8.04c	viable
SPBC3B8.05	viable
SPBC3B8.06	viable
SPBC3B8.07c	viable
SPBC3B8.08	viable
SPBC3B8.09	inviable
SPBC3B8.10	unknown
SPBC3B8.10c	viable
SPBC3B8.11	inviable
SPBC3B9.01	inviable
SPBC3B9.02c	inviable
SPBC3B9.03	inviable
SPBC3B9.04	viable
SPBC3B9.05	viable
SPBC3B9.06c	viable
SPBC3B9.07c	inviable
SPBC3B9.08c	viable
SPBC3B9.09	viable
SPBC3B9.10	inviable
SPBC3B9.11c	viable
SPBC3B9.12	inviable
SPBC3B9.13c	viable
SPBC3B9.14c	inviable
SPBC3B9.15c	viable
SPBC3B9.16c	condition-dependent
SPBC3B9.17	inviable
SPBC3B9.18c	inviable
SPBC3B9.19	inviable
SPBC3B9.21	inviable
SPBC3B9.22c	unknown
SPBC3D6.02	viable
SPBC3D6.03c	inviable
SPBC3D6.04c	viable
SPBC3D6.05	viable
SPBC3D6.06c	viable
SPBC3D6.07	inviable
SPBC3D6.08c	viable
SPBC3D6.09	viable
SPBC3D6.10	viable
SPBC3D6.11c	inviable
SPBC3D6.12	inviable
SPBC3D6.13c	viable
SPBC3D6.15	viable
SPBC3D6.16	unknown
SPBC3E7.01	viable
SPBC3E7.02c	viable
SPBC3E7.04c	unknown
SPBC3E7.05c	viable
SPBC3E7.06c	viable
SPBC3E7.07c	viable
SPBC3E7.08c	viable
SPBC3E7.09	viable
SPBC3E7.10	viable
SPBC3E7.11c	viable
SPBC3E7.12c	viable
SPBC3E7.13c	inviable
SPBC3E7.14	inviable
SPBC3E7.15c	viable
SPBC3E7.16c	viable
SPBC3E7.17	unknown
SPBC3F6.01c	viable
SPBC3F6.02c	inviable
SPBC3F6.03	viable
SPBC3F6.04c	inviable
SPBC3F6.05	viable
SPBC3H7.01	inviable
SPBC3H7.02	viable
SPBC3H7.03c	condition-dependent
SPBC3H7.04	inviable
SPBC3H7.05c	viable
SPBC3H7.06c	viable
SPBC3H7.07c	viable
SPBC3H7.08c	viable
SPBC3H7.09	viable
SPBC3H7.10	viable
SPBC3H7.11	viable
SPBC3H7.12	viable
SPBC3H7.13	viable
SPBC3H7.14	viable
SPBC3H7.15	condition-dependent
SPBC3H7.18	unknown
SPBC4.01	viable
SPBC4.02c	viable
SPBC4.03c	inviable
SPBC4.04c	inviable
SPBC4.05	viable
SPBC4.06	viable
SPBC4.07c	inviable
SPBC405.01	viable
SPBC405.02c	viable
SPBC405.03c	viable
SPBC405.04c	viable
SPBC405.05	viable
SPBC405.06	viable
SPBC405.07	viable
SPBC409.03	viable
SPBC409.04c	inviable
SPBC409.05	inviable
SPBC409.06	viable
SPBC409.07c	viable
SPBC409.08	viable
SPBC409.09c	inviable
SPBC409.10	viable
SPBC409.11	viable
SPBC409.12c	inviable
SPBC409.13	inviable
SPBC409.14c	inviable
SPBC409.15	inviable
SPBC409.16c	viable
SPBC409.17c	viable
SPBC409.18	viable
SPBC409.19c	viable
SPBC409.20c	viable
SPBC409.21	inviable
SPBC409.23	condition-dependent
SPBC418.01c	viable
SPBC418.02	viable
SPBC428.01c	inviable
SPBC428.02c	viable
SPBC428.03c	viable
SPBC428.04	viable
SPBC428.05c	viable
SPBC428.06c	viable
SPBC428.07	viable
SPBC428.08c	viable
SPBC428.10	viable
SPBC428.11	viable
SPBC428.12c	viable
SPBC428.13c	inviable
SPBC428.14	viable
SPBC428.15	viable
SPBC428.16c	condition-dependent
SPBC428.17c	viable
SPBC428.18	inviable
SPBC428.19c	condition-dependent
SPBC428.20c	inviable
SPBC460.01c	unknown
SPBC460.02c	unknown
SPBC460.03	unknown
SPBC460.04c	viable
SPBC460.05	unknown
SPBC4B4.01c	inviable
SPBC4B4.02c	viable
SPBC4B4.03	viable
SPBC4B4.04	viable
SPBC4B4.05	inviable
SPBC4B4.06	viable
SPBC4B4.07c	viable
SPBC4B4.08	viable
SPBC4B4.09	inviable
SPBC4B4.10c	viable
SPBC4B4.11	viable
SPBC4B4.12c	viable
SPBC4C3.03	inviable
SPBC4C3.04c	viable
SPBC4C3.05c	inviable
SPBC4C3.06	viable
SPBC4C3.07	inviable
SPBC4C3.08	viable
SPBC4C3.09	viable
SPBC4C3.10c	inviable
SPBC4C3.12	viable
SPBC4F6.04	viable
SPBC4F6.05c	viable
SPBC4F6.06	viable
SPBC4F6.07c	inviable
SPBC4F6.08c	viable
SPBC4F6.09	viable
SPBC4F6.10	viable
SPBC4F6.11c	viable
SPBC4F6.12	viable
SPBC4F6.13c	inviable
SPBC4F6.14	inviable
SPBC4F6.15c	viable
SPBC4F6.16c	viable
SPBC4F6.17c	inviable
SPBC4F6.18c	inviable
SPBC530.01	viable
SPBC530.02	viable
SPBC530.03c	viable
SPBC530.04	viable
SPBC530.05	viable
SPBC530.06c	viable
SPBC530.07c	viable
SPBC530.08	viable
SPBC530.09c	viable
SPBC530.10c	viable
SPBC530.11c	viable
SPBC530.12c	inviable
SPBC530.13	viable
SPBC530.14c	viable
SPBC530.15c	viable
SPBC530.16	inviable
SPBC543.02c	viable
SPBC543.03c	viable
SPBC543.04	condition-dependent
SPBC543.05c	viable
SPBC543.06c	inviable
SPBC543.07	viable
SPBC543.08	viable
SPBC543.09	viable
SPBC543.10	viable
SPBC557.02c	viable
SPBC557.03c	inviable
SPBC557.04	viable
SPBC557.05	viable
SPBC56F2.01	viable
SPBC56F2.02	viable
SPBC56F2.03	viable
SPBC56F2.04	viable
SPBC56F2.05c	viable
SPBC56F2.06	viable
SPBC56F2.07c	inviable
SPBC56F2.08c	viable
SPBC56F2.09c	viable
SPBC56F2.10c	viable
SPBC56F2.11	viable
SPBC56F2.12	viable
SPBC56F2.14	viable
SPBC56F2.15	viable
SPBC577.02	viable
SPBC577.03c	viable
SPBC577.04	viable
SPBC577.05c	viable
SPBC577.06c	condition-dependent
SPBC577.07	inviable
SPBC577.08c	viable
SPBC577.09	inviable
SPBC577.10	inviable
SPBC577.11	viable
SPBC577.12	viable
SPBC577.13	viable
SPBC577.14c	viable
SPBC577.15c	viable
SPBC582.03	inviable
SPBC582.04c	viable
SPBC582.05c	viable
SPBC582.06c	viable
SPBC582.07c	inviable
SPBC582.08	viable
SPBC582.09	viable
SPBC582.10c	viable
SPBC609.01	inviable
SPBC609.02	viable
SPBC609.03	viable
SPBC609.04	viable
SPBC609.05	viable
SPBC646.02	viable
SPBC646.03	inviable
SPBC646.04	inviable
SPBC646.05c	inviable
SPBC646.06c	viable
SPBC646.07c	inviable
SPBC646.08c	viable
SPBC646.09c	viable
SPBC646.10c	inviable
SPBC646.11	inviable
SPBC646.12c	viable
SPBC646.13	condition-dependent
SPBC646.14c	inviable
SPBC646.15c	viable
SPBC646.16	inviable
SPBC646.17c	viable
SPBC649.02	viable
SPBC649.03	viable
SPBC649.04	viable
SPBC649.05	inviable
SPBC651.01c	inviable
SPBC651.02	viable
SPBC651.03c	viable
SPBC651.04	viable
SPBC651.05c	viable
SPBC651.06	viable
SPBC651.07	viable
SPBC651.08c	inviable
SPBC651.09c	viable
SPBC651.10	viable
SPBC651.11c	viable
SPBC651.12c	viable
SPBC660.05	viable
SPBC660.06	viable
SPBC660.07	viable
SPBC660.08	viable
SPBC660.09	viable
SPBC660.10	viable
SPBC660.11	viable
SPBC660.12c	viable
SPBC660.13c	inviable
SPBC660.14	viable
SPBC660.15	inviable
SPBC660.16	inviable
SPBC660.17c	viable
SPBC685.02	viable
SPBC685.03	viable
SPBC685.04c	viable
SPBC685.05	inviable
SPBC685.06	viable
SPBC685.07c	viable
SPBC685.08	viable
SPBC685.09	inviable
SPBC691.01	viable
SPBC691.02c	inviable
SPBC691.03c	viable
SPBC691.04	viable
SPBC691.05c	viable
SPBC6B1.02	viable
SPBC6B1.03c	viable
SPBC6B1.04	viable
SPBC6B1.05c	viable
SPBC6B1.06c	viable
SPBC6B1.07	inviable
SPBC6B1.08c	viable
SPBC6B1.09c	viable
SPBC6B1.10	condition-dependent
SPBC6B1.12c	viable
SPBC713.02c	viable
SPBC713.03	viable
SPBC713.04c	inviable
SPBC713.05	viable
SPBC713.06	viable
SPBC713.07c	viable
SPBC713.08	viable
SPBC713.09	viable
SPBC713.10	inviable
SPBC713.11c	viable
SPBC713.12	inviable
SPBC713.14c	viable
SPBC725.01	condition-dependent
SPBC725.02	viable
SPBC725.03	viable
SPBC725.04	viable
SPBC725.05c	viable
SPBC725.06c	viable
SPBC725.07	viable
SPBC725.08	inviable
SPBC725.09c	viable
SPBC725.10	condition-dependent
SPBC725.11c	condition-dependent
SPBC725.12	viable
SPBC725.13c	inviable
SPBC725.14	viable
SPBC725.15	viable
SPBC725.16	inviable
SPBC725.17c	inviable
SPBC776.01	viable
SPBC776.02c	viable
SPBC776.03	viable
SPBC776.04	viable
SPBC776.05	viable
SPBC776.06c	viable
SPBC776.07	inviable
SPBC776.08c	inviable
SPBC776.09	viable
SPBC776.10c	inviable
SPBC776.11	viable
SPBC776.12c	condition-dependent
SPBC776.13	inviable
SPBC776.14	viable
SPBC776.15c	viable
SPBC776.16	viable
SPBC776.17	viable
SPBC776.18c	inviable
SPBC800.02	viable
SPBC800.03	viable
SPBC800.04c	viable
SPBC800.05c	viable
SPBC800.06	inviable
SPBC800.07c	viable
SPBC800.08	viable
SPBC800.09	viable
SPBC800.10c	viable
SPBC800.11	viable
SPBC800.12c	viable
SPBC800.13	inviable
SPBC800.14c	viable
SPBC83.01	viable
SPBC83.02c	viable
SPBC83.03c	viable
SPBC83.04	viable
SPBC83.05	viable
SPBC83.06c	inviable
SPBC83.07	inviable
SPBC83.08	inviable
SPBC83.09c	viable
SPBC83.10	viable
SPBC83.11	viable
SPBC83.12	viable
SPBC83.13	viable
SPBC83.14c	inviable
SPBC83.15	inviable
SPBC83.16c	viable
SPBC83.17	viable
SPBC83.18c	viable
SPBC83.19c	viable
SPBC839.02	viable
SPBC839.03c	viable
SPBC839.04	viable
SPBC839.05c	viable
SPBC839.06	viable
SPBC839.07	viable
SPBC839.08c	condition-dependent
SPBC839.09c	inviable
SPBC839.10	inviable
SPBC839.11c	viable
SPBC839.12	inviable
SPBC839.13c	viable
SPBC839.14c	viable
SPBC839.15c	viable
SPBC839.16	viable
SPBC839.17c	viable
SPBC839.19	viable
SPBC839.20	viable
SPBC887.01	viable
SPBC887.02	viable
SPBC887.03c	inviable
SPBC887.04c	viable
SPBC887.05c	viable
SPBC887.06c	viable
SPBC887.07	inviable
SPBC887.08	viable
SPBC887.09c	inviable
SPBC887.10	viable
SPBC887.11	viable
SPBC887.12	inviable
SPBC887.13c	inviable
SPBC887.14c	inviable
SPBC887.15c	viable
SPBC887.16	viable
SPBC887.17	condition-dependent
SPBC887.18c	viable
SPBC887.19	inviable
SPBC887.22	condition-dependent
SPBC8D2.01	viable
SPBC8D2.02c	viable
SPBC8D2.03c	viable
SPBC8D2.04	viable
SPBC8D2.05c	inviable
SPBC8D2.06	inviable
SPBC8D2.07c	inviable
SPBC8D2.09c	inviable
SPBC8D2.10c	viable
SPBC8D2.11	viable
SPBC8D2.12c	viable
SPBC8D2.13	inviable
SPBC8D2.14c	inviable
SPBC8D2.15	inviable
SPBC8D2.16c	viable
SPBC8D2.17	viable
SPBC8D2.18c	viable
SPBC8D2.19	viable
SPBC8D2.20c	condition-dependent
SPBC8D2.23	viable
SPBC8E4.01c	viable
SPBC8E4.03	viable
SPBC8E4.04	viable
SPBC8E4.05c	viable
SPBC8E4.12c	viable
SPBC902.02c	viable
SPBC902.03	viable
SPBC902.04	viable
SPBC902.05c	viable
SPBC902.06	viable
SPBC947.01	viable
SPBC947.02	viable
SPBC947.03c	viable
SPBC947.04	viable
SPBC947.05c	viable
SPBC947.06c	viable
SPBC947.07	inviable
SPBC947.08c	viable
SPBC947.09	viable
SPBC947.10	viable
SPBC947.11c	viable
SPBC947.12	condition-dependent
SPBC947.13	viable
SPBC947.14c	viable
SPBC947.15c	viable
SPBC9B6.02c	unknown
SPBC9B6.03	viable
SPBC9B6.04c	inviable
SPBC9B6.05c	inviable
SPBC9B6.06	inviable
SPBC9B6.07	viable
SPBC9B6.08	inviable
SPBC9B6.09c	viable
SPBC9B6.10	inviable
SPBC9B6.11c	viable
SPBCPT2R1.01c	viable
SPBCPT2R1.02	viable
SPBCPT2R1.03	viable
SPBCPT2R1.04c	viable
SPBCPT2R1.05c	unknown
SPBCPT2R1.06c	unknown
SPBCPT2R1.07c	unknown
SPBCPT2R1.08c	viable
SPBCPT2R1.10	unknown
SPBP16F5.02	inviable
SPBP16F5.03c	viable
SPBP16F5.04	viable
SPBP16F5.05c	viable
SPBP16F5.06	inviable
SPBP16F5.07	condition-dependent
SPBP16F5.08c	viable
SPBP18G5.02	inviable
SPBP18G5.03	viable
SPBP19A11.01	inviable
SPBP19A11.02c	viable
SPBP19A11.03c	inviable
SPBP19A11.04c	inviable
SPBP19A11.06	inviable
SPBP19A11.07c	unknown
SPBP22H7.02c	inviable
SPBP22H7.03	inviable
SPBP22H7.04	viable
SPBP22H7.05c	viable
SPBP22H7.06	viable
SPBP22H7.07	inviable
SPBP22H7.08	viable
SPBP22H7.09c	inviable
SPBP23A10.02	viable
SPBP23A10.03c	viable
SPBP23A10.04	inviable
SPBP23A10.05	condition-dependent
SPBP23A10.06	inviable
SPBP23A10.07	inviable
SPBP23A10.08	inviable
SPBP23A10.09	inviable
SPBP23A10.10	viable
SPBP23A10.11c	viable
SPBP23A10.12	viable
SPBP23A10.13	inviable
SPBP23A10.14c	viable
SPBP23A10.15c	inviable
SPBP23A10.16	viable
SPBP23A10.17	viable
SPBP26C9.02c	viable
SPBP26C9.03c	viable
SPBP35G2.02	viable
SPBP35G2.03c	viable
SPBP35G2.04c	viable
SPBP35G2.05c	viable
SPBP35G2.06c	viable
SPBP35G2.07	viable
SPBP35G2.08c	viable
SPBP35G2.09	inviable
SPBP35G2.10	viable
SPBP35G2.11c	viable
SPBP35G2.12	viable
SPBP35G2.13c	viable
SPBP35G2.14	viable
SPBP35G2.16c	viable
SPBP35G2.17	unknown
SPBP4G3.02	viable
SPBP4G3.03	viable
SPBP4H10.03	viable
SPBP4H10.04	viable
SPBP4H10.05c	viable
SPBP4H10.06c	inviable
SPBP4H10.07	viable
SPBP4H10.08	viable
SPBP4H10.09	viable
SPBP4H10.10	viable
SPBP4H10.11c	viable
SPBP4H10.12	viable
SPBP4H10.13	viable
SPBP4H10.14c	viable
SPBP4H10.15	inviable
SPBP4H10.16c	viable
SPBP4H10.17c	viable
SPBP4H10.18c	viable
SPBP4H10.19c	viable
SPBP4H10.20	viable
SPBP4H10.21c	inviable
SPBP8B7.01c	inviable
SPBP8B7.02	viable
SPBP8B7.03c	inviable
SPBP8B7.04	viable
SPBP8B7.05c	condition-dependent
SPBP8B7.06	viable
SPBP8B7.07c	viable
SPBP8B7.08c	viable
SPBP8B7.09c	viable
SPBP8B7.10c	viable
SPBP8B7.11	viable
SPBP8B7.12c	inviable
SPBP8B7.13	viable
SPBP8B7.14c	inviable
SPBP8B7.15c	inviable
SPBP8B7.16c	inviable
SPBP8B7.17c	inviable
SPBP8B7.18c	viable
SPBP8B7.19	inviable
SPBP8B7.20c	inviable
SPBP8B7.21	viable
SPBP8B7.22	viable
SPBP8B7.23	viable
SPBP8B7.24c	viable
SPBP8B7.25	viable
SPBP8B7.26	viable
SPBP8B7.27	viable
SPBP8B7.28c	viable
SPBP8B7.29	inviable
SPBP8B7.30c	viable
SPBP8B7.31	viable
SPBP8B7.32	viable
SPBPB10D8.01	viable
SPBPB10D8.02c	viable
SPBPB10D8.03	unknown
SPBPB10D8.04c	viable
SPBPB10D8.05c	viable
SPBPB10D8.06c	viable
SPBPB10D8.07c	viable
SPBPB21E7.01c	viable
SPBPB21E7.02c	unknown
SPBPB21E7.04c	viable
SPBPB21E7.05	viable
SPBPB21E7.06	unknown
SPBPB21E7.07	unknown
SPBPB21E7.08	unknown
SPBPB21E7.09	viable
SPBPB21E7.10	unknown
SPBPB21E7.11	unknown
SPBPB2B2.01	viable
SPBPB2B2.02	viable
SPBPB2B2.05	viable
SPBPB2B2.06c	viable
SPBPB2B2.07c	viable
SPBPB2B2.08	viable
SPBPB2B2.09c	viable
SPBPB2B2.10c	viable
SPBPB2B2.11	viable
SPBPB2B2.12c	viable
SPBPB2B2.13	viable
SPBPB2B2.14c	viable
SPBPB2B2.15	viable
SPBPB2B2.16c	viable
SPBPB2B2.17c	unknown
SPBPB2B2.18	viable
SPBPB2B2.19c	viable
SPBPB7E8.01	viable
SPBPB7E8.02	viable
SPBPB8B6.02c	unknown
SPBPB8B6.03	viable
SPBPB8B6.04c	viable
SPBPB8B6.05c	viable
SPBPB8B6.06c	viable
SPBPJ4664.01	condition-dependent
SPBPJ4664.02	viable
SPBPJ4664.03	viable
SPBPJ4664.04	condition-dependent
SPBPJ4664.05	viable
SPBPJ4664.06	viable
SPBTRNAALA.07	unknown
SPBTRNAALA.08	unknown
SPBTRNAALA.09	unknown
SPBTRNAALA.10	unknown
SPBTRNAALA.11	unknown
SPBTRNAARG.04	unknown
SPBTRNAARG.05	unknown
SPBTRNAARG.06	unknown
SPBTRNAARG.07	unknown
SPBTRNAASN.01	unknown
SPBTRNAASN.02	unknown
SPBTRNAASN.03	unknown
SPBTRNAASN.04	unknown
SPBTRNAASP.04	unknown
SPBTRNAASP.05	unknown
SPBTRNAGLN.01	unknown
SPBTRNAGLN.02	unknown
SPBTRNAGLN.03	unknown
SPBTRNAGLN.04	unknown
SPBTRNAGLU.05	unknown
SPBTRNAGLU.06	unknown
SPBTRNAGLU.07	unknown
SPBTRNAGLU.08	unknown
SPBTRNAGLY.03	unknown
SPBTRNAGLY.04	unknown
SPBTRNAGLY.05	unknown
SPBTRNAGLY.06	unknown
SPBTRNAGLY.07	unknown
SPBTRNAGLY.08	unknown
SPBTRNAGLY.09	unknown
SPBTRNAHIS.01	unknown
SPBTRNAHIS.02	unknown
SPBTRNAILE.05	unknown
SPBTRNAILE.06	unknown
SPBTRNAILE.07	unknown
SPBTRNAILE.08	unknown
SPBTRNALEU.05	unknown
SPBTRNALEU.06	unknown
SPBTRNALEU.07	unknown
SPBTRNALEU.08	unknown
SPBTRNALEU.09	unknown
SPBTRNALEU.10	unknown
SPBTRNALYS.06	unknown
SPBTRNALYS.07	unknown
SPBTRNALYS.08	unknown
SPBTRNALYS.09	unknown
SPBTRNAMET.04	unknown
SPBTRNAMET.05	unknown
SPBTRNAMET.06	unknown
SPBTRNAPHE.03	unknown
SPBTRNAPRO.04	unknown
SPBTRNAPRO.05	unknown
SPBTRNAPRO.06	unknown
SPBTRNAPRO.07	unknown
SPBTRNAPRO.08	unknown
SPBTRNASER.05	unknown
SPBTRNASER.06	unknown
SPBTRNATHR.06	unknown
SPBTRNATHR.07	unknown
SPBTRNATRP.02	unknown
SPBTRNATRP.03	unknown
SPBTRNATYR.02	unknown
SPBTRNATYR.03	unknown
SPBTRNATYR.04	unknown
SPBTRNAVAL.05	unknown
SPBTRNAVAL.06	unknown
SPBTRNAVAL.07	unknown
SPBTRNAVAL.08	unknown
SPCC1020.01c	viable
SPCC1020.02	inviable
SPCC1020.03	viable
SPCC1020.04c	inviable
SPCC1020.05	viable
SPCC1020.06c	viable
SPCC1020.07	viable
SPCC1020.08	viable
SPCC1020.09	viable
SPCC1020.10	viable
SPCC1020.11c	viable
SPCC1020.12c	viable
SPCC1020.13c	viable
SPCC1020.14	unknown
SPCC10H11.01	inviable
SPCC10H11.02	inviable
SPCC1183.01	inviable
SPCC1183.02	viable
SPCC1183.03c	condition-dependent
SPCC1183.04c	viable
SPCC1183.05c	viable
SPCC1183.06	viable
SPCC1183.07	inviable
SPCC1183.08c	inviable
SPCC1183.09c	viable
SPCC1183.10	viable
SPCC1183.11	viable
SPCC1183.12	unknown
SPCC11E10.01	viable
SPCC11E10.02c	inviable
SPCC11E10.03	viable
SPCC11E10.04	viable
SPCC11E10.05c	viable
SPCC11E10.06c	viable
SPCC11E10.07c	viable
SPCC11E10.08	viable
SPCC11E10.09c	viable
SPCC1223.01	viable
SPCC1223.02	viable
SPCC1223.03c	viable
SPCC1223.04c	viable
SPCC1223.05c	viable
SPCC1223.06	viable
SPCC1223.07c	viable
SPCC1223.08c	inviable
SPCC1223.09	viable
SPCC1223.10c	viable
SPCC1223.11	viable
SPCC1223.12c	viable
SPCC1223.13	viable
SPCC1223.14	inviable
SPCC1223.15c	viable
SPCC1235.01	viable
SPCC1235.02	viable
SPCC1235.03	viable
SPCC1235.04c	viable
SPCC1235.05c	viable
SPCC1235.06	viable
SPCC1235.07	inviable
SPCC1235.08c	viable
SPCC1235.09	viable
SPCC1235.10c	inviable
SPCC1235.11	viable
SPCC1235.12c	viable
SPCC1235.13	viable
SPCC1235.14	viable
SPCC1235.15	viable
SPCC1235.16	condition-dependent
SPCC1235.17	viable
SPCC1235.18	viable
SPCC1259.01c	viable
SPCC1259.02c	viable
SPCC1259.03	viable
SPCC1259.04	viable
SPCC1259.05c	viable
SPCC1259.06	inviable
SPCC1259.07	inviable
SPCC1259.08	viable
SPCC1259.09c	viable
SPCC1259.10	viable
SPCC1259.11c	viable
SPCC1259.12c	viable
SPCC1259.13	viable
SPCC1259.14c	viable
SPCC1259.15c	inviable
SPCC1259.16	viable
SPCC126.01c	viable
SPCC126.02c	viable
SPCC126.03	viable
SPCC126.04c	viable
SPCC126.05c	inviable
SPCC126.06	viable
SPCC126.07c	viable
SPCC126.08c	viable
SPCC126.09	viable
SPCC126.10	viable
SPCC126.11c	viable
SPCC126.12	viable
SPCC126.13c	viable
SPCC126.14	inviable
SPCC126.15c	viable
SPCC1281.01	inviable
SPCC1281.02c	inviable
SPCC1281.03c	viable
SPCC1281.04	viable
SPCC1281.05	inviable
SPCC1281.06c	inviable
SPCC1281.07c	viable
SPCC1281.08	viable
SPCC132.01c	viable
SPCC132.02	viable
SPCC132.03	viable
SPCC132.04c	viable
SPCC132.05c	unknown
SPCC1322.01	viable
SPCC1322.02	viable
SPCC1322.03	viable
SPCC1322.04	inviable
SPCC1322.05c	viable
SPCC1322.06	viable
SPCC1322.07c	viable
SPCC1322.08	viable
SPCC1322.09	viable
SPCC1322.10	viable
SPCC1322.11	inviable
SPCC1322.12c	viable
SPCC1322.13	unknown
SPCC1322.14c	viable
SPCC1322.15	viable
SPCC1322.16	viable
SPCC1393.02c	viable
SPCC1393.03	viable
SPCC1393.04	inviable
SPCC1393.05	viable
SPCC1393.06c	inviable
SPCC1393.07c	viable
SPCC1393.08	viable
SPCC1393.09c	viable
SPCC1393.10	viable
SPCC1393.11	inviable
SPCC1393.12	viable
SPCC1393.13	viable
SPCC1393.14	viable
SPCC13B11.01	viable
SPCC13B11.02c	viable
SPCC13B11.03c	viable
SPCC13B11.04c	viable
SPCC1442.01	viable
SPCC1442.02	viable
SPCC1442.03	viable
SPCC1442.04c	viable
SPCC1442.05c	viable
SPCC1442.06	inviable
SPCC1442.07c	viable
SPCC1442.08c	viable
SPCC1442.09	inviable
SPCC1442.10c	inviable
SPCC1442.11c	viable
SPCC1442.12	condition-dependent
SPCC1442.13c	viable
SPCC1442.14c	viable
SPCC1442.15c	viable
SPCC1442.16c	viable
SPCC1442.17c	viable
SPCC1442.19	unknown
SPCC1450.01c	unknown
SPCC1450.02	viable
SPCC1450.03	viable
SPCC1450.04	inviable
SPCC1450.05c	viable
SPCC1450.06c	viable
SPCC1450.07c	viable
SPCC1450.08c	viable
SPCC1450.09c	viable
SPCC1450.10c	inviable
SPCC1450.11c	viable
SPCC1450.12	viable
SPCC1450.13c	inviable
SPCC1450.14c	inviable
SPCC1450.15	inviable
SPCC1450.16c	viable
SPCC1494.01	viable
SPCC1494.02c	inviable
SPCC1494.03	viable
SPCC1494.04c	viable
SPCC1494.05c	viable
SPCC1494.06c	inviable
SPCC1494.07	viable
SPCC1494.08c	viable
SPCC1494.09c	viable
SPCC1494.10	viable
SPCC1494.11c	unknown
SPCC14G10.01	inviable
SPCC14G10.02	inviable
SPCC14G10.03c	viable
SPCC14G10.04	viable
SPCC1529.01	viable
SPCC162.01c	viable
SPCC162.02c	viable
SPCC162.03	viable
SPCC162.04c	viable
SPCC162.05	condition-dependent
SPCC162.06c	viable
SPCC162.07	inviable
SPCC162.08c	inviable
SPCC162.09c	condition-dependent
SPCC162.10	viable
SPCC162.11c	viable
SPCC162.12	viable
SPCC1620.01c	inviable
SPCC1620.02	viable
SPCC1620.03	viable
SPCC1620.04c	viable
SPCC1620.05	inviable
SPCC1620.06c	inviable
SPCC1620.07c	viable
SPCC1620.08	viable
SPCC1620.09c	inviable
SPCC1620.10	inviable
SPCC1620.11	inviable
SPCC1620.12c	viable
SPCC1620.13	viable
SPCC1620.14c	viable
SPCC1672.01	inviable
SPCC1672.02c	inviable
SPCC1672.03c	viable
SPCC1672.04c	viable
SPCC1672.05c	inviable
SPCC1672.06c	viable
SPCC1672.07	inviable
SPCC1672.08c	inviable
SPCC1672.09	viable
SPCC1672.10	inviable
SPCC1672.11c	viable
SPCC1672.12c	viable
SPCC1682.01	viable
SPCC1682.02c	inviable
SPCC1682.03c	inviable
SPCC1682.04	inviable
SPCC1682.05c	inviable
SPCC1682.06	viable
SPCC1682.07	condition-dependent
SPCC1682.08c	viable
SPCC1682.09c	inviable
SPCC1682.10	inviable
SPCC1682.11c	viable
SPCC1682.12c	viable
SPCC1682.13	viable
SPCC1682.14	viable
SPCC1682.15	viable
SPCC1682.16	viable
SPCC16A11.01	viable
SPCC16A11.02	inviable
SPCC16A11.03c	viable
SPCC16A11.04	viable
SPCC16A11.05c	inviable
SPCC16A11.06c	inviable
SPCC16A11.07	viable
SPCC16A11.08	viable
SPCC16A11.09c	inviable
SPCC16A11.10c	viable
SPCC16A11.11	inviable
SPCC16A11.12c	viable
SPCC16A11.13	inviable
SPCC16A11.14	inviable
SPCC16A11.15c	viable
SPCC16A11.16c	viable
SPCC16A11.17	inviable
SPCC16C4.01	viable
SPCC16C4.02c	inviable
SPCC16C4.03	viable
SPCC16C4.04	viable
SPCC16C4.05	inviable
SPCC16C4.06c	viable
SPCC16C4.07	viable
SPCC16C4.08c	inviable
SPCC16C4.09	viable
SPCC16C4.10	viable
SPCC16C4.11	viable
SPCC16C4.12	viable
SPCC16C4.13c	viable
SPCC16C4.14c	viable
SPCC16C4.15	inviable
SPCC16C4.16c	viable
SPCC16C4.17	viable
SPCC16C4.18c	inviable
SPCC16C4.19	inviable
SPCC16C4.20c	viable
SPCC16C4.21	unknown
SPCC16C4.22	viable
SPCC1739.01	viable
SPCC1739.02c	inviable
SPCC1739.03	viable
SPCC1739.04c	viable
SPCC1739.05	viable
SPCC1739.06c	viable
SPCC1739.07	condition-dependent
SPCC1739.08c	viable
SPCC1739.09c	viable
SPCC1739.10	viable
SPCC1739.11c	inviable
SPCC1739.12	condition-dependent
SPCC1739.13	condition-dependent
SPCC1739.14	viable
SPCC1739.15	inviable
SPCC1742.01	viable
SPCC1753.01c	inviable
SPCC1753.02c	viable
SPCC1753.03c	viable
SPCC1753.04	inviable
SPCC1753.05	viable
SPCC1795.01c	viable
SPCC1795.02c	viable
SPCC1795.03	viable
SPCC1795.04c	inviable
SPCC1795.05c	inviable
SPCC1795.06	viable
SPCC1795.07	inviable
SPCC1795.08c	inviable
SPCC1795.09	viable
SPCC1795.10c	viable
SPCC1795.11	inviable
SPCC1795.12c	viable
SPCC18.01c	viable
SPCC18.02	viable
SPCC18.03	viable
SPCC18.04	inviable
SPCC18.05c	inviable
SPCC18.06c	viable
SPCC18.07	inviable
SPCC18.08	inviable
SPCC18.09c	viable
SPCC18.10	viable
SPCC18.11c	viable
SPCC18.12c	inviable
SPCC18.13	viable
SPCC18.14c	inviable
SPCC18.15	viable
SPCC18.16c	inviable
SPCC18.17c	viable
SPCC18.18c	unknown
SPCC18.19c	unknown
SPCC18.20	unknown
SPCC1827.01c	inviable
SPCC1827.02c	viable
SPCC1827.03c	viable
SPCC1827.04	viable
SPCC1827.05c	inviable
SPCC1827.06c	inviable
SPCC1827.07c	viable
SPCC1827.08c	viable
SPCC1840.01c	inviable
SPCC1840.02c	condition-dependent
SPCC1840.03	viable
SPCC1840.04	viable
SPCC1840.05c	viable
SPCC1840.06	viable
SPCC1840.07c	viable
SPCC1840.08c	viable
SPCC1840.09	viable
SPCC1840.10	viable
SPCC1840.11	viable
SPCC1840.12	viable
SPCC1840.13	unknown
SPCC188.02	viable
SPCC188.03	inviable
SPCC188.04c	inviable
SPCC188.06c	inviable
SPCC188.07	viable
SPCC188.08c	viable
SPCC188.09c	viable
SPCC188.10c	unknown
SPCC188.11	inviable
SPCC188.12	viable
SPCC188.13c	viable
SPCC188.14	unknown
SPCC1884.01	unknown
SPCC1884.02	condition-dependent
SPCC18B5.01c	viable
SPCC18B5.02c	unknown
SPCC18B5.03	viable
SPCC18B5.04	inviable
SPCC18B5.05c	viable
SPCC18B5.06	viable
SPCC18B5.07c	viable
SPCC18B5.08c	inviable
SPCC18B5.09c	viable
SPCC18B5.10c	viable
SPCC18B5.11c	viable
SPCC1902.01	viable
SPCC1902.02	viable
SPCC1906.01	inviable
SPCC1906.02c	viable
SPCC1906.03	viable
SPCC1906.04	viable
SPCC191.01	viable
SPCC191.02c	viable
SPCC191.03c	viable
SPCC191.04c	unknown
SPCC191.05c	viable
SPCC191.06	viable
SPCC191.07	condition-dependent
SPCC191.08	inviable
SPCC191.09c	viable
SPCC191.10	viable
SPCC191.11	viable
SPCC1919.01	viable
SPCC1919.02	inviable
SPCC1919.03c	viable
SPCC1919.04	unknown
SPCC1919.05	viable
SPCC1919.06c	unknown
SPCC1919.07	viable
SPCC1919.08c	inviable
SPCC1919.09	viable
SPCC1919.10c	condition-dependent
SPCC1919.11	viable
SPCC1919.12c	viable
SPCC1919.13c	viable
SPCC1919.14c	inviable
SPCC1919.15	viable
SPCC23B6.01c	viable
SPCC23B6.02c	viable
SPCC23B6.03c	viable
SPCC23B6.04c	viable
SPCC23B6.05c	viable
SPCC24B10.02c	viable
SPCC24B10.03	viable
SPCC24B10.04	viable
SPCC24B10.05	inviable
SPCC24B10.06	viable
SPCC24B10.07	viable
SPCC24B10.08c	viable
SPCC24B10.09	viable
SPCC24B10.10c	viable
SPCC24B10.11c	viable
SPCC24B10.12	viable
SPCC24B10.13	viable
SPCC24B10.14c	viable
SPCC24B10.15	viable
SPCC24B10.16c	viable
SPCC24B10.17	viable
SPCC24B10.18	viable
SPCC24B10.19c	viable
SPCC24B10.20	viable
SPCC24B10.21	viable
SPCC24B10.22	viable
SPCC285.03	inviable
SPCC285.04	viable
SPCC285.05	viable
SPCC285.06c	unknown
SPCC285.07c	unknown
SPCC285.08	inviable
SPCC285.09c	viable
SPCC285.10c	viable
SPCC285.11	viable
SPCC285.12	inviable
SPCC285.13c	viable
SPCC285.14	viable
SPCC285.15c	viable
SPCC285.16c	viable
SPCC285.17	viable
SPCC290.02	inviable
SPCC290.03c	inviable
SPCC290.04	viable
SPCC297.03	condition-dependent
SPCC297.04c	viable
SPCC297.05	viable
SPCC297.06c	viable
SPCC2H8.02	viable
SPCC2H8.04	inviable
SPCC2H8.05c	viable
SPCC306.02c	viable
SPCC306.03c	inviable
SPCC306.04c	viable
SPCC306.05c	viable
SPCC306.06c	condition-dependent
SPCC306.07c	viable
SPCC306.08c	viable
SPCC306.09c	viable
SPCC306.10	unknown
SPCC306.11	viable
SPCC31H12.02c	viable
SPCC31H12.03c	viable
SPCC31H12.04c	viable
SPCC31H12.05c	viable
SPCC31H12.06	viable
SPCC31H12.07	inviable
SPCC31H12.08c	viable
SPCC320.03	viable
SPCC320.04c	viable
SPCC320.05	viable
SPCC320.06	viable
SPCC320.07c	viable
SPCC320.08	viable
SPCC320.09	inviable
SPCC320.10	inviable
SPCC320.11c	inviable
SPCC320.12	viable
SPCC320.13c	inviable
SPCC320.14	viable
SPCC330.01c	viable
SPCC330.02	viable
SPCC330.03c	viable
SPCC330.04c	condition-dependent
SPCC330.05c	viable
SPCC330.06c	viable
SPCC330.07c	viable
SPCC330.08	inviable
SPCC330.09	inviable
SPCC330.10	inviable
SPCC330.11	viable
SPCC330.12c	viable
SPCC330.13	inviable
SPCC330.14c	viable
SPCC330.19c	viable
SPCC330.20	unknown
SPCC330.21	viable
SPCC338.02	viable
SPCC338.03c	unknown
SPCC338.04	viable
SPCC338.05c	viable
SPCC338.06c	viable
SPCC338.07c	viable
SPCC338.08	viable
SPCC338.10c	viable
SPCC338.11c	viable
SPCC338.12	viable
SPCC338.13	inviable
SPCC338.14	viable
SPCC338.15	inviable
SPCC338.16	viable
SPCC338.17c	inviable
SPCC338.18	viable
SPCC364.01	viable
SPCC364.02c	viable
SPCC364.03	viable
SPCC364.04c	viable
SPCC364.05	viable
SPCC364.06	condition-dependent
SPCC364.07	viable
SPCC417.02	viable
SPCC417.03	unknown
SPCC417.05c	viable
SPCC417.06c	viable
SPCC417.07c	viable
SPCC417.08	inviable
SPCC417.09c	viable
SPCC417.10	viable
SPCC417.11c	viable
SPCC417.12	viable
SPCC417.15	unknown
SPCC417.16	viable
SPCC4B3.01	unknown
SPCC4B3.02c	viable
SPCC4B3.03c	viable
SPCC4B3.04c	viable
SPCC4B3.05c	viable
SPCC4B3.06c	viable
SPCC4B3.07	viable
SPCC4B3.08	viable
SPCC4B3.09c	inviable
SPCC4B3.10c	viable
SPCC4B3.11c	viable
SPCC4B3.12	viable
SPCC4B3.13	viable
SPCC4B3.14	condition-dependent
SPCC4B3.15	viable
SPCC4B3.16	viable
SPCC4B3.17	viable
SPCC4B3.18	inviable
SPCC4B3.20	viable
SPCC4E9.01c	viable
SPCC4E9.02	viable
SPCC4F11.02	viable
SPCC4F11.03c	viable
SPCC4F11.04c	viable
SPCC4F11.05	unknown
SPCC4G3.02	viable
SPCC4G3.03	viable
SPCC4G3.04c	condition-dependent
SPCC4G3.05c	viable
SPCC4G3.06c	inviable
SPCC4G3.07c	inviable
SPCC4G3.08	viable
SPCC4G3.09c	viable
SPCC4G3.10c	viable
SPCC4G3.11	viable
SPCC4G3.12c	viable
SPCC4G3.13c	viable
SPCC4G3.14	inviable
SPCC4G3.15c	viable
SPCC4G3.16	inviable
SPCC4G3.17	viable
SPCC4G3.18	inviable
SPCC4G3.19	viable
SPCC4G3.20	unknown
SPCC548.02c	unknown
SPCC548.03c	unknown
SPCC548.04	unknown
SPCC548.05c	viable
SPCC548.06c	viable
SPCC548.07c	viable
SPCC550.01c	viable
SPCC550.02c	inviable
SPCC550.03c	viable
SPCC550.04c	inviable
SPCC550.05	inviable
SPCC550.06c	inviable
SPCC550.07	viable
SPCC550.08	viable
SPCC550.09	viable
SPCC550.10	viable
SPCC550.11	viable
SPCC550.12	viable
SPCC550.13	inviable
SPCC550.14	viable
SPCC550.15c	viable
SPCC553.01c	viable
SPCC553.02	inviable
SPCC553.03	viable
SPCC553.04	viable
SPCC553.05c	unknown
SPCC553.06	inviable
SPCC553.07c	viable
SPCC553.08c	viable
SPCC553.09c	inviable
SPCC553.10	unknown
SPCC553.11c	inviable
SPCC553.12c	viable
SPCC569.01c	viable
SPCC569.02c	viable
SPCC569.03	viable
SPCC569.04	viable
SPCC569.05c	viable
SPCC569.06	viable
SPCC569.07	viable
SPCC569.08c	viable
SPCC569.09	unknown
SPCC576.01c	condition-dependent
SPCC576.02	viable
SPCC576.03c	condition-dependent
SPCC576.04	viable
SPCC576.05	inviable
SPCC576.06c	inviable
SPCC576.07	inviable
SPCC576.08c	inviable
SPCC576.09	inviable
SPCC576.10c	inviable
SPCC576.11	viable
SPCC576.12c	viable
SPCC576.13	viable
SPCC576.14	viable
SPCC576.15c	inviable
SPCC576.16c	unknown
SPCC576.17c	viable
SPCC576.19c	unknown
SPCC584.01c	viable
SPCC584.02	viable
SPCC584.03c	viable
SPCC584.04	inviable
SPCC584.05	inviable
SPCC584.11c	viable
SPCC584.12	viable
SPCC584.13	viable
SPCC584.14	inviable
SPCC584.15c	viable
SPCC584.16c	viable
SPCC594.01	viable
SPCC594.02c	viable
SPCC594.03	unknown
SPCC594.04c	viable
SPCC594.05c	viable
SPCC594.06c	viable
SPCC594.07c	viable
SPCC5E4.03c	inviable
SPCC5E4.04	inviable
SPCC5E4.05c	viable
SPCC5E4.06	inviable
SPCC5E4.07	viable
SPCC5E4.10c	viable
SPCC61.01c	unknown
SPCC61.02	viable
SPCC61.03	viable
SPCC61.04c	inviable
SPCC61.05	viable
SPCC613.01	viable
SPCC613.02	viable
SPCC613.03	viable
SPCC613.04c	inviable
SPCC613.05c	inviable
SPCC613.06	viable
SPCC613.07	viable
SPCC613.08	viable
SPCC613.09	inviable
SPCC613.10	viable
SPCC613.11c	viable
SPCC613.12c	viable
SPCC622.01c	viable
SPCC622.02	viable
SPCC622.03c	unknown
SPCC622.04	unknown
SPCC622.06c	unknown
SPCC622.07	unknown
SPCC622.08c	viable
SPCC622.09	inviable
SPCC622.10c	inviable
SPCC622.11	viable
SPCC622.12c	viable
SPCC622.13c	inviable
SPCC622.14	viable
SPCC622.15c	viable
SPCC622.16c	viable
SPCC622.17	viable
SPCC622.18	viable
SPCC622.19	viable
SPCC622.21	unknown
SPCC63.02c	viable
SPCC63.03	viable
SPCC63.04	viable
SPCC63.05	inviable
SPCC63.06	viable
SPCC63.07	inviable
SPCC63.08c	viable
SPCC63.10c	inviable
SPCC63.11	inviable
SPCC63.12c	inviable
SPCC63.13	viable
SPCC63.14	viable
SPCC645.02	viable
SPCC645.03c	inviable
SPCC645.04	inviable
SPCC645.05c	inviable
SPCC645.06c	inviable
SPCC645.07	viable
SPCC645.08c	viable
SPCC645.09	inviable
SPCC645.10	inviable
SPCC645.11c	viable
SPCC645.12c	viable
SPCC645.13	viable
SPCC645.14c	viable
SPCC663.01c	viable
SPCC663.02	viable
SPCC663.03	viable
SPCC663.04	viable
SPCC663.05c	inviable
SPCC663.06c	viable
SPCC663.07c	unknown
SPCC663.08c	viable
SPCC663.09c	viable
SPCC663.10	viable
SPCC663.11	viable
SPCC663.12	viable
SPCC663.13c	viable
SPCC663.14c	viable
SPCC663.15c	viable
SPCC663.17	unknown
SPCC663.18	viable
SPCC70.02c	viable
SPCC70.03c	viable
SPCC70.04c	viable
SPCC70.05c	inviable
SPCC70.06	viable
SPCC70.07c	inviable
SPCC70.08c	viable
SPCC70.09c	viable
SPCC70.10	viable
SPCC70.12c	viable
SPCC736.02	viable
SPCC736.03c	inviable
SPCC736.04c	viable
SPCC736.05	viable
SPCC736.06	viable
SPCC736.07c	viable
SPCC736.08	condition-dependent
SPCC736.09c	viable
SPCC736.10c	inviable
SPCC736.11	viable
SPCC736.12c	inviable
SPCC736.13	viable
SPCC736.14	condition-dependent
SPCC736.15	viable
SPCC737.02c	viable
SPCC737.03c	viable
SPCC737.04	viable
SPCC737.05	viable
SPCC737.06c	viable
SPCC737.07c	viable
SPCC737.08	inviable
SPCC737.09c	viable
SPCC74.01	inviable
SPCC74.02c	viable
SPCC74.03c	viable
SPCC74.04	viable
SPCC74.05	viable
SPCC74.06	viable
SPCC74.09	viable
SPCC757.02c	viable
SPCC757.03c	viable
SPCC757.04	viable
SPCC757.05c	viable
SPCC757.06	unknown
SPCC757.07c	viable
SPCC757.08	inviable
SPCC757.09c	viable
SPCC757.10	inviable
SPCC757.11c	viable
SPCC757.12	viable
SPCC757.13	viable
SPCC757.15	unknown
SPCC777.02	viable
SPCC777.03c	viable
SPCC777.04	viable
SPCC777.05	condition-dependent
SPCC777.06c	viable
SPCC777.07	viable
SPCC777.08c	viable
SPCC777.09c	viable
SPCC777.10c	condition-dependent
SPCC777.11	inviable
SPCC777.12c	viable
SPCC777.13	viable
SPCC777.14	inviable
SPCC777.15	viable
SPCC777.17c	viable
SPCC790.02	condition-dependent
SPCC790.03	condition-dependent
SPCC794.01c	viable
SPCC794.02	viable
SPCC794.03	viable
SPCC794.04c	viable
SPCC794.06	viable
SPCC794.07	viable
SPCC794.08	viable
SPCC794.09c	viable
SPCC794.10	viable
SPCC794.11c	viable
SPCC794.12c	viable
SPCC794.15	viable
SPCC794.16	unknown
SPCC825.01	viable
SPCC825.02	condition-dependent
SPCC825.03c	inviable
SPCC825.04c	viable
SPCC825.05c	viable
SPCC830.02	unknown
SPCC830.03	inviable
SPCC830.04c	viable
SPCC830.05c	inviable
SPCC830.06	viable
SPCC830.07c	viable
SPCC830.08c	viable
SPCC830.09c	inviable
SPCC830.10	viable
SPCC830.11c	inviable
SPCC895.03c	inviable
SPCC895.04c	inviable
SPCC895.05	condition-dependent
SPCC895.06	viable
SPCC895.07	viable
SPCC895.08c	viable
SPCC895.09c	viable
SPCC962.01	viable
SPCC962.02c	inviable
SPCC962.03c	inviable
SPCC962.04	viable
SPCC962.05	viable
SPCC962.06c	inviable
SPCC965.03	inviable
SPCC965.04c	viable
SPCC965.05c	viable
SPCC965.06	viable
SPCC965.07c	viable
SPCC965.08c	viable
SPCC965.09	viable
SPCC965.10	viable
SPCC965.11c	viable
SPCC965.12	viable
SPCC965.13	viable
SPCC965.14c	viable
SPCC970.01	viable
SPCC970.02	viable
SPCC970.03	inviable
SPCC970.04c	inviable
SPCC970.05	viable
SPCC970.06	viable
SPCC970.07c	viable
SPCC970.08	inviable
SPCC970.09	inviable
SPCC970.10c	viable
SPCC970.11c	viable
SPCC970.12	inviable
SPCP1E11.02	viable
SPCP1E11.03	viable
SPCP1E11.04c	viable
SPCP1E11.05c	viable
SPCP1E11.06	viable
SPCP1E11.07c	viable
SPCP1E11.08	inviable
SPCP1E11.09c	viable
SPCP1E11.10	viable
SPCP1E11.11	viable
SPCP20C8.01c	viable
SPCP20C8.02c	viable
SPCP20C8.03	unknown
SPCP20C8.04	unknown
SPCP25A2.02c	viable
SPCP25A2.03	inviable
SPCP31B10.02	viable
SPCP31B10.03c	viable
SPCP31B10.04	viable
SPCP31B10.05	viable
SPCP31B10.06	viable
SPCP31B10.07	viable
SPCP31B10.08c	inviable
SPCPB16A4.02c	viable
SPCPB16A4.03c	viable
SPCPB16A4.04c	viable
SPCPB16A4.05c	viable
SPCPB16A4.06c	viable
SPCPB16A4.07	viable
SPCPB1C11.01	viable
SPCPB1C11.02	viable
SPCPB1C11.03	viable
SPCPJ732.01	viable
SPCPJ732.02c	viable
SPCPJ732.03	viable
SPCTRNAALA.12	unknown
SPCTRNAARG.08	unknown
SPCTRNAARG.09	unknown
SPCTRNAARG.10	unknown
SPCTRNAARG.11	unknown
SPCTRNAARG.12	unknown
SPCTRNAARG.13	unknown
SPCTRNAASN.05	unknown
SPCTRNAASN.06	unknown
SPCTRNAASP.05	unknown
SPCTRNAASP.06	unknown
SPCTRNAASP.07	unknown
SPCTRNAASP.08	unknown
SPCTRNAGLN.05	unknown
SPCTRNAGLN.06	unknown
SPCTRNAGLU.09	unknown
SPCTRNAGLU.10	unknown
SPCTRNAGLY.10	unknown
SPCTRNAGLY.11	unknown
SPCTRNAGLY.12	unknown
SPCTRNAHIS.03	unknown
SPCTRNAHIS.04	unknown
SPCTRNAILE.09	unknown
SPCTRNALEU.11	unknown
SPCTRNALEU.12	unknown
SPCTRNALEU.13	unknown
SPCTRNALYS.10	unknown
SPCTRNALYS.11	unknown
SPCTRNALYS.12	unknown
SPCTRNAMET.07	unknown
SPCTRNAPHE.04	unknown
SPCTRNAPHE.05	unknown
SPCTRNAPRO.09	unknown
SPCTRNASER.07	unknown
SPCTRNASER.08	unknown
SPCTRNASER.09	unknown
SPCTRNASER.10	unknown
SPCTRNASER.11	unknown
SPCTRNASER.12	unknown
SPCTRNASER.13	unknown
SPCTRNATHR.08	unknown
SPCTRNATHR.09	unknown
SPCTRNATHR.10	unknown
SPCTRNAVAL.09	unknown
SPCTRNAVAL.10	unknown
SPCTRNAVAL.11	unknown
SPCTRNAVAL.12	unknown
SPMIT.01	unknown
SPMIT.02	unknown
SPMIT.03	unknown
SPMIT.04	unknown
SPMIT.05	unknown
SPMIT.06	unknown
SPMIT.07	unknown
SPMIT.08	unknown
SPMIT.09	unknown
SPMIT.10	unknown
SPMIT.11	unknown
SPMITNCRNA.01	unknown
SPMITTRNAALA.01	unknown
SPMITTRNAARG.01	unknown
SPMITTRNAARG.02	unknown
SPMITTRNAASN.01	unknown
SPMITTRNAASP.01	unknown
SPMITTRNACYS.01	unknown
SPMITTRNAGLN.01	unknown
SPMITTRNAGLU.01	unknown
SPMITTRNAGLY.01	unknown
SPMITTRNAHIS.01	unknown
SPMITTRNAILE.01	unknown
SPMITTRNAILE.02	unknown
SPMITTRNALEU.01	unknown
SPMITTRNALEU.02	unknown
SPMITTRNALYS.01	unknown
SPMITTRNAMET.01	unknown
SPMITTRNAMET.02	unknown
SPMITTRNAPHE.01	unknown
SPMITTRNAPRO.01	unknown
SPMITTRNASER.01	unknown
SPMITTRNASER.02	unknown
SPMITTRNATHR.01	unknown
SPMITTRNATRP.01	unknown
SPMITTRNATYR.01	unknown
SPMITTRNAVAL.01	unknown
SPMTR.01	unknown
SPMTR.02	unknown
SPNCRNA.02	unknown
SPNCRNA.03	unknown
SPNCRNA.04	unknown
SPNCRNA.05	unknown
SPNCRNA.07	unknown
SPNCRNA.100	unknown
SPNCRNA.1000	unknown
SPNCRNA.1001	unknown
SPNCRNA.1002	unknown
SPNCRNA.1003	unknown
SPNCRNA.1004	unknown
SPNCRNA.1005	unknown
SPNCRNA.1006	unknown
SPNCRNA.1007	unknown
SPNCRNA.1008	unknown
SPNCRNA.1009	unknown
SPNCRNA.1010	unknown
SPNCRNA.1011	unknown
SPNCRNA.1012	unknown
SPNCRNA.1013	unknown
SPNCRNA.1014	unknown
SPNCRNA.1015	unknown
SPNCRNA.1016	unknown
SPNCRNA.1017	unknown
SPNCRNA.1018	unknown
SPNCRNA.1019	unknown
SPNCRNA.102	unknown
SPNCRNA.1020	unknown
SPNCRNA.1021	unknown
SPNCRNA.1022	unknown
SPNCRNA.1023	unknown
SPNCRNA.1024	unknown
SPNCRNA.1025	unknown
SPNCRNA.1026	unknown
SPNCRNA.1027	unknown
SPNCRNA.1028	unknown
SPNCRNA.1029	unknown
SPNCRNA.103	viable
SPNCRNA.1030	unknown
SPNCRNA.1031	unknown
SPNCRNA.1032	unknown
SPNCRNA.1033	unknown
SPNCRNA.1034	unknown
SPNCRNA.1035	unknown
SPNCRNA.1036	unknown
SPNCRNA.1037	unknown
SPNCRNA.1039	unknown
SPNCRNA.1040	unknown
SPNCRNA.1041	unknown
SPNCRNA.1042	unknown
SPNCRNA.1043	unknown
SPNCRNA.1044	unknown
SPNCRNA.1045	unknown
SPNCRNA.1046	unknown
SPNCRNA.1047	unknown
SPNCRNA.1048	unknown
SPNCRNA.1049	unknown
SPNCRNA.105	unknown
SPNCRNA.1050	unknown
SPNCRNA.1051	unknown
SPNCRNA.1052	unknown
SPNCRNA.1053	unknown
SPNCRNA.1054	unknown
SPNCRNA.1055	unknown
SPNCRNA.1056	unknown
SPNCRNA.1057	unknown
SPNCRNA.1058	unknown
SPNCRNA.1059	unknown
SPNCRNA.1060	unknown
SPNCRNA.1061	unknown
SPNCRNA.1062	unknown
SPNCRNA.1063	unknown
SPNCRNA.1064	unknown
SPNCRNA.1065	unknown
SPNCRNA.1066	unknown
SPNCRNA.1067	unknown
SPNCRNA.1068	unknown
SPNCRNA.1069	unknown
SPNCRNA.107	unknown
SPNCRNA.1070	unknown
SPNCRNA.1071	unknown
SPNCRNA.1072	unknown
SPNCRNA.1073	unknown
SPNCRNA.1074	unknown
SPNCRNA.1075	unknown
SPNCRNA.1076	unknown
SPNCRNA.1077	unknown
SPNCRNA.1078	unknown
SPNCRNA.1079	unknown
SPNCRNA.1080	unknown
SPNCRNA.1081	unknown
SPNCRNA.1082	unknown
SPNCRNA.1083	unknown
SPNCRNA.1085	unknown
SPNCRNA.1086	unknown
SPNCRNA.1087	unknown
SPNCRNA.1088	unknown
SPNCRNA.1089	unknown
SPNCRNA.1090	unknown
SPNCRNA.1091	unknown
SPNCRNA.1092	unknown
SPNCRNA.1093	unknown
SPNCRNA.1094	unknown
SPNCRNA.1095	unknown
SPNCRNA.1096	unknown
SPNCRNA.1097	unknown
SPNCRNA.1099	unknown
SPNCRNA.11	unknown
SPNCRNA.110	unknown
SPNCRNA.1100	unknown
SPNCRNA.1101	unknown
SPNCRNA.1102	unknown
SPNCRNA.1103	unknown
SPNCRNA.1104	unknown
SPNCRNA.1105	unknown
SPNCRNA.1106	unknown
SPNCRNA.1107	unknown
SPNCRNA.1108	unknown
SPNCRNA.1109	unknown
SPNCRNA.111	unknown
SPNCRNA.1110	unknown
SPNCRNA.1111	unknown
SPNCRNA.1112	unknown
SPNCRNA.1113	unknown
SPNCRNA.1114	unknown
SPNCRNA.1115	unknown
SPNCRNA.1116	unknown
SPNCRNA.1117	unknown
SPNCRNA.1118	unknown
SPNCRNA.1119	unknown
SPNCRNA.112	unknown
SPNCRNA.1120	unknown
SPNCRNA.1121	unknown
SPNCRNA.1122	unknown
SPNCRNA.1123	unknown
SPNCRNA.1124	unknown
SPNCRNA.1125	unknown
SPNCRNA.1126	unknown
SPNCRNA.1127	unknown
SPNCRNA.1128	unknown
SPNCRNA.1129	unknown
SPNCRNA.1130	unknown
SPNCRNA.1131	unknown
SPNCRNA.1132	unknown
SPNCRNA.1133	unknown
SPNCRNA.1134	unknown
SPNCRNA.1135	unknown
SPNCRNA.1136	unknown
SPNCRNA.1137	unknown
SPNCRNA.1138	unknown
SPNCRNA.1139	unknown
SPNCRNA.1140	unknown
SPNCRNA.1141	unknown
SPNCRNA.1142	unknown
SPNCRNA.1143	unknown
SPNCRNA.1144	unknown
SPNCRNA.1145	unknown
SPNCRNA.1146	unknown
SPNCRNA.1147	unknown
SPNCRNA.1148	unknown
SPNCRNA.1149	unknown
SPNCRNA.115	unknown
SPNCRNA.1150	unknown
SPNCRNA.1151	unknown
SPNCRNA.1152	unknown
SPNCRNA.1153	unknown
SPNCRNA.1154	unknown
SPNCRNA.1155	unknown
SPNCRNA.1156	unknown
SPNCRNA.1157	unknown
SPNCRNA.1158	unknown
SPNCRNA.1159	unknown
SPNCRNA.116	unknown
SPNCRNA.1160	unknown
SPNCRNA.1161	unknown
SPNCRNA.1162	unknown
SPNCRNA.1164	unknown
SPNCRNA.1165	unknown
SPNCRNA.1166	unknown
SPNCRNA.1167	unknown
SPNCRNA.1168	unknown
SPNCRNA.1169	unknown
SPNCRNA.117	unknown
SPNCRNA.1170	unknown
SPNCRNA.1171	unknown
SPNCRNA.1172	unknown
SPNCRNA.1173	unknown
SPNCRNA.1174	unknown
SPNCRNA.1175	unknown
SPNCRNA.1176	unknown
SPNCRNA.1177	unknown
SPNCRNA.1178	unknown
SPNCRNA.1179	unknown
SPNCRNA.118	unknown
SPNCRNA.1180	unknown
SPNCRNA.1181	unknown
SPNCRNA.1182	unknown
SPNCRNA.1183	unknown
SPNCRNA.1184	unknown
SPNCRNA.1185	unknown
SPNCRNA.1186	unknown
SPNCRNA.1187	unknown
SPNCRNA.1188	unknown
SPNCRNA.1189	unknown
SPNCRNA.1190	unknown
SPNCRNA.1191	unknown
SPNCRNA.1192	unknown
SPNCRNA.1193	unknown
SPNCRNA.1194	unknown
SPNCRNA.1195	unknown
SPNCRNA.1197	unknown
SPNCRNA.1198	unknown
SPNCRNA.1199	unknown
SPNCRNA.12	unknown
SPNCRNA.120	unknown
SPNCRNA.1200	unknown
SPNCRNA.1201	unknown
SPNCRNA.1202	unknown
SPNCRNA.1203	unknown
SPNCRNA.1204	unknown
SPNCRNA.1205	unknown
SPNCRNA.1206	unknown
SPNCRNA.1207	unknown
SPNCRNA.1208	unknown
SPNCRNA.1209	unknown
SPNCRNA.121	unknown
SPNCRNA.1210	unknown
SPNCRNA.1211	unknown
SPNCRNA.1212	unknown
SPNCRNA.1213	unknown
SPNCRNA.1214	unknown
SPNCRNA.1215	unknown
SPNCRNA.1216	unknown
SPNCRNA.1218	unknown
SPNCRNA.1219	unknown
SPNCRNA.122	unknown
SPNCRNA.1220	unknown
SPNCRNA.1221	unknown
SPNCRNA.1222	unknown
SPNCRNA.1223	unknown
SPNCRNA.1224	unknown
SPNCRNA.1225	unknown
SPNCRNA.1226	unknown
SPNCRNA.1227	unknown
SPNCRNA.1228	unknown
SPNCRNA.1229	unknown
SPNCRNA.123	unknown
SPNCRNA.1230	unknown
SPNCRNA.1231	unknown
SPNCRNA.1232	unknown
SPNCRNA.1233	unknown
SPNCRNA.1234	viable
SPNCRNA.1235	unknown
SPNCRNA.1236	unknown
SPNCRNA.1237	unknown
SPNCRNA.1238	unknown
SPNCRNA.1239	unknown
SPNCRNA.124	unknown
SPNCRNA.1240	unknown
SPNCRNA.1241	unknown
SPNCRNA.1242	unknown
SPNCRNA.1243	unknown
SPNCRNA.1244	unknown
SPNCRNA.1245	unknown
SPNCRNA.1246	unknown
SPNCRNA.1247	unknown
SPNCRNA.1248	unknown
SPNCRNA.1249	unknown
SPNCRNA.1250	unknown
SPNCRNA.1251	unknown
SPNCRNA.1252	unknown
SPNCRNA.1253	unknown
SPNCRNA.1255	unknown
SPNCRNA.1257	unknown
SPNCRNA.1258	unknown
SPNCRNA.1259	unknown
SPNCRNA.1260	unknown
SPNCRNA.1261	unknown
SPNCRNA.1262	unknown
SPNCRNA.1263	unknown
SPNCRNA.1264	unknown
SPNCRNA.1265	unknown
SPNCRNA.1266	unknown
SPNCRNA.1267	unknown
SPNCRNA.1268	unknown
SPNCRNA.1269	unknown
SPNCRNA.1270	unknown
SPNCRNA.1271	unknown
SPNCRNA.1272	unknown
SPNCRNA.1273	unknown
SPNCRNA.1275	unknown
SPNCRNA.1276	unknown
SPNCRNA.1277	unknown
SPNCRNA.1278	unknown
SPNCRNA.1279	unknown
SPNCRNA.128	inviable
SPNCRNA.1280	unknown
SPNCRNA.1281	unknown
SPNCRNA.1282	unknown
SPNCRNA.1283	unknown
SPNCRNA.1284	unknown
SPNCRNA.1285	unknown
SPNCRNA.1286	unknown
SPNCRNA.1287	unknown
SPNCRNA.1288	unknown
SPNCRNA.1289	unknown
SPNCRNA.1290	unknown
SPNCRNA.1292	unknown
SPNCRNA.1293	unknown
SPNCRNA.1294	unknown
SPNCRNA.1296	unknown
SPNCRNA.1297	unknown
SPNCRNA.1298	unknown
SPNCRNA.1299	unknown
SPNCRNA.13	unknown
SPNCRNA.130	unknown
SPNCRNA.1301	unknown
SPNCRNA.1302	unknown
SPNCRNA.1303	unknown
SPNCRNA.1304	unknown
SPNCRNA.1305	unknown
SPNCRNA.1306	unknown
SPNCRNA.1307	unknown
SPNCRNA.1309	unknown
SPNCRNA.131	unknown
SPNCRNA.1310	unknown
SPNCRNA.1312	unknown
SPNCRNA.1313	unknown
SPNCRNA.1314	unknown
SPNCRNA.1315	unknown
SPNCRNA.1316	unknown
SPNCRNA.1317	unknown
SPNCRNA.1318	unknown
SPNCRNA.1319	unknown
SPNCRNA.132	unknown
SPNCRNA.1320	unknown
SPNCRNA.1321	viable
SPNCRNA.1322	unknown
SPNCRNA.1323	unknown
SPNCRNA.1324	unknown
SPNCRNA.1325	unknown
SPNCRNA.1326	unknown
SPNCRNA.1327	unknown
SPNCRNA.1328	unknown
SPNCRNA.1329	unknown
SPNCRNA.133	unknown
SPNCRNA.1330	unknown
SPNCRNA.1331	unknown
SPNCRNA.1332	unknown
SPNCRNA.1333	unknown
SPNCRNA.1334	unknown
SPNCRNA.1335	unknown
SPNCRNA.1336	unknown
SPNCRNA.1337	unknown
SPNCRNA.1338	unknown
SPNCRNA.1339	unknown
SPNCRNA.134	unknown
SPNCRNA.1340	unknown
SPNCRNA.1342	unknown
SPNCRNA.1343	viable
SPNCRNA.1344	unknown
SPNCRNA.1345	unknown
SPNCRNA.1346	unknown
SPNCRNA.1348	unknown
SPNCRNA.1349	unknown
SPNCRNA.135	unknown
SPNCRNA.1350	unknown
SPNCRNA.1351	unknown
SPNCRNA.1352	unknown
SPNCRNA.1353	unknown
SPNCRNA.1354	unknown
SPNCRNA.1355	unknown
SPNCRNA.1356	unknown
SPNCRNA.1357	unknown
SPNCRNA.1358	unknown
SPNCRNA.1359	unknown
SPNCRNA.136	unknown
SPNCRNA.1360	unknown
SPNCRNA.1361	unknown
SPNCRNA.1362	unknown
SPNCRNA.1363	unknown
SPNCRNA.1364	unknown
SPNCRNA.1365	unknown
SPNCRNA.1366	unknown
SPNCRNA.1367	unknown
SPNCRNA.1368	unknown
SPNCRNA.1369	unknown
SPNCRNA.137	unknown
SPNCRNA.1370	unknown
SPNCRNA.1371	unknown
SPNCRNA.1373	unknown
SPNCRNA.1374	unknown
SPNCRNA.1375	unknown
SPNCRNA.1376	unknown
SPNCRNA.1377	unknown
SPNCRNA.1378	unknown
SPNCRNA.1379	unknown
SPNCRNA.1381	unknown
SPNCRNA.1382	unknown
SPNCRNA.1383	unknown
SPNCRNA.1384	unknown
SPNCRNA.1385	unknown
SPNCRNA.1386	unknown
SPNCRNA.1387	unknown
SPNCRNA.1389	unknown
SPNCRNA.139	unknown
SPNCRNA.1390	unknown
SPNCRNA.1391	unknown
SPNCRNA.1392	unknown
SPNCRNA.1393	unknown
SPNCRNA.1394	unknown
SPNCRNA.1395	unknown
SPNCRNA.1396	unknown
SPNCRNA.1397	unknown
SPNCRNA.1398	unknown
SPNCRNA.1399	unknown
SPNCRNA.14	unknown
SPNCRNA.1400	unknown
SPNCRNA.1401	unknown
SPNCRNA.1402	unknown
SPNCRNA.1403	unknown
SPNCRNA.1404	unknown
SPNCRNA.1405	unknown
SPNCRNA.1406	unknown
SPNCRNA.1407	unknown
SPNCRNA.1408	unknown
SPNCRNA.1409	unknown
SPNCRNA.141	unknown
SPNCRNA.1410	unknown
SPNCRNA.1411	unknown
SPNCRNA.1412	unknown
SPNCRNA.1413	unknown
SPNCRNA.1414	unknown
SPNCRNA.1415	unknown
SPNCRNA.1416	unknown
SPNCRNA.1417	unknown
SPNCRNA.1418	unknown
SPNCRNA.1419	unknown
SPNCRNA.142	unknown
SPNCRNA.1420	unknown
SPNCRNA.1421	unknown
SPNCRNA.1422	unknown
SPNCRNA.1423	unknown
SPNCRNA.1424	unknown
SPNCRNA.1425	unknown
SPNCRNA.1426	unknown
SPNCRNA.1427	unknown
SPNCRNA.1428	unknown
SPNCRNA.1429	unknown
SPNCRNA.1430	unknown
SPNCRNA.1431	unknown
SPNCRNA.1432	unknown
SPNCRNA.1433	unknown
SPNCRNA.1434	unknown
SPNCRNA.1435	unknown
SPNCRNA.1437	unknown
SPNCRNA.1438	unknown
SPNCRNA.1439	unknown
SPNCRNA.1440	unknown
SPNCRNA.1441	unknown
SPNCRNA.1442	unknown
SPNCRNA.1443	unknown
SPNCRNA.1444	unknown
SPNCRNA.1445	unknown
SPNCRNA.1446	unknown
SPNCRNA.1447	unknown
SPNCRNA.1448	unknown
SPNCRNA.1449	unknown
SPNCRNA.1450	unknown
SPNCRNA.1451	unknown
SPNCRNA.1452	unknown
SPNCRNA.1453	unknown
SPNCRNA.1454	unknown
SPNCRNA.1455	unknown
SPNCRNA.1456	unknown
SPNCRNA.1457	unknown
SPNCRNA.1458	unknown
SPNCRNA.1459	unknown
SPNCRNA.1460	unknown
SPNCRNA.1461	unknown
SPNCRNA.1462	unknown
SPNCRNA.1463	unknown
SPNCRNA.1464	unknown
SPNCRNA.1465	unknown
SPNCRNA.1466	unknown
SPNCRNA.1467	unknown
SPNCRNA.1468	unknown
SPNCRNA.1469	unknown
SPNCRNA.147	unknown
SPNCRNA.1470	unknown
SPNCRNA.1471	unknown
SPNCRNA.1472	unknown
SPNCRNA.1473	unknown
SPNCRNA.1474	unknown
SPNCRNA.1475	unknown
SPNCRNA.1476	unknown
SPNCRNA.1477	unknown
SPNCRNA.1478	unknown
SPNCRNA.1479	unknown
SPNCRNA.148	unknown
SPNCRNA.1480	unknown
SPNCRNA.1482	unknown
SPNCRNA.1483	unknown
SPNCRNA.1484	unknown
SPNCRNA.1485	unknown
SPNCRNA.1487	unknown
SPNCRNA.1488	unknown
SPNCRNA.1489	unknown
SPNCRNA.1490	unknown
SPNCRNA.1491	unknown
SPNCRNA.1492	unknown
SPNCRNA.1493	unknown
SPNCRNA.1494	unknown
SPNCRNA.1495	unknown
SPNCRNA.1496	unknown
SPNCRNA.1497	unknown
SPNCRNA.1498	unknown
SPNCRNA.1499	unknown
SPNCRNA.15	unknown
SPNCRNA.1500	unknown
SPNCRNA.1501	unknown
SPNCRNA.1502	unknown
SPNCRNA.1503	unknown
SPNCRNA.1504	unknown
SPNCRNA.1505	unknown
SPNCRNA.1506	unknown
SPNCRNA.1507	unknown
SPNCRNA.1508	unknown
SPNCRNA.1509	unknown
SPNCRNA.1510	unknown
SPNCRNA.1511	unknown
SPNCRNA.1512	unknown
SPNCRNA.1513	unknown
SPNCRNA.1514	unknown
SPNCRNA.1515	unknown
SPNCRNA.1516	unknown
SPNCRNA.1517	unknown
SPNCRNA.1518	unknown
SPNCRNA.1519	unknown
SPNCRNA.1520	unknown
SPNCRNA.1521	unknown
SPNCRNA.1522	unknown
SPNCRNA.1523	unknown
SPNCRNA.1524	unknown
SPNCRNA.1525	unknown
SPNCRNA.1526	unknown
SPNCRNA.1527	unknown
SPNCRNA.1528	unknown
SPNCRNA.1529	unknown
SPNCRNA.1530	unknown
SPNCRNA.1532	unknown
SPNCRNA.1533	unknown
SPNCRNA.1534	unknown
SPNCRNA.1535	unknown
SPNCRNA.1536	unknown
SPNCRNA.1537	unknown
SPNCRNA.1538	unknown
SPNCRNA.1539	unknown
SPNCRNA.154	unknown
SPNCRNA.1540	unknown
SPNCRNA.1542	unknown
SPNCRNA.1543	unknown
SPNCRNA.1544	unknown
SPNCRNA.1545	unknown
SPNCRNA.1546	unknown
SPNCRNA.1547	unknown
SPNCRNA.1548	unknown
SPNCRNA.1549	unknown
SPNCRNA.155	unknown
SPNCRNA.1550	unknown
SPNCRNA.1551	unknown
SPNCRNA.1552	unknown
SPNCRNA.1553	unknown
SPNCRNA.1554	unknown
SPNCRNA.1555	unknown
SPNCRNA.1556	unknown
SPNCRNA.1557	unknown
SPNCRNA.1558	unknown
SPNCRNA.1559	unknown
SPNCRNA.156	unknown
SPNCRNA.1560	unknown
SPNCRNA.1561	unknown
SPNCRNA.1562	unknown
SPNCRNA.1563	unknown
SPNCRNA.1564	unknown
SPNCRNA.1565	unknown
SPNCRNA.1566	unknown
SPNCRNA.1567	unknown
SPNCRNA.1568	unknown
SPNCRNA.1569	unknown
SPNCRNA.1570	unknown
SPNCRNA.1571	unknown
SPNCRNA.1572	unknown
SPNCRNA.1573	unknown
SPNCRNA.1574	unknown
SPNCRNA.1575	unknown
SPNCRNA.1576	unknown
SPNCRNA.1577	unknown
SPNCRNA.1578	unknown
SPNCRNA.1579	unknown
SPNCRNA.158	unknown
SPNCRNA.1580	unknown
SPNCRNA.1581	unknown
SPNCRNA.1582	unknown
SPNCRNA.1583	unknown
SPNCRNA.1584	unknown
SPNCRNA.1585	unknown
SPNCRNA.1586	unknown
SPNCRNA.1587	unknown
SPNCRNA.1588	unknown
SPNCRNA.1589	unknown
SPNCRNA.159	unknown
SPNCRNA.1590	unknown
SPNCRNA.1591	unknown
SPNCRNA.1592	unknown
SPNCRNA.1593	unknown
SPNCRNA.1594	unknown
SPNCRNA.1595	unknown
SPNCRNA.1596	unknown
SPNCRNA.1597	unknown
SPNCRNA.1598	unknown
SPNCRNA.1599	unknown
SPNCRNA.16	unknown
SPNCRNA.160	unknown
SPNCRNA.1600	unknown
SPNCRNA.1601	unknown
SPNCRNA.1602	unknown
SPNCRNA.1603	unknown
SPNCRNA.1604	unknown
SPNCRNA.1605	unknown
SPNCRNA.1606	unknown
SPNCRNA.1607	unknown
SPNCRNA.1608	unknown
SPNCRNA.1609	unknown
SPNCRNA.1610	unknown
SPNCRNA.1611	unknown
SPNCRNA.1613	unknown
SPNCRNA.1614	unknown
SPNCRNA.1615	unknown
SPNCRNA.1616	unknown
SPNCRNA.1617	unknown
SPNCRNA.1618	unknown
SPNCRNA.1619	unknown
SPNCRNA.1620	unknown
SPNCRNA.1621	unknown
SPNCRNA.1622	unknown
SPNCRNA.1623	unknown
SPNCRNA.1624	unknown
SPNCRNA.1625	unknown
SPNCRNA.1626	unknown
SPNCRNA.1627	unknown
SPNCRNA.1628	unknown
SPNCRNA.1629	unknown
SPNCRNA.163	unknown
SPNCRNA.1630	unknown
SPNCRNA.1632	unknown
SPNCRNA.1633	unknown
SPNCRNA.1634	unknown
SPNCRNA.1635	unknown
SPNCRNA.1636	unknown
SPNCRNA.1637	unknown
SPNCRNA.1638	unknown
SPNCRNA.1639	unknown
SPNCRNA.164	unknown
SPNCRNA.1640	unknown
SPNCRNA.1641	unknown
SPNCRNA.1642	unknown
SPNCRNA.1643	unknown
SPNCRNA.1644	unknown
SPNCRNA.1645	unknown
SPNCRNA.1646	unknown
SPNCRNA.1647	unknown
SPNCRNA.1648	unknown
SPNCRNA.1649	unknown
SPNCRNA.1650	unknown
SPNCRNA.1651	unknown
SPNCRNA.1653	unknown
SPNCRNA.1654	unknown
SPNCRNA.1655	unknown
SPNCRNA.1656	unknown
SPNCRNA.1657	unknown
SPNCRNA.1658	unknown
SPNCRNA.1659	unknown
SPNCRNA.166	unknown
SPNCRNA.1660	unknown
SPNCRNA.1661	unknown
SPNCRNA.1662	unknown
SPNCRNA.1663	unknown
SPNCRNA.1664	unknown
SPNCRNA.1665	unknown
SPNCRNA.1666	unknown
SPNCRNA.1667	unknown
SPNCRNA.1668	unknown
SPNCRNA.1669	unknown
SPNCRNA.1670	unknown
SPNCRNA.1671	unknown
SPNCRNA.1672	unknown
SPNCRNA.1673	unknown
SPNCRNA.1674	unknown
SPNCRNA.1675	unknown
SPNCRNA.1676	unknown
SPNCRNA.1677	unknown
SPNCRNA.1678	unknown
SPNCRNA.168	unknown
SPNCRNA.1680	unknown
SPNCRNA.1681	unknown
SPNCRNA.1682	unknown
SPNCRNA.1683	unknown
SPNCRNA.1684	unknown
SPNCRNA.1685	unknown
SPNCRNA.1686	unknown
SPNCRNA.1687	unknown
SPNCRNA.1688	unknown
SPNCRNA.1689	unknown
SPNCRNA.169	unknown
SPNCRNA.1690	unknown
SPNCRNA.1691	unknown
SPNCRNA.1692	unknown
SPNCRNA.1693	unknown
SPNCRNA.1694	unknown
SPNCRNA.1695	unknown
SPNCRNA.1696	unknown
SPNCRNA.1697	unknown
SPNCRNA.1698	unknown
SPNCRNA.17	unknown
SPNCRNA.1701	unknown
SPNCRNA.1702	unknown
SPNCRNA.1703	unknown
SPNCRNA.1704	unknown
SPNCRNA.1705	unknown
SPNCRNA.1706	unknown
SPNCRNA.1708	unknown
SPNCRNA.1709	unknown
SPNCRNA.171	unknown
SPNCRNA.1710	unknown
SPNCRNA.1712	unknown
SPNCRNA.1714	unknown
SPNCRNA.1715	viable
SPNCRNA.173	unknown
SPNCRNA.174	unknown
SPNCRNA.175	unknown
SPNCRNA.177	unknown
SPNCRNA.178	unknown
SPNCRNA.181	unknown
SPNCRNA.182	unknown
SPNCRNA.184	unknown
SPNCRNA.185	unknown
SPNCRNA.186	unknown
SPNCRNA.187	unknown
SPNCRNA.188	unknown
SPNCRNA.189	unknown
SPNCRNA.19	unknown
SPNCRNA.190	unknown
SPNCRNA.192	unknown
SPNCRNA.194	unknown
SPNCRNA.195	unknown
SPNCRNA.198	unknown
SPNCRNA.199	unknown
SPNCRNA.200	unknown
SPNCRNA.2000	unknown
SPNCRNA.2001	unknown
SPNCRNA.2002	unknown
SPNCRNA.2003	unknown
SPNCRNA.2004	unknown
SPNCRNA.2005	unknown
SPNCRNA.2006	unknown
SPNCRNA.2007	unknown
SPNCRNA.2008	unknown
SPNCRNA.2009	unknown
SPNCRNA.201	unknown
SPNCRNA.2011	unknown
SPNCRNA.2012	unknown
SPNCRNA.2013	unknown
SPNCRNA.2014	unknown
SPNCRNA.2015	unknown
SPNCRNA.2016	unknown
SPNCRNA.2017	unknown
SPNCRNA.2018	unknown
SPNCRNA.2019	unknown
SPNCRNA.202	unknown
SPNCRNA.2020	unknown
SPNCRNA.2021	unknown
SPNCRNA.2022	unknown
SPNCRNA.2023	unknown
SPNCRNA.2024	unknown
SPNCRNA.2025	unknown
SPNCRNA.2026	unknown
SPNCRNA.2027	unknown
SPNCRNA.2028	unknown
SPNCRNA.2029	unknown
SPNCRNA.2030	unknown
SPNCRNA.2031	unknown
SPNCRNA.2032	unknown
SPNCRNA.2033	unknown
SPNCRNA.2034	unknown
SPNCRNA.2035	unknown
SPNCRNA.2036	unknown
SPNCRNA.2037	unknown
SPNCRNA.2038	unknown
SPNCRNA.2039	unknown
SPNCRNA.204	unknown
SPNCRNA.2040	unknown
SPNCRNA.2041	unknown
SPNCRNA.2042	unknown
SPNCRNA.2043	unknown
SPNCRNA.2044	unknown
SPNCRNA.2045	unknown
SPNCRNA.2046	unknown
SPNCRNA.2047	unknown
SPNCRNA.2048	unknown
SPNCRNA.2049	unknown
SPNCRNA.2050	unknown
SPNCRNA.2051	unknown
SPNCRNA.2052	unknown
SPNCRNA.2053	unknown
SPNCRNA.2054	unknown
SPNCRNA.2055	unknown
SPNCRNA.2056	unknown
SPNCRNA.2057	unknown
SPNCRNA.2058	unknown
SPNCRNA.2059	unknown
SPNCRNA.2060	unknown
SPNCRNA.2061	unknown
SPNCRNA.2062	unknown
SPNCRNA.2063	unknown
SPNCRNA.2064	unknown
SPNCRNA.2065	unknown
SPNCRNA.2066	unknown
SPNCRNA.2067	unknown
SPNCRNA.2068	unknown
SPNCRNA.2069	unknown
SPNCRNA.2070	unknown
SPNCRNA.2071	unknown
SPNCRNA.2072	unknown
SPNCRNA.2073	unknown
SPNCRNA.2074	unknown
SPNCRNA.2075	unknown
SPNCRNA.2076	unknown
SPNCRNA.2077	unknown
SPNCRNA.2078	unknown
SPNCRNA.2079	unknown
SPNCRNA.2080	unknown
SPNCRNA.2081	unknown
SPNCRNA.2082	unknown
SPNCRNA.2083	unknown
SPNCRNA.2084	unknown
SPNCRNA.2085	unknown
SPNCRNA.2086	unknown
SPNCRNA.2087	unknown
SPNCRNA.2088	unknown
SPNCRNA.2089	unknown
SPNCRNA.209	unknown
SPNCRNA.2090	unknown
SPNCRNA.2091	unknown
SPNCRNA.2092	unknown
SPNCRNA.2093	unknown
SPNCRNA.2094	unknown
SPNCRNA.2095	unknown
SPNCRNA.2096	unknown
SPNCRNA.2097	unknown
SPNCRNA.2098	unknown
SPNCRNA.2099	unknown
SPNCRNA.21	unknown
SPNCRNA.2100	unknown
SPNCRNA.2101	unknown
SPNCRNA.2102	unknown
SPNCRNA.2103	unknown
SPNCRNA.2104	unknown
SPNCRNA.2105	unknown
SPNCRNA.2106	unknown
SPNCRNA.2107	unknown
SPNCRNA.2108	unknown
SPNCRNA.2109	unknown
SPNCRNA.2110	unknown
SPNCRNA.2111	unknown
SPNCRNA.2112	unknown
SPNCRNA.2113	unknown
SPNCRNA.2114	unknown
SPNCRNA.2115	unknown
SPNCRNA.2116	unknown
SPNCRNA.2117	unknown
SPNCRNA.2118	unknown
SPNCRNA.2119	unknown
SPNCRNA.212	unknown
SPNCRNA.2120	unknown
SPNCRNA.2121	unknown
SPNCRNA.2122	unknown
SPNCRNA.2123	unknown
SPNCRNA.2124	unknown
SPNCRNA.2125	unknown
SPNCRNA.2126	unknown
SPNCRNA.2127	unknown
SPNCRNA.2128	unknown
SPNCRNA.2129	unknown
SPNCRNA.213	unknown
SPNCRNA.2130	unknown
SPNCRNA.2131	unknown
SPNCRNA.2132	unknown
SPNCRNA.2133	unknown
SPNCRNA.2134	unknown
SPNCRNA.2135	unknown
SPNCRNA.2136	unknown
SPNCRNA.2137	unknown
SPNCRNA.2138	unknown
SPNCRNA.2139	unknown
SPNCRNA.214	viable
SPNCRNA.2140	unknown
SPNCRNA.2141	unknown
SPNCRNA.2142	unknown
SPNCRNA.2143	unknown
SPNCRNA.2144	unknown
SPNCRNA.2145	unknown
SPNCRNA.2146	unknown
SPNCRNA.2147	unknown
SPNCRNA.2148	unknown
SPNCRNA.2149	unknown
SPNCRNA.215	unknown
SPNCRNA.2150	unknown
SPNCRNA.2151	unknown
SPNCRNA.2152	unknown
SPNCRNA.2153	unknown
SPNCRNA.2154	unknown
SPNCRNA.2155	unknown
SPNCRNA.2156	unknown
SPNCRNA.2157	unknown
SPNCRNA.2158	unknown
SPNCRNA.2159	unknown
SPNCRNA.216	unknown
SPNCRNA.2160	unknown
SPNCRNA.2161	unknown
SPNCRNA.2162	unknown
SPNCRNA.2163	unknown
SPNCRNA.2164	unknown
SPNCRNA.2165	unknown
SPNCRNA.2166	unknown
SPNCRNA.2167	unknown
SPNCRNA.2168	unknown
SPNCRNA.2169	unknown
SPNCRNA.217	unknown
SPNCRNA.2170	unknown
SPNCRNA.2171	unknown
SPNCRNA.2172	unknown
SPNCRNA.2173	unknown
SPNCRNA.2174	unknown
SPNCRNA.2175	unknown
SPNCRNA.2176	unknown
SPNCRNA.2177	unknown
SPNCRNA.2178	unknown
SPNCRNA.2179	unknown
SPNCRNA.218	unknown
SPNCRNA.2180	unknown
SPNCRNA.2181	unknown
SPNCRNA.2182	unknown
SPNCRNA.2183	unknown
SPNCRNA.2184	unknown
SPNCRNA.2185	unknown
SPNCRNA.2186	unknown
SPNCRNA.2187	unknown
SPNCRNA.2188	unknown
SPNCRNA.2189	unknown
SPNCRNA.219	unknown
SPNCRNA.2190	unknown
SPNCRNA.2191	unknown
SPNCRNA.2192	unknown
SPNCRNA.2193	unknown
SPNCRNA.2194	unknown
SPNCRNA.2195	unknown
SPNCRNA.2196	unknown
SPNCRNA.2197	unknown
SPNCRNA.2198	unknown
SPNCRNA.2199	unknown
SPNCRNA.22	unknown
SPNCRNA.220	unknown
SPNCRNA.2200	unknown
SPNCRNA.2201	unknown
SPNCRNA.2202	unknown
SPNCRNA.2203	unknown
SPNCRNA.2204	unknown
SPNCRNA.2205	unknown
SPNCRNA.2206	unknown
SPNCRNA.2207	unknown
SPNCRNA.2208	unknown
SPNCRNA.2209	unknown
SPNCRNA.2210	unknown
SPNCRNA.2211	unknown
SPNCRNA.2212	unknown
SPNCRNA.2213	unknown
SPNCRNA.2214	unknown
SPNCRNA.2215	unknown
SPNCRNA.2216	unknown
SPNCRNA.2217	unknown
SPNCRNA.2218	unknown
SPNCRNA.2219	unknown
SPNCRNA.222	unknown
SPNCRNA.2220	unknown
SPNCRNA.2221	unknown
SPNCRNA.2222	unknown
SPNCRNA.2223	unknown
SPNCRNA.2224	unknown
SPNCRNA.2225	unknown
SPNCRNA.2226	unknown
SPNCRNA.2227	unknown
SPNCRNA.2228	unknown
SPNCRNA.2229	unknown
SPNCRNA.2230	unknown
SPNCRNA.2231	unknown
SPNCRNA.2232	unknown
SPNCRNA.2233	unknown
SPNCRNA.2234	unknown
SPNCRNA.2235	unknown
SPNCRNA.2236	unknown
SPNCRNA.2237	unknown
SPNCRNA.2238	unknown
SPNCRNA.2239	unknown
SPNCRNA.2240	unknown
SPNCRNA.2241	unknown
SPNCRNA.2242	unknown
SPNCRNA.2243	unknown
SPNCRNA.2244	unknown
SPNCRNA.2245	unknown
SPNCRNA.2246	unknown
SPNCRNA.2247	unknown
SPNCRNA.2248	unknown
SPNCRNA.2249	unknown
SPNCRNA.2250	unknown
SPNCRNA.2251	unknown
SPNCRNA.2252	unknown
SPNCRNA.2253	unknown
SPNCRNA.2254	unknown
SPNCRNA.2255	unknown
SPNCRNA.2256	unknown
SPNCRNA.2257	unknown
SPNCRNA.2258	unknown
SPNCRNA.2259	unknown
SPNCRNA.226	unknown
SPNCRNA.2260	unknown
SPNCRNA.2261	unknown
SPNCRNA.2262	unknown
SPNCRNA.2263	unknown
SPNCRNA.2264	unknown
SPNCRNA.2265	unknown
SPNCRNA.2266	unknown
SPNCRNA.2267	unknown
SPNCRNA.2268	unknown
SPNCRNA.2269	unknown
SPNCRNA.2270	unknown
SPNCRNA.2271	unknown
SPNCRNA.2272	unknown
SPNCRNA.2273	unknown
SPNCRNA.2274	unknown
SPNCRNA.2275	unknown
SPNCRNA.2276	unknown
SPNCRNA.2277	unknown
SPNCRNA.2278	unknown
SPNCRNA.2279	unknown
SPNCRNA.228	unknown
SPNCRNA.2280	unknown
SPNCRNA.2281	unknown
SPNCRNA.2282	unknown
SPNCRNA.2283	unknown
SPNCRNA.2284	unknown
SPNCRNA.2285	unknown
SPNCRNA.2286	unknown
SPNCRNA.2287	unknown
SPNCRNA.2288	unknown
SPNCRNA.2289	unknown
SPNCRNA.229	unknown
SPNCRNA.2290	unknown
SPNCRNA.2291	unknown
SPNCRNA.2292	unknown
SPNCRNA.2293	unknown
SPNCRNA.2294	unknown
SPNCRNA.2295	unknown
SPNCRNA.2296	unknown
SPNCRNA.2297	unknown
SPNCRNA.2298	unknown
SPNCRNA.2299	unknown
SPNCRNA.23	unknown
SPNCRNA.230	unknown
SPNCRNA.2300	unknown
SPNCRNA.2301	unknown
SPNCRNA.2302	unknown
SPNCRNA.2303	unknown
SPNCRNA.2304	unknown
SPNCRNA.2305	unknown
SPNCRNA.2306	unknown
SPNCRNA.2307	unknown
SPNCRNA.2308	unknown
SPNCRNA.2309	unknown
SPNCRNA.231	unknown
SPNCRNA.2310	unknown
SPNCRNA.2311	unknown
SPNCRNA.2312	unknown
SPNCRNA.2313	unknown
SPNCRNA.2314	unknown
SPNCRNA.2315	unknown
SPNCRNA.2316	unknown
SPNCRNA.2317	unknown
SPNCRNA.2318	unknown
SPNCRNA.2319	unknown
SPNCRNA.232	unknown
SPNCRNA.2320	unknown
SPNCRNA.2321	unknown
SPNCRNA.2322	unknown
SPNCRNA.2323	unknown
SPNCRNA.2324	unknown
SPNCRNA.2325	unknown
SPNCRNA.2326	unknown
SPNCRNA.2327	unknown
SPNCRNA.2328	unknown
SPNCRNA.2329	unknown
SPNCRNA.233	unknown
SPNCRNA.2330	unknown
SPNCRNA.2331	unknown
SPNCRNA.2332	unknown
SPNCRNA.2333	unknown
SPNCRNA.2334	unknown
SPNCRNA.2335	unknown
SPNCRNA.2336	unknown
SPNCRNA.2337	unknown
SPNCRNA.2338	unknown
SPNCRNA.2339	unknown
SPNCRNA.234	unknown
SPNCRNA.2340	unknown
SPNCRNA.2341	unknown
SPNCRNA.2342	unknown
SPNCRNA.2343	unknown
SPNCRNA.2344	unknown
SPNCRNA.2345	unknown
SPNCRNA.2346	unknown
SPNCRNA.2347	unknown
SPNCRNA.2348	unknown
SPNCRNA.2349	unknown
SPNCRNA.2350	unknown
SPNCRNA.2351	unknown
SPNCRNA.2352	unknown
SPNCRNA.2353	unknown
SPNCRNA.2354	unknown
SPNCRNA.2355	unknown
SPNCRNA.2356	unknown
SPNCRNA.2357	unknown
SPNCRNA.2358	unknown
SPNCRNA.2359	unknown
SPNCRNA.2360	unknown
SPNCRNA.2361	unknown
SPNCRNA.2362	unknown
SPNCRNA.2363	unknown
SPNCRNA.2364	unknown
SPNCRNA.2365	unknown
SPNCRNA.2366	unknown
SPNCRNA.2367	unknown
SPNCRNA.2368	unknown
SPNCRNA.2369	unknown
SPNCRNA.237	unknown
SPNCRNA.2370	unknown
SPNCRNA.2371	unknown
SPNCRNA.2372	unknown
SPNCRNA.2373	unknown
SPNCRNA.2374	unknown
SPNCRNA.2375	unknown
SPNCRNA.2376	unknown
SPNCRNA.2377	unknown
SPNCRNA.2378	unknown
SPNCRNA.2379	unknown
SPNCRNA.2380	unknown
SPNCRNA.2381	unknown
SPNCRNA.2382	unknown
SPNCRNA.2383	unknown
SPNCRNA.2384	unknown
SPNCRNA.2385	unknown
SPNCRNA.2386	unknown
SPNCRNA.2387	unknown
SPNCRNA.2388	unknown
SPNCRNA.2389	unknown
SPNCRNA.239	unknown
SPNCRNA.2390	unknown
SPNCRNA.2391	unknown
SPNCRNA.2392	unknown
SPNCRNA.2393	unknown
SPNCRNA.2394	unknown
SPNCRNA.2395	unknown
SPNCRNA.2396	unknown
SPNCRNA.2397	unknown
SPNCRNA.2398	unknown
SPNCRNA.2399	unknown
SPNCRNA.24	unknown
SPNCRNA.240	unknown
SPNCRNA.2400	unknown
SPNCRNA.2401	unknown
SPNCRNA.2402	unknown
SPNCRNA.2403	unknown
SPNCRNA.2404	unknown
SPNCRNA.2405	unknown
SPNCRNA.2406	unknown
SPNCRNA.2407	unknown
SPNCRNA.2408	unknown
SPNCRNA.2409	unknown
SPNCRNA.2410	unknown
SPNCRNA.2411	unknown
SPNCRNA.2412	unknown
SPNCRNA.2413	unknown
SPNCRNA.2414	unknown
SPNCRNA.2415	unknown
SPNCRNA.2416	unknown
SPNCRNA.2417	unknown
SPNCRNA.2418	unknown
SPNCRNA.2419	unknown
SPNCRNA.242	unknown
SPNCRNA.2420	unknown
SPNCRNA.2421	unknown
SPNCRNA.2422	unknown
SPNCRNA.2423	unknown
SPNCRNA.2424	unknown
SPNCRNA.2425	unknown
SPNCRNA.2426	unknown
SPNCRNA.2427	unknown
SPNCRNA.2428	unknown
SPNCRNA.2429	unknown
SPNCRNA.243	unknown
SPNCRNA.2430	unknown
SPNCRNA.2431	unknown
SPNCRNA.2432	unknown
SPNCRNA.2433	unknown
SPNCRNA.2434	unknown
SPNCRNA.2435	unknown
SPNCRNA.2436	unknown
SPNCRNA.2437	unknown
SPNCRNA.2438	unknown
SPNCRNA.2439	unknown
SPNCRNA.244	unknown
SPNCRNA.2440	unknown
SPNCRNA.2441	unknown
SPNCRNA.2442	unknown
SPNCRNA.2443	unknown
SPNCRNA.2444	unknown
SPNCRNA.2445	unknown
SPNCRNA.2446	unknown
SPNCRNA.2447	unknown
SPNCRNA.2448	unknown
SPNCRNA.2449	unknown
SPNCRNA.2450	unknown
SPNCRNA.2451	unknown
SPNCRNA.2452	unknown
SPNCRNA.2453	unknown
SPNCRNA.2454	unknown
SPNCRNA.2455	unknown
SPNCRNA.2456	unknown
SPNCRNA.2457	unknown
SPNCRNA.2458	unknown
SPNCRNA.2459	unknown
SPNCRNA.2460	unknown
SPNCRNA.2461	unknown
SPNCRNA.2462	unknown
SPNCRNA.2463	unknown
SPNCRNA.2464	unknown
SPNCRNA.2465	unknown
SPNCRNA.2466	unknown
SPNCRNA.2467	unknown
SPNCRNA.2468	unknown
SPNCRNA.2469	unknown
SPNCRNA.247	unknown
SPNCRNA.2470	unknown
SPNCRNA.2471	unknown
SPNCRNA.2472	unknown
SPNCRNA.2473	unknown
SPNCRNA.2474	unknown
SPNCRNA.2475	unknown
SPNCRNA.2476	unknown
SPNCRNA.2477	unknown
SPNCRNA.2478	unknown
SPNCRNA.2479	unknown
SPNCRNA.2480	unknown
SPNCRNA.2481	unknown
SPNCRNA.2482	unknown
SPNCRNA.2483	unknown
SPNCRNA.2484	unknown
SPNCRNA.2485	unknown
SPNCRNA.2486	unknown
SPNCRNA.2487	unknown
SPNCRNA.2488	unknown
SPNCRNA.2489	unknown
SPNCRNA.249	unknown
SPNCRNA.2490	unknown
SPNCRNA.2491	unknown
SPNCRNA.2492	unknown
SPNCRNA.2493	unknown
SPNCRNA.2494	unknown
SPNCRNA.2495	unknown
SPNCRNA.2496	unknown
SPNCRNA.2497	unknown
SPNCRNA.2498	unknown
SPNCRNA.2499	unknown
SPNCRNA.25	unknown
SPNCRNA.2500	unknown
SPNCRNA.2501	unknown
SPNCRNA.2502	unknown
SPNCRNA.2503	unknown
SPNCRNA.2504	unknown
SPNCRNA.2505	unknown
SPNCRNA.2506	unknown
SPNCRNA.2507	unknown
SPNCRNA.2508	unknown
SPNCRNA.2509	unknown
SPNCRNA.2510	unknown
SPNCRNA.2511	unknown
SPNCRNA.2512	unknown
SPNCRNA.2513	unknown
SPNCRNA.2514	unknown
SPNCRNA.2515	unknown
SPNCRNA.2516	unknown
SPNCRNA.2517	unknown
SPNCRNA.2518	unknown
SPNCRNA.2519	unknown
SPNCRNA.252	unknown
SPNCRNA.2520	unknown
SPNCRNA.2521	unknown
SPNCRNA.2522	unknown
SPNCRNA.2523	unknown
SPNCRNA.2524	unknown
SPNCRNA.2525	unknown
SPNCRNA.2526	unknown
SPNCRNA.2527	unknown
SPNCRNA.2528	unknown
SPNCRNA.2529	unknown
SPNCRNA.253	unknown
SPNCRNA.2530	unknown
SPNCRNA.2531	unknown
SPNCRNA.2532	unknown
SPNCRNA.2533	unknown
SPNCRNA.2534	unknown
SPNCRNA.2535	unknown
SPNCRNA.2536	unknown
SPNCRNA.2537	unknown
SPNCRNA.2538	unknown
SPNCRNA.2539	unknown
SPNCRNA.2540	unknown
SPNCRNA.2541	unknown
SPNCRNA.2542	unknown
SPNCRNA.2543	unknown
SPNCRNA.2544	unknown
SPNCRNA.2545	unknown
SPNCRNA.2546	unknown
SPNCRNA.2547	unknown
SPNCRNA.2548	unknown
SPNCRNA.2549	unknown
SPNCRNA.255	unknown
SPNCRNA.2550	unknown
SPNCRNA.2551	unknown
SPNCRNA.2552	unknown
SPNCRNA.2553	unknown
SPNCRNA.2554	unknown
SPNCRNA.2555	unknown
SPNCRNA.2556	unknown
SPNCRNA.2557	unknown
SPNCRNA.2558	unknown
SPNCRNA.2559	unknown
SPNCRNA.256	unknown
SPNCRNA.2560	unknown
SPNCRNA.2561	unknown
SPNCRNA.2562	unknown
SPNCRNA.2563	unknown
SPNCRNA.2564	unknown
SPNCRNA.2565	unknown
SPNCRNA.2566	unknown
SPNCRNA.2567	unknown
SPNCRNA.2568	unknown
SPNCRNA.2569	unknown
SPNCRNA.257	unknown
SPNCRNA.2570	unknown
SPNCRNA.2571	unknown
SPNCRNA.2572	unknown
SPNCRNA.2573	unknown
SPNCRNA.2574	unknown
SPNCRNA.2575	unknown
SPNCRNA.2576	unknown
SPNCRNA.2577	unknown
SPNCRNA.2578	unknown
SPNCRNA.2579	unknown
SPNCRNA.258	unknown
SPNCRNA.2580	unknown
SPNCRNA.2581	unknown
SPNCRNA.2582	unknown
SPNCRNA.2583	unknown
SPNCRNA.2584	unknown
SPNCRNA.2585	unknown
SPNCRNA.2586	unknown
SPNCRNA.2587	unknown
SPNCRNA.2588	unknown
SPNCRNA.2589	unknown
SPNCRNA.2590	unknown
SPNCRNA.2591	unknown
SPNCRNA.2592	unknown
SPNCRNA.2593	unknown
SPNCRNA.2594	unknown
SPNCRNA.2595	unknown
SPNCRNA.2596	unknown
SPNCRNA.2597	unknown
SPNCRNA.2598	unknown
SPNCRNA.2599	unknown
SPNCRNA.26	unknown
SPNCRNA.260	unknown
SPNCRNA.2600	unknown
SPNCRNA.2601	unknown
SPNCRNA.2602	unknown
SPNCRNA.2603	unknown
SPNCRNA.2604	unknown
SPNCRNA.2605	unknown
SPNCRNA.2606	unknown
SPNCRNA.2607	unknown
SPNCRNA.2608	unknown
SPNCRNA.2609	unknown
SPNCRNA.261	unknown
SPNCRNA.2610	unknown
SPNCRNA.2611	unknown
SPNCRNA.2612	unknown
SPNCRNA.2613	unknown
SPNCRNA.2614	unknown
SPNCRNA.2615	unknown
SPNCRNA.2616	unknown
SPNCRNA.2617	unknown
SPNCRNA.2618	unknown
SPNCRNA.2619	unknown
SPNCRNA.2620	unknown
SPNCRNA.2621	unknown
SPNCRNA.2622	unknown
SPNCRNA.2623	unknown
SPNCRNA.2624	unknown
SPNCRNA.2625	unknown
SPNCRNA.2626	unknown
SPNCRNA.2627	unknown
SPNCRNA.2628	unknown
SPNCRNA.2629	unknown
SPNCRNA.2630	unknown
SPNCRNA.2631	unknown
SPNCRNA.2632	unknown
SPNCRNA.2633	unknown
SPNCRNA.2634	unknown
SPNCRNA.2635	unknown
SPNCRNA.2636	unknown
SPNCRNA.2637	unknown
SPNCRNA.2638	unknown
SPNCRNA.2639	unknown
SPNCRNA.264	unknown
SPNCRNA.2640	unknown
SPNCRNA.2641	unknown
SPNCRNA.2642	unknown
SPNCRNA.2643	unknown
SPNCRNA.2644	unknown
SPNCRNA.2645	unknown
SPNCRNA.2646	unknown
SPNCRNA.2647	unknown
SPNCRNA.2648	unknown
SPNCRNA.2649	unknown
SPNCRNA.2650	unknown
SPNCRNA.2651	unknown
SPNCRNA.2652	unknown
SPNCRNA.2653	unknown
SPNCRNA.2654	unknown
SPNCRNA.2655	unknown
SPNCRNA.2656	unknown
SPNCRNA.2657	unknown
SPNCRNA.2658	unknown
SPNCRNA.2659	unknown
SPNCRNA.266	unknown
SPNCRNA.2660	unknown
SPNCRNA.2661	unknown
SPNCRNA.2662	unknown
SPNCRNA.2663	unknown
SPNCRNA.2664	unknown
SPNCRNA.2665	unknown
SPNCRNA.2666	unknown
SPNCRNA.2667	unknown
SPNCRNA.2668	unknown
SPNCRNA.2669	unknown
SPNCRNA.267	unknown
SPNCRNA.2670	unknown
SPNCRNA.2671	unknown
SPNCRNA.2672	unknown
SPNCRNA.2673	unknown
SPNCRNA.2674	unknown
SPNCRNA.2675	unknown
SPNCRNA.2676	unknown
SPNCRNA.2677	unknown
SPNCRNA.2678	unknown
SPNCRNA.2679	unknown
SPNCRNA.268	unknown
SPNCRNA.2680	unknown
SPNCRNA.2681	unknown
SPNCRNA.2682	unknown
SPNCRNA.2683	unknown
SPNCRNA.2684	unknown
SPNCRNA.2685	unknown
SPNCRNA.2686	unknown
SPNCRNA.2687	unknown
SPNCRNA.2688	unknown
SPNCRNA.2689	unknown
SPNCRNA.269	unknown
SPNCRNA.2690	unknown
SPNCRNA.2691	unknown
SPNCRNA.2692	unknown
SPNCRNA.2693	unknown
SPNCRNA.2694	unknown
SPNCRNA.2695	unknown
SPNCRNA.2696	unknown
SPNCRNA.2697	unknown
SPNCRNA.2698	unknown
SPNCRNA.2699	unknown
SPNCRNA.27	unknown
SPNCRNA.270	unknown
SPNCRNA.2700	unknown
SPNCRNA.2701	unknown
SPNCRNA.2702	unknown
SPNCRNA.2703	unknown
SPNCRNA.2704	unknown
SPNCRNA.2705	unknown
SPNCRNA.2706	unknown
SPNCRNA.2707	unknown
SPNCRNA.2708	unknown
SPNCRNA.2709	unknown
SPNCRNA.271	unknown
SPNCRNA.2710	unknown
SPNCRNA.2711	unknown
SPNCRNA.2712	unknown
SPNCRNA.2713	unknown
SPNCRNA.2714	unknown
SPNCRNA.2715	unknown
SPNCRNA.2716	unknown
SPNCRNA.2717	unknown
SPNCRNA.2718	unknown
SPNCRNA.2719	unknown
SPNCRNA.2720	unknown
SPNCRNA.2721	unknown
SPNCRNA.2722	unknown
SPNCRNA.2723	unknown
SPNCRNA.2724	unknown
SPNCRNA.2725	unknown
SPNCRNA.2726	unknown
SPNCRNA.2727	unknown
SPNCRNA.2728	unknown
SPNCRNA.2729	unknown
SPNCRNA.273	unknown
SPNCRNA.2730	unknown
SPNCRNA.2731	unknown
SPNCRNA.2732	unknown
SPNCRNA.2733	unknown
SPNCRNA.2734	unknown
SPNCRNA.2735	unknown
SPNCRNA.2736	unknown
SPNCRNA.2737	unknown
SPNCRNA.2738	unknown
SPNCRNA.2739	unknown
SPNCRNA.274	unknown
SPNCRNA.2740	unknown
SPNCRNA.2741	unknown
SPNCRNA.2742	unknown
SPNCRNA.2743	unknown
SPNCRNA.2744	unknown
SPNCRNA.2745	unknown
SPNCRNA.2746	unknown
SPNCRNA.2747	unknown
SPNCRNA.2748	unknown
SPNCRNA.2749	unknown
SPNCRNA.275	unknown
SPNCRNA.2750	unknown
SPNCRNA.2751	unknown
SPNCRNA.2752	unknown
SPNCRNA.2753	unknown
SPNCRNA.2754	unknown
SPNCRNA.2755	unknown
SPNCRNA.2756	unknown
SPNCRNA.2757	unknown
SPNCRNA.2758	unknown
SPNCRNA.2759	unknown
SPNCRNA.276	unknown
SPNCRNA.2760	unknown
SPNCRNA.2761	unknown
SPNCRNA.2762	unknown
SPNCRNA.2763	unknown
SPNCRNA.2764	unknown
SPNCRNA.2765	unknown
SPNCRNA.2766	unknown
SPNCRNA.2767	unknown
SPNCRNA.2768	unknown
SPNCRNA.2769	unknown
SPNCRNA.2770	unknown
SPNCRNA.2771	unknown
SPNCRNA.2772	unknown
SPNCRNA.2773	unknown
SPNCRNA.2774	unknown
SPNCRNA.2775	unknown
SPNCRNA.2776	unknown
SPNCRNA.2777	unknown
SPNCRNA.2778	unknown
SPNCRNA.2779	unknown
SPNCRNA.278	unknown
SPNCRNA.2780	unknown
SPNCRNA.2781	unknown
SPNCRNA.2782	unknown
SPNCRNA.2783	unknown
SPNCRNA.2784	unknown
SPNCRNA.2785	unknown
SPNCRNA.2786	unknown
SPNCRNA.2787	unknown
SPNCRNA.2788	unknown
SPNCRNA.2789	unknown
SPNCRNA.279	unknown
SPNCRNA.2790	unknown
SPNCRNA.2791	unknown
SPNCRNA.2792	unknown
SPNCRNA.2793	unknown
SPNCRNA.2794	unknown
SPNCRNA.2795	unknown
SPNCRNA.2796	unknown
SPNCRNA.2797	unknown
SPNCRNA.2798	unknown
SPNCRNA.2799	unknown
SPNCRNA.28	unknown
SPNCRNA.280	unknown
SPNCRNA.2800	unknown
SPNCRNA.2801	unknown
SPNCRNA.2802	unknown
SPNCRNA.2803	unknown
SPNCRNA.2804	unknown
SPNCRNA.2805	unknown
SPNCRNA.2806	unknown
SPNCRNA.2807	unknown
SPNCRNA.2808	unknown
SPNCRNA.2809	unknown
SPNCRNA.281	unknown
SPNCRNA.2810	unknown
SPNCRNA.2811	unknown
SPNCRNA.2812	unknown
SPNCRNA.2813	unknown
SPNCRNA.2814	unknown
SPNCRNA.2815	unknown
SPNCRNA.2816	unknown
SPNCRNA.2817	unknown
SPNCRNA.2818	unknown
SPNCRNA.2819	unknown
SPNCRNA.282	unknown
SPNCRNA.2820	unknown
SPNCRNA.2821	unknown
SPNCRNA.2822	unknown
SPNCRNA.2823	unknown
SPNCRNA.2824	unknown
SPNCRNA.2825	unknown
SPNCRNA.2826	unknown
SPNCRNA.2827	unknown
SPNCRNA.2828	unknown
SPNCRNA.2829	unknown
SPNCRNA.283	unknown
SPNCRNA.2830	unknown
SPNCRNA.2831	unknown
SPNCRNA.2832	unknown
SPNCRNA.2833	unknown
SPNCRNA.2834	unknown
SPNCRNA.2835	unknown
SPNCRNA.2836	unknown
SPNCRNA.2837	unknown
SPNCRNA.2838	unknown
SPNCRNA.2839	unknown
SPNCRNA.284	unknown
SPNCRNA.2840	unknown
SPNCRNA.2841	unknown
SPNCRNA.2842	unknown
SPNCRNA.2843	unknown
SPNCRNA.2844	unknown
SPNCRNA.2845	unknown
SPNCRNA.2846	unknown
SPNCRNA.2847	unknown
SPNCRNA.2848	unknown
SPNCRNA.2849	unknown
SPNCRNA.2850	unknown
SPNCRNA.2851	unknown
SPNCRNA.2852	unknown
SPNCRNA.2853	unknown
SPNCRNA.2854	unknown
SPNCRNA.2855	unknown
SPNCRNA.2856	unknown
SPNCRNA.2857	unknown
SPNCRNA.2858	unknown
SPNCRNA.2859	unknown
SPNCRNA.286	unknown
SPNCRNA.2860	unknown
SPNCRNA.2861	unknown
SPNCRNA.2862	unknown
SPNCRNA.2863	unknown
SPNCRNA.2864	unknown
SPNCRNA.2865	unknown
SPNCRNA.2866	unknown
SPNCRNA.2867	unknown
SPNCRNA.2868	unknown
SPNCRNA.2869	unknown
SPNCRNA.287	unknown
SPNCRNA.2870	unknown
SPNCRNA.2871	unknown
SPNCRNA.2872	unknown
SPNCRNA.2873	unknown
SPNCRNA.2874	unknown
SPNCRNA.2875	unknown
SPNCRNA.2876	unknown
SPNCRNA.2877	unknown
SPNCRNA.2878	unknown
SPNCRNA.2879	unknown
SPNCRNA.2880	unknown
SPNCRNA.2881	unknown
SPNCRNA.2882	unknown
SPNCRNA.2883	unknown
SPNCRNA.2884	unknown
SPNCRNA.2885	unknown
SPNCRNA.2886	unknown
SPNCRNA.2887	unknown
SPNCRNA.2888	unknown
SPNCRNA.2889	unknown
SPNCRNA.2890	unknown
SPNCRNA.2891	unknown
SPNCRNA.2892	unknown
SPNCRNA.2893	unknown
SPNCRNA.2894	unknown
SPNCRNA.2895	unknown
SPNCRNA.2896	unknown
SPNCRNA.2897	unknown
SPNCRNA.2898	unknown
SPNCRNA.2899	unknown
SPNCRNA.29	unknown
SPNCRNA.2900	unknown
SPNCRNA.2901	unknown
SPNCRNA.2902	unknown
SPNCRNA.2903	unknown
SPNCRNA.2904	unknown
SPNCRNA.2905	unknown
SPNCRNA.2906	unknown
SPNCRNA.2907	unknown
SPNCRNA.2908	unknown
SPNCRNA.2909	unknown
SPNCRNA.291	unknown
SPNCRNA.2910	unknown
SPNCRNA.2911	unknown
SPNCRNA.2912	unknown
SPNCRNA.2913	unknown
SPNCRNA.2914	unknown
SPNCRNA.2915	unknown
SPNCRNA.2916	unknown
SPNCRNA.2917	unknown
SPNCRNA.2918	unknown
SPNCRNA.2919	unknown
SPNCRNA.292	unknown
SPNCRNA.2920	unknown
SPNCRNA.2921	unknown
SPNCRNA.2922	unknown
SPNCRNA.2923	unknown
SPNCRNA.2924	unknown
SPNCRNA.2925	unknown
SPNCRNA.2926	unknown
SPNCRNA.2927	unknown
SPNCRNA.2928	unknown
SPNCRNA.2929	unknown
SPNCRNA.293	unknown
SPNCRNA.2930	unknown
SPNCRNA.2931	unknown
SPNCRNA.2932	unknown
SPNCRNA.2933	unknown
SPNCRNA.2934	unknown
SPNCRNA.2935	unknown
SPNCRNA.2936	unknown
SPNCRNA.2937	unknown
SPNCRNA.2938	unknown
SPNCRNA.2939	unknown
SPNCRNA.294	unknown
SPNCRNA.2940	unknown
SPNCRNA.2941	unknown
SPNCRNA.2942	unknown
SPNCRNA.2943	unknown
SPNCRNA.2944	unknown
SPNCRNA.2945	unknown
SPNCRNA.2946	unknown
SPNCRNA.2947	unknown
SPNCRNA.2948	unknown
SPNCRNA.2949	unknown
SPNCRNA.2950	unknown
SPNCRNA.2951	unknown
SPNCRNA.2952	unknown
SPNCRNA.2953	unknown
SPNCRNA.2954	unknown
SPNCRNA.2955	unknown
SPNCRNA.2956	unknown
SPNCRNA.2957	unknown
SPNCRNA.2958	unknown
SPNCRNA.2959	unknown
SPNCRNA.296	unknown
SPNCRNA.2960	unknown
SPNCRNA.2961	unknown
SPNCRNA.2962	unknown
SPNCRNA.2963	unknown
SPNCRNA.2964	unknown
SPNCRNA.2965	unknown
SPNCRNA.2966	unknown
SPNCRNA.2967	unknown
SPNCRNA.2968	unknown
SPNCRNA.2969	unknown
SPNCRNA.297	unknown
SPNCRNA.2970	unknown
SPNCRNA.2971	unknown
SPNCRNA.2972	unknown
SPNCRNA.2973	unknown
SPNCRNA.2974	unknown
SPNCRNA.2975	unknown
SPNCRNA.2976	unknown
SPNCRNA.2977	unknown
SPNCRNA.2978	unknown
SPNCRNA.2979	unknown
SPNCRNA.298	unknown
SPNCRNA.2980	unknown
SPNCRNA.2981	unknown
SPNCRNA.2982	unknown
SPNCRNA.2983	unknown
SPNCRNA.2984	unknown
SPNCRNA.2985	unknown
SPNCRNA.2986	unknown
SPNCRNA.2987	unknown
SPNCRNA.2988	unknown
SPNCRNA.2989	unknown
SPNCRNA.2990	unknown
SPNCRNA.2991	unknown
SPNCRNA.2992	unknown
SPNCRNA.2993	unknown
SPNCRNA.2994	unknown
SPNCRNA.2995	unknown
SPNCRNA.2996	unknown
SPNCRNA.2997	unknown
SPNCRNA.2998	unknown
SPNCRNA.2999	unknown
SPNCRNA.30	unknown
SPNCRNA.300	unknown
SPNCRNA.3000	unknown
SPNCRNA.3001	unknown
SPNCRNA.3002	unknown
SPNCRNA.3003	unknown
SPNCRNA.3004	unknown
SPNCRNA.3005	unknown
SPNCRNA.3006	unknown
SPNCRNA.3007	unknown
SPNCRNA.3008	unknown
SPNCRNA.3009	unknown
SPNCRNA.301	unknown
SPNCRNA.3010	unknown
SPNCRNA.3011	unknown
SPNCRNA.3012	unknown
SPNCRNA.3013	unknown
SPNCRNA.3014	unknown
SPNCRNA.3015	unknown
SPNCRNA.3016	unknown
SPNCRNA.3017	unknown
SPNCRNA.3018	unknown
SPNCRNA.3019	unknown
SPNCRNA.3020	unknown
SPNCRNA.3021	unknown
SPNCRNA.3022	unknown
SPNCRNA.3023	unknown
SPNCRNA.3024	unknown
SPNCRNA.3025	unknown
SPNCRNA.3026	unknown
SPNCRNA.3027	unknown
SPNCRNA.3028	unknown
SPNCRNA.3029	unknown
SPNCRNA.3030	unknown
SPNCRNA.3031	unknown
SPNCRNA.3032	unknown
SPNCRNA.3033	unknown
SPNCRNA.3034	unknown
SPNCRNA.3035	unknown
SPNCRNA.3036	unknown
SPNCRNA.3037	unknown
SPNCRNA.3038	unknown
SPNCRNA.3039	unknown
SPNCRNA.304	unknown
SPNCRNA.3040	unknown
SPNCRNA.3041	unknown
SPNCRNA.3042	unknown
SPNCRNA.3043	unknown
SPNCRNA.3044	unknown
SPNCRNA.3045	unknown
SPNCRNA.3046	unknown
SPNCRNA.3047	unknown
SPNCRNA.3048	unknown
SPNCRNA.3049	unknown
SPNCRNA.305	unknown
SPNCRNA.3050	unknown
SPNCRNA.3051	unknown
SPNCRNA.3052	unknown
SPNCRNA.3053	unknown
SPNCRNA.3054	unknown
SPNCRNA.3055	unknown
SPNCRNA.3056	unknown
SPNCRNA.3057	unknown
SPNCRNA.3058	unknown
SPNCRNA.3059	unknown
SPNCRNA.306	unknown
SPNCRNA.3060	unknown
SPNCRNA.3061	unknown
SPNCRNA.3062	unknown
SPNCRNA.3063	unknown
SPNCRNA.3064	unknown
SPNCRNA.3065	unknown
SPNCRNA.3066	unknown
SPNCRNA.3067	unknown
SPNCRNA.3068	unknown
SPNCRNA.3069	unknown
SPNCRNA.307	unknown
SPNCRNA.3070	unknown
SPNCRNA.3071	unknown
SPNCRNA.3072	unknown
SPNCRNA.3073	unknown
SPNCRNA.3074	unknown
SPNCRNA.3075	unknown
SPNCRNA.3076	unknown
SPNCRNA.3077	unknown
SPNCRNA.3078	unknown
SPNCRNA.3079	unknown
SPNCRNA.3080	unknown
SPNCRNA.3081	unknown
SPNCRNA.3082	unknown
SPNCRNA.3083	unknown
SPNCRNA.3084	unknown
SPNCRNA.3085	unknown
SPNCRNA.3086	unknown
SPNCRNA.3087	unknown
SPNCRNA.3088	unknown
SPNCRNA.3089	unknown
SPNCRNA.3090	unknown
SPNCRNA.3091	unknown
SPNCRNA.3092	unknown
SPNCRNA.3093	unknown
SPNCRNA.3094	unknown
SPNCRNA.3095	unknown
SPNCRNA.3096	unknown
SPNCRNA.3097	unknown
SPNCRNA.3098	unknown
SPNCRNA.3099	unknown
SPNCRNA.31	unknown
SPNCRNA.3100	unknown
SPNCRNA.3101	unknown
SPNCRNA.3102	unknown
SPNCRNA.3103	unknown
SPNCRNA.3104	unknown
SPNCRNA.3105	unknown
SPNCRNA.3106	unknown
SPNCRNA.3107	unknown
SPNCRNA.3108	unknown
SPNCRNA.3109	unknown
SPNCRNA.311	unknown
SPNCRNA.3110	unknown
SPNCRNA.3111	unknown
SPNCRNA.3113	unknown
SPNCRNA.3114	unknown
SPNCRNA.3115	unknown
SPNCRNA.3116	unknown
SPNCRNA.3117	unknown
SPNCRNA.3118	unknown
SPNCRNA.3119	unknown
SPNCRNA.312	unknown
SPNCRNA.3120	unknown
SPNCRNA.3121	unknown
SPNCRNA.3122	unknown
SPNCRNA.3123	unknown
SPNCRNA.3124	unknown
SPNCRNA.3125	unknown
SPNCRNA.3126	unknown
SPNCRNA.3127	unknown
SPNCRNA.3128	unknown
SPNCRNA.3129	unknown
SPNCRNA.313	unknown
SPNCRNA.3130	unknown
SPNCRNA.3131	unknown
SPNCRNA.3132	unknown
SPNCRNA.3133	unknown
SPNCRNA.3134	unknown
SPNCRNA.3135	unknown
SPNCRNA.3136	unknown
SPNCRNA.3137	unknown
SPNCRNA.3138	unknown
SPNCRNA.3139	unknown
SPNCRNA.3140	unknown
SPNCRNA.3141	unknown
SPNCRNA.3142	unknown
SPNCRNA.3143	unknown
SPNCRNA.3144	unknown
SPNCRNA.3145	unknown
SPNCRNA.3146	unknown
SPNCRNA.3147	unknown
SPNCRNA.3148	unknown
SPNCRNA.3149	unknown
SPNCRNA.315	unknown
SPNCRNA.3150	unknown
SPNCRNA.3151	unknown
SPNCRNA.3152	unknown
SPNCRNA.3153	unknown
SPNCRNA.3154	unknown
SPNCRNA.3155	unknown
SPNCRNA.3156	unknown
SPNCRNA.3157	unknown
SPNCRNA.3158	unknown
SPNCRNA.3159	unknown
SPNCRNA.316	unknown
SPNCRNA.3160	unknown
SPNCRNA.3161	unknown
SPNCRNA.3162	unknown
SPNCRNA.3163	unknown
SPNCRNA.3164	unknown
SPNCRNA.3165	unknown
SPNCRNA.3166	unknown
SPNCRNA.3167	unknown
SPNCRNA.3168	unknown
SPNCRNA.3169	unknown
SPNCRNA.317	unknown
SPNCRNA.3170	unknown
SPNCRNA.3171	unknown
SPNCRNA.3172	unknown
SPNCRNA.3173	unknown
SPNCRNA.3174	unknown
SPNCRNA.3175	unknown
SPNCRNA.3176	unknown
SPNCRNA.3177	unknown
SPNCRNA.3178	unknown
SPNCRNA.3179	unknown
SPNCRNA.318	unknown
SPNCRNA.3180	unknown
SPNCRNA.3181	unknown
SPNCRNA.3182	unknown
SPNCRNA.3183	unknown
SPNCRNA.3184	unknown
SPNCRNA.3185	unknown
SPNCRNA.3186	unknown
SPNCRNA.3187	unknown
SPNCRNA.3188	unknown
SPNCRNA.3189	unknown
SPNCRNA.319	unknown
SPNCRNA.3190	unknown
SPNCRNA.3191	unknown
SPNCRNA.3192	unknown
SPNCRNA.3193	unknown
SPNCRNA.3194	unknown
SPNCRNA.3195	unknown
SPNCRNA.3196	unknown
SPNCRNA.3197	unknown
SPNCRNA.3198	unknown
SPNCRNA.3199	unknown
SPNCRNA.32	unknown
SPNCRNA.3200	unknown
SPNCRNA.3201	unknown
SPNCRNA.3202	unknown
SPNCRNA.3203	unknown
SPNCRNA.3204	unknown
SPNCRNA.3205	unknown
SPNCRNA.3206	unknown
SPNCRNA.3207	unknown
SPNCRNA.3208	unknown
SPNCRNA.3209	unknown
SPNCRNA.3210	unknown
SPNCRNA.3211	unknown
SPNCRNA.3212	unknown
SPNCRNA.3213	unknown
SPNCRNA.3214	unknown
SPNCRNA.3215	unknown
SPNCRNA.3216	unknown
SPNCRNA.3217	unknown
SPNCRNA.3218	unknown
SPNCRNA.3219	unknown
SPNCRNA.322	unknown
SPNCRNA.3220	unknown
SPNCRNA.3221	unknown
SPNCRNA.3222	unknown
SPNCRNA.3223	unknown
SPNCRNA.3224	unknown
SPNCRNA.3225	unknown
SPNCRNA.3226	unknown
SPNCRNA.3227	unknown
SPNCRNA.3228	unknown
SPNCRNA.3229	unknown
SPNCRNA.323	unknown
SPNCRNA.3230	unknown
SPNCRNA.3231	unknown
SPNCRNA.3232	unknown
SPNCRNA.3233	unknown
SPNCRNA.3234	unknown
SPNCRNA.3235	unknown
SPNCRNA.3236	unknown
SPNCRNA.3237	unknown
SPNCRNA.3238	unknown
SPNCRNA.3239	unknown
SPNCRNA.324	unknown
SPNCRNA.3240	unknown
SPNCRNA.3241	unknown
SPNCRNA.3242	unknown
SPNCRNA.3243	unknown
SPNCRNA.3244	unknown
SPNCRNA.3245	unknown
SPNCRNA.3246	unknown
SPNCRNA.3247	unknown
SPNCRNA.3248	unknown
SPNCRNA.3249	unknown
SPNCRNA.3250	unknown
SPNCRNA.3251	unknown
SPNCRNA.3252	unknown
SPNCRNA.3253	unknown
SPNCRNA.3254	unknown
SPNCRNA.3255	unknown
SPNCRNA.3256	unknown
SPNCRNA.3257	unknown
SPNCRNA.3258	unknown
SPNCRNA.3259	unknown
SPNCRNA.326	unknown
SPNCRNA.3260	unknown
SPNCRNA.3261	unknown
SPNCRNA.3262	unknown
SPNCRNA.3263	unknown
SPNCRNA.3264	unknown
SPNCRNA.3265	unknown
SPNCRNA.3266	unknown
SPNCRNA.3267	unknown
SPNCRNA.3268	unknown
SPNCRNA.3269	unknown
SPNCRNA.327	unknown
SPNCRNA.3270	unknown
SPNCRNA.3271	unknown
SPNCRNA.3272	unknown
SPNCRNA.3273	unknown
SPNCRNA.3274	unknown
SPNCRNA.3275	unknown
SPNCRNA.3276	unknown
SPNCRNA.3277	unknown
SPNCRNA.3278	unknown
SPNCRNA.3279	unknown
SPNCRNA.328	unknown
SPNCRNA.3280	unknown
SPNCRNA.3281	unknown
SPNCRNA.3282	unknown
SPNCRNA.3283	unknown
SPNCRNA.3284	unknown
SPNCRNA.3285	unknown
SPNCRNA.3286	unknown
SPNCRNA.3287	unknown
SPNCRNA.3288	unknown
SPNCRNA.3289	unknown
SPNCRNA.3290	unknown
SPNCRNA.3291	unknown
SPNCRNA.3292	unknown
SPNCRNA.3293	unknown
SPNCRNA.3294	unknown
SPNCRNA.3295	unknown
SPNCRNA.3296	unknown
SPNCRNA.3297	unknown
SPNCRNA.3298	unknown
SPNCRNA.3299	unknown
SPNCRNA.33	unknown
SPNCRNA.3300	unknown
SPNCRNA.3301	unknown
SPNCRNA.3302	unknown
SPNCRNA.3303	unknown
SPNCRNA.3304	unknown
SPNCRNA.3305	unknown
SPNCRNA.3306	unknown
SPNCRNA.3307	unknown
SPNCRNA.3308	unknown
SPNCRNA.3309	unknown
SPNCRNA.3310	unknown
SPNCRNA.3311	unknown
SPNCRNA.3312	unknown
SPNCRNA.3313	unknown
SPNCRNA.3314	unknown
SPNCRNA.3315	unknown
SPNCRNA.3316	unknown
SPNCRNA.3317	unknown
SPNCRNA.3318	unknown
SPNCRNA.3319	unknown
SPNCRNA.332	unknown
SPNCRNA.3320	unknown
SPNCRNA.3321	unknown
SPNCRNA.3322	unknown
SPNCRNA.3323	unknown
SPNCRNA.3324	unknown
SPNCRNA.3325	unknown
SPNCRNA.3326	unknown
SPNCRNA.3327	unknown
SPNCRNA.3328	unknown
SPNCRNA.3329	unknown
SPNCRNA.333	unknown
SPNCRNA.3330	unknown
SPNCRNA.3331	unknown
SPNCRNA.3332	unknown
SPNCRNA.3333	unknown
SPNCRNA.3334	unknown
SPNCRNA.3335	unknown
SPNCRNA.3336	unknown
SPNCRNA.3337	unknown
SPNCRNA.3338	unknown
SPNCRNA.3339	unknown
SPNCRNA.3340	unknown
SPNCRNA.3341	unknown
SPNCRNA.3342	unknown
SPNCRNA.3343	unknown
SPNCRNA.3344	unknown
SPNCRNA.3345	unknown
SPNCRNA.3346	unknown
SPNCRNA.3347	unknown
SPNCRNA.3348	unknown
SPNCRNA.3349	unknown
SPNCRNA.335	unknown
SPNCRNA.3350	unknown
SPNCRNA.3351	unknown
SPNCRNA.3352	unknown
SPNCRNA.3353	unknown
SPNCRNA.3354	unknown
SPNCRNA.3355	unknown
SPNCRNA.3356	unknown
SPNCRNA.3357	unknown
SPNCRNA.3358	unknown
SPNCRNA.3359	unknown
SPNCRNA.3360	unknown
SPNCRNA.3361	unknown
SPNCRNA.3362	unknown
SPNCRNA.3363	unknown
SPNCRNA.3364	unknown
SPNCRNA.3365	unknown
SPNCRNA.3366	unknown
SPNCRNA.3367	unknown
SPNCRNA.3368	unknown
SPNCRNA.3369	unknown
SPNCRNA.337	unknown
SPNCRNA.3370	unknown
SPNCRNA.3371	unknown
SPNCRNA.3372	unknown
SPNCRNA.3373	unknown
SPNCRNA.3374	unknown
SPNCRNA.3375	unknown
SPNCRNA.3376	unknown
SPNCRNA.3377	unknown
SPNCRNA.3378	unknown
SPNCRNA.3379	unknown
SPNCRNA.338	unknown
SPNCRNA.3380	unknown
SPNCRNA.3381	unknown
SPNCRNA.3382	unknown
SPNCRNA.3383	unknown
SPNCRNA.3384	unknown
SPNCRNA.3385	unknown
SPNCRNA.3386	unknown
SPNCRNA.3387	unknown
SPNCRNA.3388	unknown
SPNCRNA.3389	unknown
SPNCRNA.3390	unknown
SPNCRNA.3391	unknown
SPNCRNA.3392	unknown
SPNCRNA.3393	unknown
SPNCRNA.3394	unknown
SPNCRNA.3395	unknown
SPNCRNA.3396	unknown
SPNCRNA.3397	unknown
SPNCRNA.3398	unknown
SPNCRNA.3399	unknown
SPNCRNA.34	unknown
SPNCRNA.3400	unknown
SPNCRNA.3401	unknown
SPNCRNA.3402	unknown
SPNCRNA.3403	unknown
SPNCRNA.3404	unknown
SPNCRNA.3405	unknown
SPNCRNA.3406	unknown
SPNCRNA.3407	unknown
SPNCRNA.3408	unknown
SPNCRNA.3409	unknown
SPNCRNA.3410	unknown
SPNCRNA.3411	unknown
SPNCRNA.3412	unknown
SPNCRNA.3413	unknown
SPNCRNA.3414	unknown
SPNCRNA.3415	unknown
SPNCRNA.3416	unknown
SPNCRNA.3417	unknown
SPNCRNA.3418	unknown
SPNCRNA.3419	unknown
SPNCRNA.3420	unknown
SPNCRNA.3421	unknown
SPNCRNA.3422	unknown
SPNCRNA.3423	unknown
SPNCRNA.3424	unknown
SPNCRNA.3425	unknown
SPNCRNA.3426	unknown
SPNCRNA.3427	unknown
SPNCRNA.3428	unknown
SPNCRNA.3429	unknown
SPNCRNA.3430	unknown
SPNCRNA.3431	unknown
SPNCRNA.3432	unknown
SPNCRNA.3433	unknown
SPNCRNA.3434	unknown
SPNCRNA.3435	unknown
SPNCRNA.3436	unknown
SPNCRNA.3437	unknown
SPNCRNA.3438	unknown
SPNCRNA.3439	unknown
SPNCRNA.3440	unknown
SPNCRNA.3441	unknown
SPNCRNA.3442	unknown
SPNCRNA.3443	unknown
SPNCRNA.3444	unknown
SPNCRNA.3445	unknown
SPNCRNA.3446	unknown
SPNCRNA.3447	unknown
SPNCRNA.3448	unknown
SPNCRNA.3449	unknown
SPNCRNA.3450	unknown
SPNCRNA.3451	unknown
SPNCRNA.3452	unknown
SPNCRNA.3453	unknown
SPNCRNA.3454	unknown
SPNCRNA.3455	unknown
SPNCRNA.3456	unknown
SPNCRNA.3457	unknown
SPNCRNA.3458	unknown
SPNCRNA.3459	unknown
SPNCRNA.346	unknown
SPNCRNA.3460	unknown
SPNCRNA.3461	unknown
SPNCRNA.3462	unknown
SPNCRNA.3463	unknown
SPNCRNA.3464	unknown
SPNCRNA.3465	unknown
SPNCRNA.3466	unknown
SPNCRNA.3467	unknown
SPNCRNA.3468	unknown
SPNCRNA.3469	unknown
SPNCRNA.3470	unknown
SPNCRNA.3471	unknown
SPNCRNA.3472	unknown
SPNCRNA.3473	unknown
SPNCRNA.3474	unknown
SPNCRNA.3475	unknown
SPNCRNA.3476	unknown
SPNCRNA.3477	unknown
SPNCRNA.3478	unknown
SPNCRNA.3479	unknown
SPNCRNA.348	unknown
SPNCRNA.3480	unknown
SPNCRNA.3481	unknown
SPNCRNA.3482	unknown
SPNCRNA.3483	unknown
SPNCRNA.3484	unknown
SPNCRNA.3485	unknown
SPNCRNA.3486	unknown
SPNCRNA.3487	unknown
SPNCRNA.3488	unknown
SPNCRNA.3489	unknown
SPNCRNA.3490	unknown
SPNCRNA.3491	unknown
SPNCRNA.3492	unknown
SPNCRNA.3493	unknown
SPNCRNA.3494	unknown
SPNCRNA.3495	unknown
SPNCRNA.3496	unknown
SPNCRNA.3497	unknown
SPNCRNA.3498	unknown
SPNCRNA.3499	unknown
SPNCRNA.35	unknown
SPNCRNA.3500	unknown
SPNCRNA.3501	unknown
SPNCRNA.3502	unknown
SPNCRNA.3503	unknown
SPNCRNA.3504	unknown
SPNCRNA.3505	unknown
SPNCRNA.3506	unknown
SPNCRNA.3507	unknown
SPNCRNA.3508	unknown
SPNCRNA.3509	unknown
SPNCRNA.351	unknown
SPNCRNA.3510	unknown
SPNCRNA.3511	unknown
SPNCRNA.3512	unknown
SPNCRNA.3513	unknown
SPNCRNA.3514	unknown
SPNCRNA.3515	unknown
SPNCRNA.3516	unknown
SPNCRNA.3517	unknown
SPNCRNA.3518	unknown
SPNCRNA.3519	unknown
SPNCRNA.352	unknown
SPNCRNA.3520	unknown
SPNCRNA.3521	unknown
SPNCRNA.3522	unknown
SPNCRNA.3523	unknown
SPNCRNA.3524	unknown
SPNCRNA.3525	unknown
SPNCRNA.3526	unknown
SPNCRNA.3527	unknown
SPNCRNA.3528	unknown
SPNCRNA.3529	unknown
SPNCRNA.3530	unknown
SPNCRNA.3531	unknown
SPNCRNA.3532	unknown
SPNCRNA.3533	unknown
SPNCRNA.3534	unknown
SPNCRNA.3535	unknown
SPNCRNA.3536	unknown
SPNCRNA.3537	unknown
SPNCRNA.3538	unknown
SPNCRNA.3539	unknown
SPNCRNA.3540	unknown
SPNCRNA.3541	unknown
SPNCRNA.3542	unknown
SPNCRNA.3543	unknown
SPNCRNA.3544	unknown
SPNCRNA.3545	unknown
SPNCRNA.3546	unknown
SPNCRNA.3547	unknown
SPNCRNA.3548	unknown
SPNCRNA.3549	unknown
SPNCRNA.3550	unknown
SPNCRNA.3551	unknown
SPNCRNA.3552	unknown
SPNCRNA.3553	unknown
SPNCRNA.3554	unknown
SPNCRNA.3555	unknown
SPNCRNA.3556	unknown
SPNCRNA.3557	unknown
SPNCRNA.3558	unknown
SPNCRNA.3559	unknown
SPNCRNA.3560	unknown
SPNCRNA.3561	unknown
SPNCRNA.3562	unknown
SPNCRNA.3563	unknown
SPNCRNA.3564	unknown
SPNCRNA.3565	unknown
SPNCRNA.3566	unknown
SPNCRNA.3567	unknown
SPNCRNA.3568	unknown
SPNCRNA.3569	unknown
SPNCRNA.3570	unknown
SPNCRNA.3571	unknown
SPNCRNA.3572	unknown
SPNCRNA.3573	unknown
SPNCRNA.3574	unknown
SPNCRNA.3575	unknown
SPNCRNA.3576	unknown
SPNCRNA.3577	unknown
SPNCRNA.3578	unknown
SPNCRNA.3579	unknown
SPNCRNA.358	unknown
SPNCRNA.3580	unknown
SPNCRNA.3581	unknown
SPNCRNA.3582	unknown
SPNCRNA.3583	unknown
SPNCRNA.3584	unknown
SPNCRNA.3585	unknown
SPNCRNA.3586	unknown
SPNCRNA.3587	unknown
SPNCRNA.3588	unknown
SPNCRNA.3589	unknown
SPNCRNA.359	unknown
SPNCRNA.3590	unknown
SPNCRNA.3591	unknown
SPNCRNA.3592	unknown
SPNCRNA.3593	unknown
SPNCRNA.3594	unknown
SPNCRNA.3595	unknown
SPNCRNA.3596	unknown
SPNCRNA.3597	unknown
SPNCRNA.3598	unknown
SPNCRNA.3599	unknown
SPNCRNA.36	unknown
SPNCRNA.360	unknown
SPNCRNA.3600	unknown
SPNCRNA.3601	unknown
SPNCRNA.3602	unknown
SPNCRNA.3603	unknown
SPNCRNA.3604	unknown
SPNCRNA.3605	unknown
SPNCRNA.3606	unknown
SPNCRNA.3607	unknown
SPNCRNA.3608	unknown
SPNCRNA.3609	unknown
SPNCRNA.361	unknown
SPNCRNA.3610	unknown
SPNCRNA.3611	unknown
SPNCRNA.3612	unknown
SPNCRNA.3613	unknown
SPNCRNA.3614	unknown
SPNCRNA.3615	unknown
SPNCRNA.3616	unknown
SPNCRNA.3617	unknown
SPNCRNA.3618	unknown
SPNCRNA.3619	unknown
SPNCRNA.362	unknown
SPNCRNA.3620	unknown
SPNCRNA.3621	unknown
SPNCRNA.3622	unknown
SPNCRNA.3623	unknown
SPNCRNA.3624	unknown
SPNCRNA.3625	unknown
SPNCRNA.3626	unknown
SPNCRNA.3627	unknown
SPNCRNA.3628	unknown
SPNCRNA.3629	unknown
SPNCRNA.363	unknown
SPNCRNA.3630	unknown
SPNCRNA.3631	unknown
SPNCRNA.3632	unknown
SPNCRNA.3633	unknown
SPNCRNA.3634	unknown
SPNCRNA.3635	unknown
SPNCRNA.3636	unknown
SPNCRNA.3637	unknown
SPNCRNA.3638	unknown
SPNCRNA.3639	unknown
SPNCRNA.364	unknown
SPNCRNA.3640	unknown
SPNCRNA.3641	unknown
SPNCRNA.3642	unknown
SPNCRNA.3643	unknown
SPNCRNA.3644	unknown
SPNCRNA.3645	unknown
SPNCRNA.3646	unknown
SPNCRNA.3647	unknown
SPNCRNA.3648	unknown
SPNCRNA.3649	unknown
SPNCRNA.365	unknown
SPNCRNA.3650	unknown
SPNCRNA.3651	unknown
SPNCRNA.3652	unknown
SPNCRNA.3653	unknown
SPNCRNA.3654	unknown
SPNCRNA.3655	unknown
SPNCRNA.3656	unknown
SPNCRNA.3657	unknown
SPNCRNA.3658	unknown
SPNCRNA.3659	unknown
SPNCRNA.366	unknown
SPNCRNA.3660	unknown
SPNCRNA.3661	unknown
SPNCRNA.3662	unknown
SPNCRNA.3663	unknown
SPNCRNA.3664	unknown
SPNCRNA.3665	unknown
SPNCRNA.3666	unknown
SPNCRNA.3667	unknown
SPNCRNA.3668	unknown
SPNCRNA.3669	unknown
SPNCRNA.367	unknown
SPNCRNA.3670	unknown
SPNCRNA.3671	unknown
SPNCRNA.3672	unknown
SPNCRNA.3673	unknown
SPNCRNA.3674	unknown
SPNCRNA.3675	unknown
SPNCRNA.3676	unknown
SPNCRNA.3677	unknown
SPNCRNA.3678	unknown
SPNCRNA.3679	unknown
SPNCRNA.368	unknown
SPNCRNA.3680	unknown
SPNCRNA.3681	unknown
SPNCRNA.3682	unknown
SPNCRNA.3683	unknown
SPNCRNA.3684	unknown
SPNCRNA.3685	unknown
SPNCRNA.3686	unknown
SPNCRNA.3687	unknown
SPNCRNA.3688	unknown
SPNCRNA.3689	unknown
SPNCRNA.369	unknown
SPNCRNA.3690	unknown
SPNCRNA.3691	unknown
SPNCRNA.3692	unknown
SPNCRNA.3693	unknown
SPNCRNA.3694	unknown
SPNCRNA.3695	unknown
SPNCRNA.3696	unknown
SPNCRNA.3697	unknown
SPNCRNA.3698	unknown
SPNCRNA.3699	unknown
SPNCRNA.37	unknown
SPNCRNA.370	unknown
SPNCRNA.3700	unknown
SPNCRNA.3701	unknown
SPNCRNA.3702	unknown
SPNCRNA.3703	unknown
SPNCRNA.3704	unknown
SPNCRNA.3705	unknown
SPNCRNA.3706	unknown
SPNCRNA.3707	unknown
SPNCRNA.3708	unknown
SPNCRNA.3709	unknown
SPNCRNA.371	unknown
SPNCRNA.3710	unknown
SPNCRNA.3711	unknown
SPNCRNA.3712	unknown
SPNCRNA.3713	unknown
SPNCRNA.3714	unknown
SPNCRNA.3715	unknown
SPNCRNA.3716	unknown
SPNCRNA.3717	unknown
SPNCRNA.3718	unknown
SPNCRNA.3719	unknown
SPNCRNA.372	unknown
SPNCRNA.3720	unknown
SPNCRNA.3721	unknown
SPNCRNA.3722	unknown
SPNCRNA.3723	unknown
SPNCRNA.3724	unknown
SPNCRNA.3725	unknown
SPNCRNA.3726	unknown
SPNCRNA.3727	unknown
SPNCRNA.3728	unknown
SPNCRNA.3729	unknown
SPNCRNA.373	unknown
SPNCRNA.3730	unknown
SPNCRNA.3731	unknown
SPNCRNA.3732	unknown
SPNCRNA.3733	unknown
SPNCRNA.3734	unknown
SPNCRNA.3735	unknown
SPNCRNA.3736	unknown
SPNCRNA.3737	unknown
SPNCRNA.3738	unknown
SPNCRNA.3739	unknown
SPNCRNA.374	unknown
SPNCRNA.3740	unknown
SPNCRNA.3741	unknown
SPNCRNA.3742	unknown
SPNCRNA.3743	unknown
SPNCRNA.3744	unknown
SPNCRNA.3745	unknown
SPNCRNA.3746	unknown
SPNCRNA.3747	unknown
SPNCRNA.3748	unknown
SPNCRNA.3749	unknown
SPNCRNA.3750	unknown
SPNCRNA.3751	unknown
SPNCRNA.3752	unknown
SPNCRNA.3753	unknown
SPNCRNA.3754	unknown
SPNCRNA.3755	unknown
SPNCRNA.3756	unknown
SPNCRNA.3757	unknown
SPNCRNA.3758	unknown
SPNCRNA.3759	unknown
SPNCRNA.376	unknown
SPNCRNA.3760	unknown
SPNCRNA.3761	unknown
SPNCRNA.3762	unknown
SPNCRNA.3763	unknown
SPNCRNA.3764	unknown
SPNCRNA.3765	unknown
SPNCRNA.3766	unknown
SPNCRNA.3767	unknown
SPNCRNA.3768	unknown
SPNCRNA.3769	unknown
SPNCRNA.377	unknown
SPNCRNA.3770	unknown
SPNCRNA.3771	unknown
SPNCRNA.3772	unknown
SPNCRNA.3773	unknown
SPNCRNA.3774	unknown
SPNCRNA.3775	unknown
SPNCRNA.3776	unknown
SPNCRNA.3777	unknown
SPNCRNA.3778	unknown
SPNCRNA.3779	unknown
SPNCRNA.3780	unknown
SPNCRNA.3781	unknown
SPNCRNA.3782	unknown
SPNCRNA.3783	unknown
SPNCRNA.3784	unknown
SPNCRNA.3785	unknown
SPNCRNA.3786	unknown
SPNCRNA.3787	unknown
SPNCRNA.3788	unknown
SPNCRNA.3789	unknown
SPNCRNA.3790	unknown
SPNCRNA.3791	unknown
SPNCRNA.3792	unknown
SPNCRNA.3793	unknown
SPNCRNA.3794	unknown
SPNCRNA.3795	unknown
SPNCRNA.3796	unknown
SPNCRNA.3797	unknown
SPNCRNA.3798	unknown
SPNCRNA.3799	unknown
SPNCRNA.380	unknown
SPNCRNA.3800	unknown
SPNCRNA.3801	unknown
SPNCRNA.3802	unknown
SPNCRNA.3803	unknown
SPNCRNA.3804	unknown
SPNCRNA.3805	unknown
SPNCRNA.3806	unknown
SPNCRNA.3807	unknown
SPNCRNA.3808	unknown
SPNCRNA.3809	unknown
SPNCRNA.3810	unknown
SPNCRNA.3811	unknown
SPNCRNA.3812	unknown
SPNCRNA.3813	unknown
SPNCRNA.3814	unknown
SPNCRNA.3815	unknown
SPNCRNA.3816	unknown
SPNCRNA.3817	unknown
SPNCRNA.3818	unknown
SPNCRNA.3819	unknown
SPNCRNA.382	unknown
SPNCRNA.3820	unknown
SPNCRNA.3821	unknown
SPNCRNA.3822	unknown
SPNCRNA.3823	unknown
SPNCRNA.3824	unknown
SPNCRNA.3825	unknown
SPNCRNA.3826	unknown
SPNCRNA.3827	unknown
SPNCRNA.3828	unknown
SPNCRNA.3829	unknown
SPNCRNA.383	unknown
SPNCRNA.3830	unknown
SPNCRNA.3831	unknown
SPNCRNA.3832	unknown
SPNCRNA.3833	unknown
SPNCRNA.3834	unknown
SPNCRNA.3835	unknown
SPNCRNA.3836	unknown
SPNCRNA.3837	unknown
SPNCRNA.3838	unknown
SPNCRNA.3839	unknown
SPNCRNA.384	unknown
SPNCRNA.3840	unknown
SPNCRNA.3841	unknown
SPNCRNA.3842	unknown
SPNCRNA.3843	unknown
SPNCRNA.3844	unknown
SPNCRNA.3845	unknown
SPNCRNA.3846	unknown
SPNCRNA.3847	unknown
SPNCRNA.3848	unknown
SPNCRNA.3849	unknown
SPNCRNA.385	unknown
SPNCRNA.3850	unknown
SPNCRNA.3851	unknown
SPNCRNA.3852	unknown
SPNCRNA.3853	unknown
SPNCRNA.3854	unknown
SPNCRNA.3855	unknown
SPNCRNA.3856	unknown
SPNCRNA.3857	unknown
SPNCRNA.3858	unknown
SPNCRNA.3859	unknown
SPNCRNA.3860	unknown
SPNCRNA.3861	unknown
SPNCRNA.3862	unknown
SPNCRNA.3863	unknown
SPNCRNA.3864	unknown
SPNCRNA.3865	unknown
SPNCRNA.3866	unknown
SPNCRNA.3867	unknown
SPNCRNA.3868	unknown
SPNCRNA.3869	unknown
SPNCRNA.387	unknown
SPNCRNA.3870	unknown
SPNCRNA.3871	unknown
SPNCRNA.3872	unknown
SPNCRNA.3873	unknown
SPNCRNA.3874	unknown
SPNCRNA.3875	unknown
SPNCRNA.3876	unknown
SPNCRNA.3877	unknown
SPNCRNA.3878	unknown
SPNCRNA.3879	unknown
SPNCRNA.388	unknown
SPNCRNA.3880	unknown
SPNCRNA.3881	unknown
SPNCRNA.3882	unknown
SPNCRNA.3883	unknown
SPNCRNA.3884	unknown
SPNCRNA.3885	unknown
SPNCRNA.3886	unknown
SPNCRNA.3887	unknown
SPNCRNA.3888	unknown
SPNCRNA.3889	unknown
SPNCRNA.389	unknown
SPNCRNA.3890	unknown
SPNCRNA.3891	unknown
SPNCRNA.3892	unknown
SPNCRNA.3893	unknown
SPNCRNA.3894	unknown
SPNCRNA.3895	unknown
SPNCRNA.3896	unknown
SPNCRNA.3897	unknown
SPNCRNA.3898	unknown
SPNCRNA.3899	unknown
SPNCRNA.39	unknown
SPNCRNA.390	unknown
SPNCRNA.3900	unknown
SPNCRNA.3901	unknown
SPNCRNA.3902	unknown
SPNCRNA.3903	unknown
SPNCRNA.3904	unknown
SPNCRNA.3905	unknown
SPNCRNA.3906	unknown
SPNCRNA.3907	unknown
SPNCRNA.3908	unknown
SPNCRNA.3909	unknown
SPNCRNA.391	unknown
SPNCRNA.3910	unknown
SPNCRNA.3911	unknown
SPNCRNA.3912	unknown
SPNCRNA.3913	unknown
SPNCRNA.3914	unknown
SPNCRNA.3915	unknown
SPNCRNA.3916	unknown
SPNCRNA.3917	unknown
SPNCRNA.3918	unknown
SPNCRNA.3919	unknown
SPNCRNA.392	unknown
SPNCRNA.3920	unknown
SPNCRNA.3921	unknown
SPNCRNA.3922	unknown
SPNCRNA.3923	unknown
SPNCRNA.3924	unknown
SPNCRNA.3925	unknown
SPNCRNA.3926	unknown
SPNCRNA.3927	unknown
SPNCRNA.3928	unknown
SPNCRNA.3929	unknown
SPNCRNA.393	viable
SPNCRNA.3930	unknown
SPNCRNA.3931	unknown
SPNCRNA.3932	unknown
SPNCRNA.3933	unknown
SPNCRNA.3934	unknown
SPNCRNA.3935	unknown
SPNCRNA.3936	unknown
SPNCRNA.3937	unknown
SPNCRNA.3938	unknown
SPNCRNA.3939	unknown
SPNCRNA.394	viable
SPNCRNA.3940	unknown
SPNCRNA.3941	unknown
SPNCRNA.3942	unknown
SPNCRNA.3943	unknown
SPNCRNA.3944	unknown
SPNCRNA.3945	unknown
SPNCRNA.3946	unknown
SPNCRNA.3947	unknown
SPNCRNA.3948	unknown
SPNCRNA.3949	unknown
SPNCRNA.3950	unknown
SPNCRNA.3951	unknown
SPNCRNA.3952	unknown
SPNCRNA.3953	unknown
SPNCRNA.3954	unknown
SPNCRNA.3955	unknown
SPNCRNA.3956	unknown
SPNCRNA.3957	unknown
SPNCRNA.3958	unknown
SPNCRNA.3959	unknown
SPNCRNA.396	unknown
SPNCRNA.3960	unknown
SPNCRNA.3961	unknown
SPNCRNA.3962	unknown
SPNCRNA.3963	unknown
SPNCRNA.3964	unknown
SPNCRNA.3965	unknown
SPNCRNA.3966	unknown
SPNCRNA.3967	unknown
SPNCRNA.3968	unknown
SPNCRNA.3969	unknown
SPNCRNA.397	unknown
SPNCRNA.3970	unknown
SPNCRNA.3971	unknown
SPNCRNA.3972	unknown
SPNCRNA.3973	unknown
SPNCRNA.3974	unknown
SPNCRNA.3975	unknown
SPNCRNA.3976	unknown
SPNCRNA.3977	unknown
SPNCRNA.3978	unknown
SPNCRNA.3979	unknown
SPNCRNA.398	unknown
SPNCRNA.3980	unknown
SPNCRNA.3981	unknown
SPNCRNA.3982	unknown
SPNCRNA.3983	unknown
SPNCRNA.3984	unknown
SPNCRNA.3985	unknown
SPNCRNA.3986	unknown
SPNCRNA.3987	unknown
SPNCRNA.3988	unknown
SPNCRNA.3989	unknown
SPNCRNA.399	unknown
SPNCRNA.3990	unknown
SPNCRNA.3991	unknown
SPNCRNA.3992	unknown
SPNCRNA.3993	unknown
SPNCRNA.3994	unknown
SPNCRNA.3995	unknown
SPNCRNA.3996	unknown
SPNCRNA.3997	unknown
SPNCRNA.3998	unknown
SPNCRNA.3999	unknown
SPNCRNA.40	unknown
SPNCRNA.400	unknown
SPNCRNA.4000	unknown
SPNCRNA.4001	unknown
SPNCRNA.4002	unknown
SPNCRNA.4003	unknown
SPNCRNA.4004	unknown
SPNCRNA.4005	unknown
SPNCRNA.4006	unknown
SPNCRNA.4007	unknown
SPNCRNA.4008	unknown
SPNCRNA.4009	unknown
SPNCRNA.401	unknown
SPNCRNA.4010	unknown
SPNCRNA.4011	unknown
SPNCRNA.4012	unknown
SPNCRNA.4013	unknown
SPNCRNA.4014	unknown
SPNCRNA.4015	unknown
SPNCRNA.4016	unknown
SPNCRNA.4017	unknown
SPNCRNA.4018	unknown
SPNCRNA.4019	unknown
SPNCRNA.402	unknown
SPNCRNA.4020	unknown
SPNCRNA.4021	unknown
SPNCRNA.4022	unknown
SPNCRNA.4023	unknown
SPNCRNA.4024	unknown
SPNCRNA.4025	unknown
SPNCRNA.4026	unknown
SPNCRNA.4027	unknown
SPNCRNA.4028	unknown
SPNCRNA.4029	unknown
SPNCRNA.403	unknown
SPNCRNA.4030	unknown
SPNCRNA.4031	unknown
SPNCRNA.4032	unknown
SPNCRNA.4033	unknown
SPNCRNA.4034	unknown
SPNCRNA.4035	unknown
SPNCRNA.4036	unknown
SPNCRNA.4037	unknown
SPNCRNA.4038	unknown
SPNCRNA.4039	unknown
SPNCRNA.4040	unknown
SPNCRNA.4041	unknown
SPNCRNA.4042	unknown
SPNCRNA.4043	unknown
SPNCRNA.4044	unknown
SPNCRNA.4045	unknown
SPNCRNA.4046	unknown
SPNCRNA.4047	unknown
SPNCRNA.4048	unknown
SPNCRNA.4049	unknown
SPNCRNA.405	unknown
SPNCRNA.4050	unknown
SPNCRNA.4051	unknown
SPNCRNA.4052	unknown
SPNCRNA.4053	unknown
SPNCRNA.4054	unknown
SPNCRNA.4055	unknown
SPNCRNA.4056	unknown
SPNCRNA.4057	unknown
SPNCRNA.4058	unknown
SPNCRNA.4059	unknown
SPNCRNA.406	unknown
SPNCRNA.4060	unknown
SPNCRNA.4061	unknown
SPNCRNA.4062	unknown
SPNCRNA.4063	unknown
SPNCRNA.4064	unknown
SPNCRNA.4065	unknown
SPNCRNA.4066	unknown
SPNCRNA.4067	unknown
SPNCRNA.4068	unknown
SPNCRNA.4069	unknown
SPNCRNA.4070	unknown
SPNCRNA.4071	unknown
SPNCRNA.4072	unknown
SPNCRNA.4073	unknown
SPNCRNA.4074	unknown
SPNCRNA.4075	unknown
SPNCRNA.4076	unknown
SPNCRNA.4077	unknown
SPNCRNA.4078	unknown
SPNCRNA.4079	unknown
SPNCRNA.408	unknown
SPNCRNA.4080	unknown
SPNCRNA.4081	unknown
SPNCRNA.4082	unknown
SPNCRNA.4083	unknown
SPNCRNA.4084	unknown
SPNCRNA.4085	unknown
SPNCRNA.4086	unknown
SPNCRNA.4087	unknown
SPNCRNA.4088	unknown
SPNCRNA.4089	unknown
SPNCRNA.4090	unknown
SPNCRNA.4091	unknown
SPNCRNA.4092	unknown
SPNCRNA.4093	unknown
SPNCRNA.4094	unknown
SPNCRNA.4095	unknown
SPNCRNA.4096	unknown
SPNCRNA.4097	unknown
SPNCRNA.4098	unknown
SPNCRNA.4099	unknown
SPNCRNA.4100	unknown
SPNCRNA.4101	unknown
SPNCRNA.4102	unknown
SPNCRNA.4103	unknown
SPNCRNA.4104	unknown
SPNCRNA.4105	unknown
SPNCRNA.4106	unknown
SPNCRNA.4107	unknown
SPNCRNA.4108	unknown
SPNCRNA.4109	unknown
SPNCRNA.4110	unknown
SPNCRNA.4111	unknown
SPNCRNA.4112	unknown
SPNCRNA.4113	unknown
SPNCRNA.4114	unknown
SPNCRNA.4115	unknown
SPNCRNA.4116	unknown
SPNCRNA.4117	unknown
SPNCRNA.4118	unknown
SPNCRNA.4119	unknown
SPNCRNA.412	unknown
SPNCRNA.4120	unknown
SPNCRNA.4121	unknown
SPNCRNA.4122	unknown
SPNCRNA.4123	unknown
SPNCRNA.4124	unknown
SPNCRNA.4125	unknown
SPNCRNA.4126	unknown
SPNCRNA.4127	unknown
SPNCRNA.4128	unknown
SPNCRNA.4129	unknown
SPNCRNA.413	unknown
SPNCRNA.4130	unknown
SPNCRNA.4131	unknown
SPNCRNA.4132	unknown
SPNCRNA.4133	unknown
SPNCRNA.4134	unknown
SPNCRNA.4135	unknown
SPNCRNA.4136	unknown
SPNCRNA.4137	unknown
SPNCRNA.4138	unknown
SPNCRNA.4139	unknown
SPNCRNA.414	unknown
SPNCRNA.4140	unknown
SPNCRNA.4141	unknown
SPNCRNA.4142	unknown
SPNCRNA.4143	unknown
SPNCRNA.4144	unknown
SPNCRNA.4145	unknown
SPNCRNA.4146	unknown
SPNCRNA.4147	unknown
SPNCRNA.4148	unknown
SPNCRNA.4149	unknown
SPNCRNA.415	unknown
SPNCRNA.4150	unknown
SPNCRNA.4151	unknown
SPNCRNA.4152	unknown
SPNCRNA.4153	unknown
SPNCRNA.4154	unknown
SPNCRNA.4155	unknown
SPNCRNA.4156	unknown
SPNCRNA.4157	unknown
SPNCRNA.4158	unknown
SPNCRNA.4159	unknown
SPNCRNA.4160	unknown
SPNCRNA.4161	unknown
SPNCRNA.4162	unknown
SPNCRNA.4163	unknown
SPNCRNA.4164	unknown
SPNCRNA.4165	unknown
SPNCRNA.4166	unknown
SPNCRNA.4167	unknown
SPNCRNA.4168	unknown
SPNCRNA.4169	unknown
SPNCRNA.417	unknown
SPNCRNA.4170	unknown
SPNCRNA.4171	unknown
SPNCRNA.4172	unknown
SPNCRNA.4173	unknown
SPNCRNA.4174	unknown
SPNCRNA.4175	unknown
SPNCRNA.4176	unknown
SPNCRNA.4177	unknown
SPNCRNA.4178	unknown
SPNCRNA.4179	unknown
SPNCRNA.4180	unknown
SPNCRNA.4181	unknown
SPNCRNA.4182	unknown
SPNCRNA.4183	unknown
SPNCRNA.4184	unknown
SPNCRNA.4185	unknown
SPNCRNA.4186	unknown
SPNCRNA.4187	unknown
SPNCRNA.4188	unknown
SPNCRNA.4189	unknown
SPNCRNA.4190	unknown
SPNCRNA.4191	unknown
SPNCRNA.4192	unknown
SPNCRNA.4193	unknown
SPNCRNA.4194	unknown
SPNCRNA.4195	unknown
SPNCRNA.4196	unknown
SPNCRNA.4197	unknown
SPNCRNA.4198	unknown
SPNCRNA.4199	unknown
SPNCRNA.42	unknown
SPNCRNA.4200	unknown
SPNCRNA.4201	unknown
SPNCRNA.4202	unknown
SPNCRNA.4203	unknown
SPNCRNA.4204	unknown
SPNCRNA.4205	unknown
SPNCRNA.4206	unknown
SPNCRNA.4207	unknown
SPNCRNA.4208	unknown
SPNCRNA.4209	unknown
SPNCRNA.421	unknown
SPNCRNA.4210	unknown
SPNCRNA.4211	unknown
SPNCRNA.4212	unknown
SPNCRNA.4213	unknown
SPNCRNA.4214	unknown
SPNCRNA.4215	unknown
SPNCRNA.4216	unknown
SPNCRNA.4217	unknown
SPNCRNA.4218	unknown
SPNCRNA.4219	unknown
SPNCRNA.4220	unknown
SPNCRNA.4221	unknown
SPNCRNA.4222	unknown
SPNCRNA.4223	unknown
SPNCRNA.4224	unknown
SPNCRNA.4225	unknown
SPNCRNA.4226	unknown
SPNCRNA.4227	unknown
SPNCRNA.4228	unknown
SPNCRNA.4229	unknown
SPNCRNA.423	unknown
SPNCRNA.4230	unknown
SPNCRNA.4231	unknown
SPNCRNA.4232	unknown
SPNCRNA.4233	unknown
SPNCRNA.4234	unknown
SPNCRNA.4235	unknown
SPNCRNA.4236	unknown
SPNCRNA.4237	unknown
SPNCRNA.4238	unknown
SPNCRNA.4239	unknown
SPNCRNA.4240	unknown
SPNCRNA.4241	unknown
SPNCRNA.4242	unknown
SPNCRNA.4243	unknown
SPNCRNA.4244	unknown
SPNCRNA.4245	unknown
SPNCRNA.4246	unknown
SPNCRNA.4247	unknown
SPNCRNA.4248	unknown
SPNCRNA.4249	unknown
SPNCRNA.425	unknown
SPNCRNA.4250	unknown
SPNCRNA.4251	unknown
SPNCRNA.4252	unknown
SPNCRNA.4253	unknown
SPNCRNA.4254	unknown
SPNCRNA.4255	unknown
SPNCRNA.4256	unknown
SPNCRNA.4257	unknown
SPNCRNA.4258	unknown
SPNCRNA.4259	unknown
SPNCRNA.4260	unknown
SPNCRNA.4261	unknown
SPNCRNA.4262	unknown
SPNCRNA.4263	unknown
SPNCRNA.4264	unknown
SPNCRNA.4265	unknown
SPNCRNA.4266	unknown
SPNCRNA.4267	unknown
SPNCRNA.4268	unknown
SPNCRNA.4269	unknown
SPNCRNA.427	unknown
SPNCRNA.4270	unknown
SPNCRNA.4271	unknown
SPNCRNA.4272	unknown
SPNCRNA.4273	unknown
SPNCRNA.4274	unknown
SPNCRNA.4275	unknown
SPNCRNA.4276	unknown
SPNCRNA.4277	unknown
SPNCRNA.4278	unknown
SPNCRNA.4279	unknown
SPNCRNA.428	unknown
SPNCRNA.4280	unknown
SPNCRNA.4281	unknown
SPNCRNA.4282	unknown
SPNCRNA.4283	unknown
SPNCRNA.4284	unknown
SPNCRNA.4285	unknown
SPNCRNA.4286	unknown
SPNCRNA.4287	unknown
SPNCRNA.4288	unknown
SPNCRNA.4289	unknown
SPNCRNA.4290	unknown
SPNCRNA.4291	unknown
SPNCRNA.4292	unknown
SPNCRNA.4293	unknown
SPNCRNA.4294	unknown
SPNCRNA.4295	unknown
SPNCRNA.4296	unknown
SPNCRNA.4297	unknown
SPNCRNA.4298	unknown
SPNCRNA.4299	unknown
SPNCRNA.43	unknown
SPNCRNA.4300	unknown
SPNCRNA.4301	unknown
SPNCRNA.4302	unknown
SPNCRNA.4303	unknown
SPNCRNA.4304	unknown
SPNCRNA.4305	unknown
SPNCRNA.4306	unknown
SPNCRNA.4307	unknown
SPNCRNA.4308	unknown
SPNCRNA.4309	unknown
SPNCRNA.431	unknown
SPNCRNA.4310	unknown
SPNCRNA.4311	unknown
SPNCRNA.4312	unknown
SPNCRNA.4313	unknown
SPNCRNA.4314	unknown
SPNCRNA.4315	unknown
SPNCRNA.4316	unknown
SPNCRNA.4317	unknown
SPNCRNA.4318	unknown
SPNCRNA.4319	unknown
SPNCRNA.432	unknown
SPNCRNA.4320	unknown
SPNCRNA.4321	unknown
SPNCRNA.4322	unknown
SPNCRNA.4323	unknown
SPNCRNA.4324	unknown
SPNCRNA.4325	unknown
SPNCRNA.4326	unknown
SPNCRNA.4327	unknown
SPNCRNA.4328	unknown
SPNCRNA.4329	unknown
SPNCRNA.4330	unknown
SPNCRNA.4331	unknown
SPNCRNA.4332	unknown
SPNCRNA.4333	unknown
SPNCRNA.4334	unknown
SPNCRNA.4335	unknown
SPNCRNA.4336	unknown
SPNCRNA.4337	unknown
SPNCRNA.4338	unknown
SPNCRNA.4339	unknown
SPNCRNA.4340	unknown
SPNCRNA.4341	unknown
SPNCRNA.4342	unknown
SPNCRNA.4343	unknown
SPNCRNA.4344	unknown
SPNCRNA.4345	unknown
SPNCRNA.4346	unknown
SPNCRNA.4347	unknown
SPNCRNA.4348	unknown
SPNCRNA.4349	unknown
SPNCRNA.435	unknown
SPNCRNA.4350	unknown
SPNCRNA.4351	unknown
SPNCRNA.4352	unknown
SPNCRNA.4353	unknown
SPNCRNA.4354	unknown
SPNCRNA.4355	unknown
SPNCRNA.4356	unknown
SPNCRNA.4357	unknown
SPNCRNA.4358	unknown
SPNCRNA.4359	unknown
SPNCRNA.4360	unknown
SPNCRNA.4361	unknown
SPNCRNA.4362	unknown
SPNCRNA.4363	unknown
SPNCRNA.4364	unknown
SPNCRNA.4365	unknown
SPNCRNA.4366	unknown
SPNCRNA.4367	unknown
SPNCRNA.4368	unknown
SPNCRNA.4369	unknown
SPNCRNA.437	unknown
SPNCRNA.4370	unknown
SPNCRNA.4371	unknown
SPNCRNA.4372	unknown
SPNCRNA.4373	unknown
SPNCRNA.4374	unknown
SPNCRNA.4375	unknown
SPNCRNA.4376	unknown
SPNCRNA.4377	unknown
SPNCRNA.4378	unknown
SPNCRNA.4379	unknown
SPNCRNA.438	unknown
SPNCRNA.4380	unknown
SPNCRNA.4381	unknown
SPNCRNA.4382	unknown
SPNCRNA.4383	unknown
SPNCRNA.4384	unknown
SPNCRNA.4385	unknown
SPNCRNA.4386	unknown
SPNCRNA.4387	unknown
SPNCRNA.4388	unknown
SPNCRNA.4389	unknown
SPNCRNA.439	unknown
SPNCRNA.4390	unknown
SPNCRNA.4391	unknown
SPNCRNA.4392	unknown
SPNCRNA.4393	unknown
SPNCRNA.4394	unknown
SPNCRNA.4395	unknown
SPNCRNA.4396	unknown
SPNCRNA.4397	unknown
SPNCRNA.4398	unknown
SPNCRNA.4399	unknown
SPNCRNA.440	unknown
SPNCRNA.4400	unknown
SPNCRNA.4401	unknown
SPNCRNA.4402	unknown
SPNCRNA.4403	unknown
SPNCRNA.4404	unknown
SPNCRNA.4405	unknown
SPNCRNA.4406	unknown
SPNCRNA.4407	unknown
SPNCRNA.4408	unknown
SPNCRNA.4409	unknown
SPNCRNA.441	unknown
SPNCRNA.4410	unknown
SPNCRNA.4411	unknown
SPNCRNA.4412	unknown
SPNCRNA.4413	unknown
SPNCRNA.4414	unknown
SPNCRNA.4415	unknown
SPNCRNA.4416	unknown
SPNCRNA.4417	unknown
SPNCRNA.4418	unknown
SPNCRNA.4419	unknown
SPNCRNA.442	unknown
SPNCRNA.4420	unknown
SPNCRNA.4421	unknown
SPNCRNA.4422	unknown
SPNCRNA.4423	unknown
SPNCRNA.4424	unknown
SPNCRNA.4425	unknown
SPNCRNA.4426	unknown
SPNCRNA.4427	unknown
SPNCRNA.4428	unknown
SPNCRNA.4429	unknown
SPNCRNA.443	unknown
SPNCRNA.4430	unknown
SPNCRNA.4431	unknown
SPNCRNA.4432	unknown
SPNCRNA.4433	unknown
SPNCRNA.4434	unknown
SPNCRNA.4435	unknown
SPNCRNA.4436	unknown
SPNCRNA.4437	unknown
SPNCRNA.4438	unknown
SPNCRNA.4439	unknown
SPNCRNA.4440	unknown
SPNCRNA.4441	unknown
SPNCRNA.4442	unknown
SPNCRNA.4443	unknown
SPNCRNA.4444	unknown
SPNCRNA.4445	unknown
SPNCRNA.4446	unknown
SPNCRNA.4447	unknown
SPNCRNA.4448	unknown
SPNCRNA.4449	unknown
SPNCRNA.445	unknown
SPNCRNA.4450	unknown
SPNCRNA.4451	unknown
SPNCRNA.4452	unknown
SPNCRNA.4453	unknown
SPNCRNA.4454	unknown
SPNCRNA.4455	unknown
SPNCRNA.4456	unknown
SPNCRNA.4457	unknown
SPNCRNA.4458	unknown
SPNCRNA.4459	unknown
SPNCRNA.446	unknown
SPNCRNA.4460	unknown
SPNCRNA.4461	unknown
SPNCRNA.4462	unknown
SPNCRNA.4463	unknown
SPNCRNA.4464	unknown
SPNCRNA.4465	unknown
SPNCRNA.4466	unknown
SPNCRNA.4467	unknown
SPNCRNA.4468	unknown
SPNCRNA.4469	unknown
SPNCRNA.4470	unknown
SPNCRNA.4471	unknown
SPNCRNA.4472	unknown
SPNCRNA.4473	unknown
SPNCRNA.4474	unknown
SPNCRNA.4475	unknown
SPNCRNA.4476	unknown
SPNCRNA.4477	unknown
SPNCRNA.4478	unknown
SPNCRNA.4479	unknown
SPNCRNA.448	unknown
SPNCRNA.4480	unknown
SPNCRNA.4481	unknown
SPNCRNA.4482	unknown
SPNCRNA.4483	unknown
SPNCRNA.4484	unknown
SPNCRNA.4485	unknown
SPNCRNA.4486	unknown
SPNCRNA.4487	unknown
SPNCRNA.4488	unknown
SPNCRNA.4489	unknown
SPNCRNA.449	unknown
SPNCRNA.4490	unknown
SPNCRNA.4491	unknown
SPNCRNA.4492	unknown
SPNCRNA.4493	unknown
SPNCRNA.4494	unknown
SPNCRNA.4495	unknown
SPNCRNA.4497	unknown
SPNCRNA.4498	unknown
SPNCRNA.45	unknown
SPNCRNA.450	unknown
SPNCRNA.4500	unknown
SPNCRNA.4501	unknown
SPNCRNA.4502	unknown
SPNCRNA.4503	unknown
SPNCRNA.4504	unknown
SPNCRNA.4505	unknown
SPNCRNA.4506	unknown
SPNCRNA.4507	unknown
SPNCRNA.4508	unknown
SPNCRNA.4509	unknown
SPNCRNA.451	unknown
SPNCRNA.4510	unknown
SPNCRNA.4511	unknown
SPNCRNA.4512	unknown
SPNCRNA.4513	unknown
SPNCRNA.4514	unknown
SPNCRNA.4515	unknown
SPNCRNA.4516	unknown
SPNCRNA.4517	unknown
SPNCRNA.4518	unknown
SPNCRNA.4519	unknown
SPNCRNA.452	unknown
SPNCRNA.4520	unknown
SPNCRNA.4521	unknown
SPNCRNA.4522	unknown
SPNCRNA.4523	unknown
SPNCRNA.4524	unknown
SPNCRNA.4525	unknown
SPNCRNA.4526	unknown
SPNCRNA.4527	unknown
SPNCRNA.4528	unknown
SPNCRNA.4529	unknown
SPNCRNA.453	unknown
SPNCRNA.4530	unknown
SPNCRNA.4531	unknown
SPNCRNA.4532	unknown
SPNCRNA.4533	unknown
SPNCRNA.4534	unknown
SPNCRNA.4535	unknown
SPNCRNA.4536	unknown
SPNCRNA.4537	unknown
SPNCRNA.4539	unknown
SPNCRNA.454	unknown
SPNCRNA.4540	unknown
SPNCRNA.4541	unknown
SPNCRNA.4542	unknown
SPNCRNA.4543	unknown
SPNCRNA.4544	unknown
SPNCRNA.4545	unknown
SPNCRNA.4546	unknown
SPNCRNA.4547	unknown
SPNCRNA.4548	unknown
SPNCRNA.4549	unknown
SPNCRNA.455	unknown
SPNCRNA.4550	unknown
SPNCRNA.4551	unknown
SPNCRNA.4552	unknown
SPNCRNA.4553	unknown
SPNCRNA.4554	unknown
SPNCRNA.4555	unknown
SPNCRNA.4556	unknown
SPNCRNA.4557	unknown
SPNCRNA.4558	unknown
SPNCRNA.4559	unknown
SPNCRNA.456	unknown
SPNCRNA.4560	unknown
SPNCRNA.4561	unknown
SPNCRNA.4562	unknown
SPNCRNA.4563	unknown
SPNCRNA.4564	unknown
SPNCRNA.4565	unknown
SPNCRNA.4566	unknown
SPNCRNA.4567	unknown
SPNCRNA.4568	unknown
SPNCRNA.4569	unknown
SPNCRNA.457	unknown
SPNCRNA.4570	unknown
SPNCRNA.4571	unknown
SPNCRNA.4572	unknown
SPNCRNA.4573	unknown
SPNCRNA.4574	unknown
SPNCRNA.4575	unknown
SPNCRNA.4576	unknown
SPNCRNA.4577	unknown
SPNCRNA.4578	unknown
SPNCRNA.4579	unknown
SPNCRNA.4580	unknown
SPNCRNA.4581	unknown
SPNCRNA.4582	unknown
SPNCRNA.4583	unknown
SPNCRNA.4584	unknown
SPNCRNA.4585	unknown
SPNCRNA.4586	unknown
SPNCRNA.4587	unknown
SPNCRNA.4588	unknown
SPNCRNA.4589	unknown
SPNCRNA.4590	unknown
SPNCRNA.4591	unknown
SPNCRNA.4592	unknown
SPNCRNA.4593	unknown
SPNCRNA.4594	unknown
SPNCRNA.4595	unknown
SPNCRNA.4596	unknown
SPNCRNA.4597	unknown
SPNCRNA.4598	unknown
SPNCRNA.4599	unknown
SPNCRNA.460	unknown
SPNCRNA.4600	unknown
SPNCRNA.4601	unknown
SPNCRNA.4602	unknown
SPNCRNA.4603	unknown
SPNCRNA.4604	unknown
SPNCRNA.4605	unknown
SPNCRNA.4606	unknown
SPNCRNA.4607	unknown
SPNCRNA.4608	unknown
SPNCRNA.4609	unknown
SPNCRNA.4610	unknown
SPNCRNA.4611	unknown
SPNCRNA.4612	unknown
SPNCRNA.4613	unknown
SPNCRNA.4614	unknown
SPNCRNA.4615	unknown
SPNCRNA.4616	unknown
SPNCRNA.4617	unknown
SPNCRNA.4618	unknown
SPNCRNA.4619	unknown
SPNCRNA.462	unknown
SPNCRNA.4620	unknown
SPNCRNA.4621	unknown
SPNCRNA.4622	unknown
SPNCRNA.4623	unknown
SPNCRNA.4624	unknown
SPNCRNA.4625	unknown
SPNCRNA.4626	unknown
SPNCRNA.4627	unknown
SPNCRNA.4628	unknown
SPNCRNA.4629	unknown
SPNCRNA.463	unknown
SPNCRNA.4630	unknown
SPNCRNA.4631	unknown
SPNCRNA.4632	unknown
SPNCRNA.4633	unknown
SPNCRNA.4634	unknown
SPNCRNA.4635	unknown
SPNCRNA.4636	unknown
SPNCRNA.4637	unknown
SPNCRNA.4638	unknown
SPNCRNA.4639	unknown
SPNCRNA.464	unknown
SPNCRNA.4640	unknown
SPNCRNA.4641	unknown
SPNCRNA.4642	unknown
SPNCRNA.4643	unknown
SPNCRNA.4644	unknown
SPNCRNA.4645	unknown
SPNCRNA.4646	unknown
SPNCRNA.4647	unknown
SPNCRNA.4648	unknown
SPNCRNA.4649	unknown
SPNCRNA.4650	unknown
SPNCRNA.4651	unknown
SPNCRNA.4652	unknown
SPNCRNA.4653	unknown
SPNCRNA.4654	unknown
SPNCRNA.4655	unknown
SPNCRNA.4656	unknown
SPNCRNA.4657	unknown
SPNCRNA.4658	unknown
SPNCRNA.4659	unknown
SPNCRNA.466	unknown
SPNCRNA.4660	unknown
SPNCRNA.4661	unknown
SPNCRNA.4662	unknown
SPNCRNA.4663	unknown
SPNCRNA.4664	unknown
SPNCRNA.4665	unknown
SPNCRNA.4666	unknown
SPNCRNA.4667	unknown
SPNCRNA.4668	unknown
SPNCRNA.4669	unknown
SPNCRNA.467	unknown
SPNCRNA.4670	unknown
SPNCRNA.4671	unknown
SPNCRNA.4672	unknown
SPNCRNA.4673	unknown
SPNCRNA.4674	unknown
SPNCRNA.4676	unknown
SPNCRNA.4677	unknown
SPNCRNA.4678	unknown
SPNCRNA.4679	unknown
SPNCRNA.4680	unknown
SPNCRNA.4681	unknown
SPNCRNA.4682	unknown
SPNCRNA.4683	unknown
SPNCRNA.4684	unknown
SPNCRNA.4685	unknown
SPNCRNA.4686	unknown
SPNCRNA.4687	unknown
SPNCRNA.4688	unknown
SPNCRNA.4689	unknown
SPNCRNA.469	unknown
SPNCRNA.4690	unknown
SPNCRNA.4691	unknown
SPNCRNA.4692	unknown
SPNCRNA.4693	unknown
SPNCRNA.4694	unknown
SPNCRNA.4695	unknown
SPNCRNA.4696	unknown
SPNCRNA.4697	unknown
SPNCRNA.4698	unknown
SPNCRNA.4699	unknown
SPNCRNA.47	unknown
SPNCRNA.4700	unknown
SPNCRNA.4701	unknown
SPNCRNA.4702	unknown
SPNCRNA.4703	unknown
SPNCRNA.4704	unknown
SPNCRNA.4705	unknown
SPNCRNA.4706	unknown
SPNCRNA.4707	unknown
SPNCRNA.4708	unknown
SPNCRNA.4709	unknown
SPNCRNA.471	unknown
SPNCRNA.4710	unknown
SPNCRNA.4711	unknown
SPNCRNA.4712	unknown
SPNCRNA.4713	unknown
SPNCRNA.4714	unknown
SPNCRNA.4715	unknown
SPNCRNA.4716	unknown
SPNCRNA.4717	unknown
SPNCRNA.4718	unknown
SPNCRNA.4719	unknown
SPNCRNA.472	unknown
SPNCRNA.4720	unknown
SPNCRNA.4721	unknown
SPNCRNA.4722	unknown
SPNCRNA.4723	unknown
SPNCRNA.4724	unknown
SPNCRNA.4725	unknown
SPNCRNA.4726	unknown
SPNCRNA.4727	unknown
SPNCRNA.4728	unknown
SPNCRNA.4729	unknown
SPNCRNA.473	unknown
SPNCRNA.4730	unknown
SPNCRNA.4731	unknown
SPNCRNA.4732	unknown
SPNCRNA.4733	unknown
SPNCRNA.4734	unknown
SPNCRNA.4735	unknown
SPNCRNA.4736	unknown
SPNCRNA.4737	unknown
SPNCRNA.4738	unknown
SPNCRNA.4739	unknown
SPNCRNA.4740	unknown
SPNCRNA.4741	unknown
SPNCRNA.4742	unknown
SPNCRNA.4743	unknown
SPNCRNA.4744	unknown
SPNCRNA.4745	unknown
SPNCRNA.4746	unknown
SPNCRNA.4747	unknown
SPNCRNA.4748	unknown
SPNCRNA.4749	unknown
SPNCRNA.475	unknown
SPNCRNA.4750	unknown
SPNCRNA.4751	unknown
SPNCRNA.4752	unknown
SPNCRNA.4753	unknown
SPNCRNA.4754	unknown
SPNCRNA.4755	unknown
SPNCRNA.4756	unknown
SPNCRNA.4757	unknown
SPNCRNA.4758	unknown
SPNCRNA.4759	unknown
SPNCRNA.4760	unknown
SPNCRNA.4761	unknown
SPNCRNA.4762	unknown
SPNCRNA.4763	unknown
SPNCRNA.4764	unknown
SPNCRNA.4765	unknown
SPNCRNA.4766	unknown
SPNCRNA.4767	unknown
SPNCRNA.4768	unknown
SPNCRNA.4769	unknown
SPNCRNA.477	unknown
SPNCRNA.4770	unknown
SPNCRNA.4771	unknown
SPNCRNA.4772	unknown
SPNCRNA.4773	unknown
SPNCRNA.4774	unknown
SPNCRNA.4775	unknown
SPNCRNA.4776	unknown
SPNCRNA.4777	unknown
SPNCRNA.4778	unknown
SPNCRNA.4779	unknown
SPNCRNA.478	unknown
SPNCRNA.4780	unknown
SPNCRNA.4781	unknown
SPNCRNA.4782	unknown
SPNCRNA.4783	unknown
SPNCRNA.4784	unknown
SPNCRNA.4785	unknown
SPNCRNA.4786	unknown
SPNCRNA.4787	unknown
SPNCRNA.4788	unknown
SPNCRNA.4789	unknown
SPNCRNA.4790	unknown
SPNCRNA.4791	unknown
SPNCRNA.4792	unknown
SPNCRNA.4793	unknown
SPNCRNA.4794	unknown
SPNCRNA.4795	unknown
SPNCRNA.4796	unknown
SPNCRNA.4797	unknown
SPNCRNA.4798	unknown
SPNCRNA.4799	unknown
SPNCRNA.480	unknown
SPNCRNA.4800	unknown
SPNCRNA.4801	unknown
SPNCRNA.4802	unknown
SPNCRNA.4803	unknown
SPNCRNA.4804	unknown
SPNCRNA.4805	unknown
SPNCRNA.4806	unknown
SPNCRNA.4807	unknown
SPNCRNA.4808	unknown
SPNCRNA.4809	unknown
SPNCRNA.481	unknown
SPNCRNA.4810	unknown
SPNCRNA.4811	unknown
SPNCRNA.4812	unknown
SPNCRNA.4813	unknown
SPNCRNA.4814	unknown
SPNCRNA.4815	unknown
SPNCRNA.4816	unknown
SPNCRNA.4817	unknown
SPNCRNA.4818	unknown
SPNCRNA.4819	unknown
SPNCRNA.482	unknown
SPNCRNA.4820	unknown
SPNCRNA.4821	unknown
SPNCRNA.4822	unknown
SPNCRNA.4823	unknown
SPNCRNA.4824	unknown
SPNCRNA.4825	unknown
SPNCRNA.4826	unknown
SPNCRNA.4827	unknown
SPNCRNA.4828	unknown
SPNCRNA.4829	unknown
SPNCRNA.483	unknown
SPNCRNA.4830	unknown
SPNCRNA.4831	unknown
SPNCRNA.4832	unknown
SPNCRNA.4833	unknown
SPNCRNA.4834	unknown
SPNCRNA.4835	unknown
SPNCRNA.4836	unknown
SPNCRNA.4837	unknown
SPNCRNA.4838	unknown
SPNCRNA.4839	unknown
SPNCRNA.484	unknown
SPNCRNA.4840	unknown
SPNCRNA.4841	unknown
SPNCRNA.4842	unknown
SPNCRNA.4843	unknown
SPNCRNA.4844	unknown
SPNCRNA.4845	unknown
SPNCRNA.4846	unknown
SPNCRNA.4847	unknown
SPNCRNA.4848	unknown
SPNCRNA.4849	unknown
SPNCRNA.485	unknown
SPNCRNA.4850	unknown
SPNCRNA.4851	unknown
SPNCRNA.4852	unknown
SPNCRNA.4853	unknown
SPNCRNA.4854	unknown
SPNCRNA.4855	unknown
SPNCRNA.4856	unknown
SPNCRNA.4857	unknown
SPNCRNA.4858	unknown
SPNCRNA.4859	unknown
SPNCRNA.486	unknown
SPNCRNA.4860	unknown
SPNCRNA.4861	unknown
SPNCRNA.4862	unknown
SPNCRNA.4863	unknown
SPNCRNA.4864	unknown
SPNCRNA.4865	unknown
SPNCRNA.4866	unknown
SPNCRNA.4867	unknown
SPNCRNA.4868	unknown
SPNCRNA.4869	unknown
SPNCRNA.487	unknown
SPNCRNA.4870	unknown
SPNCRNA.4871	unknown
SPNCRNA.4872	unknown
SPNCRNA.4873	unknown
SPNCRNA.4874	unknown
SPNCRNA.4875	unknown
SPNCRNA.4876	unknown
SPNCRNA.4877	unknown
SPNCRNA.4878	unknown
SPNCRNA.4879	unknown
SPNCRNA.488	unknown
SPNCRNA.4880	unknown
SPNCRNA.4881	unknown
SPNCRNA.4882	unknown
SPNCRNA.4883	unknown
SPNCRNA.4884	unknown
SPNCRNA.4885	unknown
SPNCRNA.4886	unknown
SPNCRNA.4887	unknown
SPNCRNA.4888	unknown
SPNCRNA.4889	unknown
SPNCRNA.4890	unknown
SPNCRNA.4891	unknown
SPNCRNA.4892	unknown
SPNCRNA.4893	unknown
SPNCRNA.4894	unknown
SPNCRNA.4895	unknown
SPNCRNA.4896	unknown
SPNCRNA.4897	unknown
SPNCRNA.4898	unknown
SPNCRNA.4899	unknown
SPNCRNA.4900	unknown
SPNCRNA.4901	unknown
SPNCRNA.4902	unknown
SPNCRNA.4903	unknown
SPNCRNA.4904	unknown
SPNCRNA.4905	unknown
SPNCRNA.4906	unknown
SPNCRNA.4907	unknown
SPNCRNA.4908	unknown
SPNCRNA.4909	unknown
SPNCRNA.491	unknown
SPNCRNA.4910	unknown
SPNCRNA.4911	unknown
SPNCRNA.4912	unknown
SPNCRNA.4913	unknown
SPNCRNA.4914	unknown
SPNCRNA.4915	unknown
SPNCRNA.4916	unknown
SPNCRNA.4917	unknown
SPNCRNA.4918	unknown
SPNCRNA.4919	unknown
SPNCRNA.4920	unknown
SPNCRNA.4921	unknown
SPNCRNA.4922	unknown
SPNCRNA.4923	unknown
SPNCRNA.4924	unknown
SPNCRNA.4925	unknown
SPNCRNA.4926	unknown
SPNCRNA.4927	unknown
SPNCRNA.4928	unknown
SPNCRNA.4929	unknown
SPNCRNA.493	unknown
SPNCRNA.4930	unknown
SPNCRNA.4931	unknown
SPNCRNA.4932	unknown
SPNCRNA.4933	unknown
SPNCRNA.4934	unknown
SPNCRNA.4935	unknown
SPNCRNA.4936	unknown
SPNCRNA.4937	unknown
SPNCRNA.4938	unknown
SPNCRNA.4939	unknown
SPNCRNA.4940	unknown
SPNCRNA.4941	unknown
SPNCRNA.4942	unknown
SPNCRNA.4943	unknown
SPNCRNA.4944	unknown
SPNCRNA.4945	unknown
SPNCRNA.4946	unknown
SPNCRNA.4947	unknown
SPNCRNA.4948	unknown
SPNCRNA.4949	unknown
SPNCRNA.4950	unknown
SPNCRNA.4951	unknown
SPNCRNA.4952	unknown
SPNCRNA.4953	unknown
SPNCRNA.4954	unknown
SPNCRNA.4955	unknown
SPNCRNA.4956	unknown
SPNCRNA.4957	unknown
SPNCRNA.4958	unknown
SPNCRNA.4959	unknown
SPNCRNA.4960	unknown
SPNCRNA.4961	unknown
SPNCRNA.4962	unknown
SPNCRNA.4963	unknown
SPNCRNA.4964	unknown
SPNCRNA.4965	unknown
SPNCRNA.4966	unknown
SPNCRNA.4967	unknown
SPNCRNA.4968	unknown
SPNCRNA.4969	unknown
SPNCRNA.497	unknown
SPNCRNA.4970	unknown
SPNCRNA.4971	unknown
SPNCRNA.4972	unknown
SPNCRNA.4973	unknown
SPNCRNA.4974	unknown
SPNCRNA.4975	unknown
SPNCRNA.4976	unknown
SPNCRNA.4977	unknown
SPNCRNA.4978	unknown
SPNCRNA.4979	unknown
SPNCRNA.498	unknown
SPNCRNA.4980	unknown
SPNCRNA.4981	unknown
SPNCRNA.4982	unknown
SPNCRNA.4983	unknown
SPNCRNA.4984	unknown
SPNCRNA.4985	unknown
SPNCRNA.4986	unknown
SPNCRNA.4987	unknown
SPNCRNA.4988	unknown
SPNCRNA.4989	unknown
SPNCRNA.499	unknown
SPNCRNA.4990	unknown
SPNCRNA.4991	unknown
SPNCRNA.4992	unknown
SPNCRNA.4993	unknown
SPNCRNA.4994	unknown
SPNCRNA.4995	unknown
SPNCRNA.4996	unknown
SPNCRNA.4997	unknown
SPNCRNA.4998	unknown
SPNCRNA.4999	unknown
SPNCRNA.50	unknown
SPNCRNA.500	unknown
SPNCRNA.5000	unknown
SPNCRNA.5001	unknown
SPNCRNA.5002	unknown
SPNCRNA.5003	unknown
SPNCRNA.5004	unknown
SPNCRNA.5005	unknown
SPNCRNA.5006	unknown
SPNCRNA.5007	unknown
SPNCRNA.5008	unknown
SPNCRNA.5009	unknown
SPNCRNA.501	unknown
SPNCRNA.5010	unknown
SPNCRNA.5011	unknown
SPNCRNA.5012	unknown
SPNCRNA.5013	unknown
SPNCRNA.5014	unknown
SPNCRNA.5015	unknown
SPNCRNA.5016	unknown
SPNCRNA.5017	unknown
SPNCRNA.5018	unknown
SPNCRNA.5019	unknown
SPNCRNA.5020	unknown
SPNCRNA.5021	unknown
SPNCRNA.5022	unknown
SPNCRNA.5023	unknown
SPNCRNA.5024	unknown
SPNCRNA.5025	unknown
SPNCRNA.5026	unknown
SPNCRNA.5027	unknown
SPNCRNA.5028	unknown
SPNCRNA.5029	unknown
SPNCRNA.5030	unknown
SPNCRNA.5031	unknown
SPNCRNA.5032	unknown
SPNCRNA.5033	unknown
SPNCRNA.5034	unknown
SPNCRNA.5035	unknown
SPNCRNA.5036	unknown
SPNCRNA.5037	unknown
SPNCRNA.5038	unknown
SPNCRNA.5039	unknown
SPNCRNA.5040	unknown
SPNCRNA.5041	unknown
SPNCRNA.5042	unknown
SPNCRNA.5043	unknown
SPNCRNA.5044	unknown
SPNCRNA.5045	unknown
SPNCRNA.5046	unknown
SPNCRNA.5047	unknown
SPNCRNA.5048	unknown
SPNCRNA.5049	unknown
SPNCRNA.505	unknown
SPNCRNA.5050	unknown
SPNCRNA.5051	unknown
SPNCRNA.5052	unknown
SPNCRNA.5053	unknown
SPNCRNA.5054	unknown
SPNCRNA.5055	unknown
SPNCRNA.5056	unknown
SPNCRNA.5057	unknown
SPNCRNA.5058	unknown
SPNCRNA.5059	unknown
SPNCRNA.506	unknown
SPNCRNA.5060	unknown
SPNCRNA.5061	unknown
SPNCRNA.5062	unknown
SPNCRNA.5063	unknown
SPNCRNA.5064	unknown
SPNCRNA.5065	unknown
SPNCRNA.5066	unknown
SPNCRNA.5067	unknown
SPNCRNA.5068	unknown
SPNCRNA.5069	unknown
SPNCRNA.5070	unknown
SPNCRNA.5071	unknown
SPNCRNA.5072	unknown
SPNCRNA.5073	unknown
SPNCRNA.5074	unknown
SPNCRNA.5075	unknown
SPNCRNA.5076	unknown
SPNCRNA.5077	unknown
SPNCRNA.5078	unknown
SPNCRNA.5079	unknown
SPNCRNA.5080	unknown
SPNCRNA.5081	unknown
SPNCRNA.5082	unknown
SPNCRNA.5083	unknown
SPNCRNA.5084	unknown
SPNCRNA.5085	unknown
SPNCRNA.5086	unknown
SPNCRNA.5087	unknown
SPNCRNA.5088	unknown
SPNCRNA.5089	unknown
SPNCRNA.5090	unknown
SPNCRNA.5091	unknown
SPNCRNA.5092	unknown
SPNCRNA.5093	unknown
SPNCRNA.5094	unknown
SPNCRNA.5095	unknown
SPNCRNA.5096	unknown
SPNCRNA.5097	unknown
SPNCRNA.5098	unknown
SPNCRNA.5099	unknown
SPNCRNA.51	unknown
SPNCRNA.5100	unknown
SPNCRNA.5101	unknown
SPNCRNA.5102	unknown
SPNCRNA.5103	unknown
SPNCRNA.5104	unknown
SPNCRNA.5105	unknown
SPNCRNA.5106	unknown
SPNCRNA.5107	unknown
SPNCRNA.5108	unknown
SPNCRNA.5109	unknown
SPNCRNA.511	unknown
SPNCRNA.5110	unknown
SPNCRNA.5111	unknown
SPNCRNA.5112	unknown
SPNCRNA.5113	unknown
SPNCRNA.5114	unknown
SPNCRNA.5115	unknown
SPNCRNA.5116	unknown
SPNCRNA.5117	unknown
SPNCRNA.5118	unknown
SPNCRNA.5119	unknown
SPNCRNA.512	unknown
SPNCRNA.5120	unknown
SPNCRNA.5121	unknown
SPNCRNA.5122	unknown
SPNCRNA.5123	unknown
SPNCRNA.5124	unknown
SPNCRNA.5125	unknown
SPNCRNA.5126	unknown
SPNCRNA.5127	unknown
SPNCRNA.5128	unknown
SPNCRNA.5129	unknown
SPNCRNA.513	unknown
SPNCRNA.5130	unknown
SPNCRNA.5131	unknown
SPNCRNA.5132	unknown
SPNCRNA.5133	unknown
SPNCRNA.5134	unknown
SPNCRNA.5135	unknown
SPNCRNA.5136	unknown
SPNCRNA.5137	unknown
SPNCRNA.5138	unknown
SPNCRNA.5139	unknown
SPNCRNA.5140	unknown
SPNCRNA.5141	unknown
SPNCRNA.5142	unknown
SPNCRNA.5143	unknown
SPNCRNA.5144	unknown
SPNCRNA.5145	unknown
SPNCRNA.5146	unknown
SPNCRNA.5147	unknown
SPNCRNA.5148	unknown
SPNCRNA.5149	unknown
SPNCRNA.5150	unknown
SPNCRNA.5151	unknown
SPNCRNA.5152	unknown
SPNCRNA.5153	unknown
SPNCRNA.5154	unknown
SPNCRNA.5155	unknown
SPNCRNA.5156	unknown
SPNCRNA.5157	unknown
SPNCRNA.5158	unknown
SPNCRNA.5159	unknown
SPNCRNA.516	unknown
SPNCRNA.5160	unknown
SPNCRNA.5161	unknown
SPNCRNA.5162	unknown
SPNCRNA.5163	unknown
SPNCRNA.5164	unknown
SPNCRNA.5165	unknown
SPNCRNA.5166	unknown
SPNCRNA.5167	unknown
SPNCRNA.5168	unknown
SPNCRNA.5169	unknown
SPNCRNA.517	unknown
SPNCRNA.5170	unknown
SPNCRNA.5171	unknown
SPNCRNA.5172	unknown
SPNCRNA.5173	unknown
SPNCRNA.5174	unknown
SPNCRNA.5175	unknown
SPNCRNA.5176	unknown
SPNCRNA.5177	unknown
SPNCRNA.5178	unknown
SPNCRNA.5179	unknown
SPNCRNA.5180	unknown
SPNCRNA.5181	unknown
SPNCRNA.5182	unknown
SPNCRNA.5183	unknown
SPNCRNA.5184	unknown
SPNCRNA.5185	unknown
SPNCRNA.5186	unknown
SPNCRNA.5187	unknown
SPNCRNA.5188	unknown
SPNCRNA.5189	unknown
SPNCRNA.519	unknown
SPNCRNA.5190	unknown
SPNCRNA.5191	unknown
SPNCRNA.5192	unknown
SPNCRNA.5193	unknown
SPNCRNA.5194	unknown
SPNCRNA.5195	unknown
SPNCRNA.5196	unknown
SPNCRNA.5197	unknown
SPNCRNA.5198	unknown
SPNCRNA.5199	unknown
SPNCRNA.52	unknown
SPNCRNA.520	unknown
SPNCRNA.5200	unknown
SPNCRNA.5201	unknown
SPNCRNA.5202	unknown
SPNCRNA.5203	unknown
SPNCRNA.5204	unknown
SPNCRNA.5205	unknown
SPNCRNA.5206	unknown
SPNCRNA.5207	unknown
SPNCRNA.5208	unknown
SPNCRNA.5209	unknown
SPNCRNA.521	unknown
SPNCRNA.5210	unknown
SPNCRNA.5211	unknown
SPNCRNA.5212	unknown
SPNCRNA.5213	unknown
SPNCRNA.5214	unknown
SPNCRNA.5215	unknown
SPNCRNA.5216	unknown
SPNCRNA.5217	unknown
SPNCRNA.5218	unknown
SPNCRNA.5219	unknown
SPNCRNA.5220	unknown
SPNCRNA.5221	unknown
SPNCRNA.5222	unknown
SPNCRNA.5223	unknown
SPNCRNA.5224	unknown
SPNCRNA.5225	unknown
SPNCRNA.5226	unknown
SPNCRNA.5227	unknown
SPNCRNA.5228	unknown
SPNCRNA.5229	unknown
SPNCRNA.5230	unknown
SPNCRNA.5231	unknown
SPNCRNA.5232	unknown
SPNCRNA.5233	unknown
SPNCRNA.5234	unknown
SPNCRNA.5235	unknown
SPNCRNA.5236	unknown
SPNCRNA.5237	unknown
SPNCRNA.5238	unknown
SPNCRNA.5239	unknown
SPNCRNA.524	unknown
SPNCRNA.5240	unknown
SPNCRNA.5241	unknown
SPNCRNA.5242	unknown
SPNCRNA.5243	unknown
SPNCRNA.5244	unknown
SPNCRNA.5245	unknown
SPNCRNA.5246	unknown
SPNCRNA.5247	unknown
SPNCRNA.5248	unknown
SPNCRNA.5249	unknown
SPNCRNA.525	unknown
SPNCRNA.5250	unknown
SPNCRNA.5251	unknown
SPNCRNA.5252	unknown
SPNCRNA.5253	unknown
SPNCRNA.5254	unknown
SPNCRNA.5255	unknown
SPNCRNA.5256	unknown
SPNCRNA.5257	unknown
SPNCRNA.5258	unknown
SPNCRNA.5259	unknown
SPNCRNA.526	unknown
SPNCRNA.5260	unknown
SPNCRNA.5261	unknown
SPNCRNA.5262	unknown
SPNCRNA.5263	unknown
SPNCRNA.5264	unknown
SPNCRNA.5265	unknown
SPNCRNA.5266	unknown
SPNCRNA.5267	unknown
SPNCRNA.5268	unknown
SPNCRNA.5269	unknown
SPNCRNA.5270	unknown
SPNCRNA.5271	unknown
SPNCRNA.5272	unknown
SPNCRNA.5273	unknown
SPNCRNA.5274	unknown
SPNCRNA.5275	unknown
SPNCRNA.5276	unknown
SPNCRNA.5277	unknown
SPNCRNA.5278	unknown
SPNCRNA.5279	unknown
SPNCRNA.5280	unknown
SPNCRNA.5281	unknown
SPNCRNA.5282	unknown
SPNCRNA.5283	unknown
SPNCRNA.5284	unknown
SPNCRNA.5285	unknown
SPNCRNA.5286	unknown
SPNCRNA.5287	unknown
SPNCRNA.5288	unknown
SPNCRNA.5289	unknown
SPNCRNA.529	unknown
SPNCRNA.5290	unknown
SPNCRNA.5291	unknown
SPNCRNA.5292	unknown
SPNCRNA.5293	unknown
SPNCRNA.5294	unknown
SPNCRNA.5295	unknown
SPNCRNA.5296	unknown
SPNCRNA.5297	unknown
SPNCRNA.5298	unknown
SPNCRNA.5299	unknown
SPNCRNA.53	unknown
SPNCRNA.530	unknown
SPNCRNA.5300	unknown
SPNCRNA.5301	unknown
SPNCRNA.5302	unknown
SPNCRNA.5303	unknown
SPNCRNA.5304	unknown
SPNCRNA.5305	unknown
SPNCRNA.5306	unknown
SPNCRNA.5307	unknown
SPNCRNA.5308	unknown
SPNCRNA.5309	unknown
SPNCRNA.5310	unknown
SPNCRNA.5311	unknown
SPNCRNA.5312	unknown
SPNCRNA.5313	unknown
SPNCRNA.5314	unknown
SPNCRNA.5315	unknown
SPNCRNA.5316	unknown
SPNCRNA.5317	unknown
SPNCRNA.5318	unknown
SPNCRNA.5319	unknown
SPNCRNA.5320	unknown
SPNCRNA.5321	unknown
SPNCRNA.5322	unknown
SPNCRNA.5323	unknown
SPNCRNA.5324	unknown
SPNCRNA.5325	unknown
SPNCRNA.5326	unknown
SPNCRNA.5327	unknown
SPNCRNA.5328	unknown
SPNCRNA.5329	unknown
SPNCRNA.5330	unknown
SPNCRNA.5331	unknown
SPNCRNA.5332	unknown
SPNCRNA.5333	unknown
SPNCRNA.5334	unknown
SPNCRNA.5335	unknown
SPNCRNA.5336	unknown
SPNCRNA.5337	unknown
SPNCRNA.5338	unknown
SPNCRNA.5339	unknown
SPNCRNA.534	unknown
SPNCRNA.5340	unknown
SPNCRNA.5341	unknown
SPNCRNA.5342	unknown
SPNCRNA.5343	unknown
SPNCRNA.5344	unknown
SPNCRNA.5345	unknown
SPNCRNA.5346	unknown
SPNCRNA.5347	unknown
SPNCRNA.5348	unknown
SPNCRNA.5349	unknown
SPNCRNA.5350	unknown
SPNCRNA.5351	unknown
SPNCRNA.5352	unknown
SPNCRNA.5353	unknown
SPNCRNA.5354	unknown
SPNCRNA.5355	unknown
SPNCRNA.5356	unknown
SPNCRNA.5357	unknown
SPNCRNA.5358	unknown
SPNCRNA.5359	unknown
SPNCRNA.536	unknown
SPNCRNA.5360	unknown
SPNCRNA.5361	unknown
SPNCRNA.5362	unknown
SPNCRNA.5363	unknown
SPNCRNA.5364	unknown
SPNCRNA.5365	unknown
SPNCRNA.5366	unknown
SPNCRNA.5367	unknown
SPNCRNA.5368	unknown
SPNCRNA.5369	unknown
SPNCRNA.5370	unknown
SPNCRNA.5371	unknown
SPNCRNA.5372	unknown
SPNCRNA.5373	unknown
SPNCRNA.5374	unknown
SPNCRNA.5375	unknown
SPNCRNA.5376	unknown
SPNCRNA.5377	unknown
SPNCRNA.5378	unknown
SPNCRNA.5379	unknown
SPNCRNA.5380	unknown
SPNCRNA.5381	unknown
SPNCRNA.5382	unknown
SPNCRNA.5383	unknown
SPNCRNA.5384	unknown
SPNCRNA.5385	unknown
SPNCRNA.5386	unknown
SPNCRNA.5387	unknown
SPNCRNA.5388	unknown
SPNCRNA.5389	unknown
SPNCRNA.5390	unknown
SPNCRNA.5391	unknown
SPNCRNA.5392	unknown
SPNCRNA.5393	unknown
SPNCRNA.5394	unknown
SPNCRNA.5395	unknown
SPNCRNA.5396	unknown
SPNCRNA.5397	unknown
SPNCRNA.5398	unknown
SPNCRNA.5399	unknown
SPNCRNA.54	unknown
SPNCRNA.540	unknown
SPNCRNA.5400	unknown
SPNCRNA.5401	unknown
SPNCRNA.5402	unknown
SPNCRNA.5403	unknown
SPNCRNA.5404	unknown
SPNCRNA.5405	unknown
SPNCRNA.5406	unknown
SPNCRNA.5407	unknown
SPNCRNA.5408	unknown
SPNCRNA.5409	unknown
SPNCRNA.5410	unknown
SPNCRNA.5411	unknown
SPNCRNA.5412	unknown
SPNCRNA.5413	unknown
SPNCRNA.5414	unknown
SPNCRNA.5415	unknown
SPNCRNA.5416	unknown
SPNCRNA.5417	unknown
SPNCRNA.5418	unknown
SPNCRNA.5419	unknown
SPNCRNA.5420	unknown
SPNCRNA.5421	unknown
SPNCRNA.5422	unknown
SPNCRNA.5423	unknown
SPNCRNA.5424	unknown
SPNCRNA.5425	unknown
SPNCRNA.5426	unknown
SPNCRNA.5427	unknown
SPNCRNA.5428	unknown
SPNCRNA.5429	unknown
SPNCRNA.5430	unknown
SPNCRNA.5431	unknown
SPNCRNA.5432	unknown
SPNCRNA.5433	unknown
SPNCRNA.5434	unknown
SPNCRNA.5435	unknown
SPNCRNA.5436	unknown
SPNCRNA.5437	unknown
SPNCRNA.5438	unknown
SPNCRNA.5439	unknown
SPNCRNA.5440	unknown
SPNCRNA.5441	unknown
SPNCRNA.5442	unknown
SPNCRNA.5443	unknown
SPNCRNA.5444	unknown
SPNCRNA.5445	unknown
SPNCRNA.5446	unknown
SPNCRNA.5447	unknown
SPNCRNA.5448	unknown
SPNCRNA.5449	unknown
SPNCRNA.545	unknown
SPNCRNA.5450	unknown
SPNCRNA.5451	unknown
SPNCRNA.5452	unknown
SPNCRNA.5453	unknown
SPNCRNA.5454	unknown
SPNCRNA.5455	unknown
SPNCRNA.5456	unknown
SPNCRNA.5457	unknown
SPNCRNA.5458	unknown
SPNCRNA.5459	unknown
SPNCRNA.5460	unknown
SPNCRNA.5461	unknown
SPNCRNA.5462	unknown
SPNCRNA.5463	unknown
SPNCRNA.5464	unknown
SPNCRNA.5465	unknown
SPNCRNA.5466	unknown
SPNCRNA.5467	unknown
SPNCRNA.5468	unknown
SPNCRNA.5469	unknown
SPNCRNA.5470	unknown
SPNCRNA.5471	unknown
SPNCRNA.5472	unknown
SPNCRNA.5473	unknown
SPNCRNA.5474	unknown
SPNCRNA.5475	unknown
SPNCRNA.5476	unknown
SPNCRNA.5477	unknown
SPNCRNA.5478	unknown
SPNCRNA.5479	unknown
SPNCRNA.5480	unknown
SPNCRNA.5481	unknown
SPNCRNA.5482	unknown
SPNCRNA.5483	unknown
SPNCRNA.5484	unknown
SPNCRNA.5485	unknown
SPNCRNA.5486	unknown
SPNCRNA.5487	unknown
SPNCRNA.5488	unknown
SPNCRNA.5489	unknown
SPNCRNA.549	unknown
SPNCRNA.5490	unknown
SPNCRNA.5491	unknown
SPNCRNA.5492	unknown
SPNCRNA.5493	unknown
SPNCRNA.5494	unknown
SPNCRNA.5495	unknown
SPNCRNA.5496	unknown
SPNCRNA.5497	unknown
SPNCRNA.5499	unknown
SPNCRNA.550	unknown
SPNCRNA.5500	unknown
SPNCRNA.5501	unknown
SPNCRNA.5502	unknown
SPNCRNA.5503	unknown
SPNCRNA.5504	unknown
SPNCRNA.5505	unknown
SPNCRNA.5506	unknown
SPNCRNA.5507	unknown
SPNCRNA.5508	unknown
SPNCRNA.5509	unknown
SPNCRNA.5510	unknown
SPNCRNA.5511	unknown
SPNCRNA.5512	unknown
SPNCRNA.5513	unknown
SPNCRNA.5514	unknown
SPNCRNA.5515	unknown
SPNCRNA.5516	unknown
SPNCRNA.5517	unknown
SPNCRNA.5518	unknown
SPNCRNA.5519	unknown
SPNCRNA.5520	unknown
SPNCRNA.5521	unknown
SPNCRNA.5522	unknown
SPNCRNA.5523	unknown
SPNCRNA.5524	unknown
SPNCRNA.5525	unknown
SPNCRNA.5526	unknown
SPNCRNA.5527	unknown
SPNCRNA.5528	unknown
SPNCRNA.5529	unknown
SPNCRNA.5530	unknown
SPNCRNA.5531	unknown
SPNCRNA.5532	unknown
SPNCRNA.5533	unknown
SPNCRNA.5534	unknown
SPNCRNA.5535	unknown
SPNCRNA.5536	unknown
SPNCRNA.5537	unknown
SPNCRNA.5538	unknown
SPNCRNA.5539	unknown
SPNCRNA.554	unknown
SPNCRNA.5540	unknown
SPNCRNA.5541	unknown
SPNCRNA.5542	unknown
SPNCRNA.5543	unknown
SPNCRNA.5544	unknown
SPNCRNA.5545	unknown
SPNCRNA.5546	unknown
SPNCRNA.5547	unknown
SPNCRNA.5548	unknown
SPNCRNA.5549	unknown
SPNCRNA.555	unknown
SPNCRNA.5550	unknown
SPNCRNA.5551	unknown
SPNCRNA.5552	unknown
SPNCRNA.5553	unknown
SPNCRNA.5554	unknown
SPNCRNA.5555	unknown
SPNCRNA.5556	unknown
SPNCRNA.5557	unknown
SPNCRNA.5558	unknown
SPNCRNA.5559	unknown
SPNCRNA.556	unknown
SPNCRNA.5560	unknown
SPNCRNA.5561	unknown
SPNCRNA.5562	unknown
SPNCRNA.5563	unknown
SPNCRNA.5564	unknown
SPNCRNA.5565	unknown
SPNCRNA.5566	unknown
SPNCRNA.5567	unknown
SPNCRNA.5568	unknown
SPNCRNA.5569	unknown
SPNCRNA.5570	unknown
SPNCRNA.5571	unknown
SPNCRNA.5572	unknown
SPNCRNA.5573	unknown
SPNCRNA.5574	unknown
SPNCRNA.5575	unknown
SPNCRNA.5576	unknown
SPNCRNA.5577	unknown
SPNCRNA.5578	unknown
SPNCRNA.5579	unknown
SPNCRNA.558	unknown
SPNCRNA.5580	unknown
SPNCRNA.5581	unknown
SPNCRNA.5582	unknown
SPNCRNA.5583	unknown
SPNCRNA.5584	unknown
SPNCRNA.5585	unknown
SPNCRNA.5586	unknown
SPNCRNA.5587	unknown
SPNCRNA.5588	unknown
SPNCRNA.5589	unknown
SPNCRNA.5590	unknown
SPNCRNA.5591	unknown
SPNCRNA.5592	unknown
SPNCRNA.5593	unknown
SPNCRNA.5594	unknown
SPNCRNA.5595	unknown
SPNCRNA.5596	unknown
SPNCRNA.5597	unknown
SPNCRNA.5598	unknown
SPNCRNA.5599	unknown
SPNCRNA.56	unknown
SPNCRNA.560	unknown
SPNCRNA.5600	unknown
SPNCRNA.5601	unknown
SPNCRNA.5602	unknown
SPNCRNA.5603	unknown
SPNCRNA.5604	unknown
SPNCRNA.5605	unknown
SPNCRNA.5606	unknown
SPNCRNA.5607	unknown
SPNCRNA.5608	unknown
SPNCRNA.5609	unknown
SPNCRNA.561	unknown
SPNCRNA.5610	unknown
SPNCRNA.5611	unknown
SPNCRNA.5612	unknown
SPNCRNA.5613	unknown
SPNCRNA.5614	unknown
SPNCRNA.5615	unknown
SPNCRNA.5616	unknown
SPNCRNA.5617	unknown
SPNCRNA.5618	unknown
SPNCRNA.5619	unknown
SPNCRNA.562	unknown
SPNCRNA.5620	unknown
SPNCRNA.5621	unknown
SPNCRNA.5622	unknown
SPNCRNA.5623	unknown
SPNCRNA.5624	unknown
SPNCRNA.5625	unknown
SPNCRNA.5626	unknown
SPNCRNA.5627	unknown
SPNCRNA.5628	unknown
SPNCRNA.5629	unknown
SPNCRNA.563	unknown
SPNCRNA.5630	unknown
SPNCRNA.5631	unknown
SPNCRNA.5632	unknown
SPNCRNA.5633	unknown
SPNCRNA.5634	unknown
SPNCRNA.5635	unknown
SPNCRNA.5636	unknown
SPNCRNA.5637	unknown
SPNCRNA.5638	unknown
SPNCRNA.5639	unknown
SPNCRNA.5640	unknown
SPNCRNA.5641	unknown
SPNCRNA.5642	unknown
SPNCRNA.5643	unknown
SPNCRNA.5644	unknown
SPNCRNA.5645	unknown
SPNCRNA.5646	unknown
SPNCRNA.5647	unknown
SPNCRNA.5648	unknown
SPNCRNA.5649	unknown
SPNCRNA.565	unknown
SPNCRNA.5650	unknown
SPNCRNA.5651	unknown
SPNCRNA.5652	unknown
SPNCRNA.5653	unknown
SPNCRNA.5654	unknown
SPNCRNA.5655	unknown
SPNCRNA.5656	unknown
SPNCRNA.5657	unknown
SPNCRNA.5658	unknown
SPNCRNA.5659	unknown
SPNCRNA.566	unknown
SPNCRNA.5660	unknown
SPNCRNA.5661	unknown
SPNCRNA.5662	unknown
SPNCRNA.5663	unknown
SPNCRNA.5664	unknown
SPNCRNA.5665	unknown
SPNCRNA.5666	unknown
SPNCRNA.5667	unknown
SPNCRNA.5668	unknown
SPNCRNA.5669	unknown
SPNCRNA.567	unknown
SPNCRNA.5670	unknown
SPNCRNA.5671	unknown
SPNCRNA.5672	unknown
SPNCRNA.5673	unknown
SPNCRNA.5674	unknown
SPNCRNA.5675	unknown
SPNCRNA.5676	unknown
SPNCRNA.5677	unknown
SPNCRNA.5678	unknown
SPNCRNA.5679	unknown
SPNCRNA.568	unknown
SPNCRNA.5680	unknown
SPNCRNA.5681	unknown
SPNCRNA.5682	unknown
SPNCRNA.5683	unknown
SPNCRNA.5684	unknown
SPNCRNA.5685	unknown
SPNCRNA.5686	unknown
SPNCRNA.5687	unknown
SPNCRNA.5688	unknown
SPNCRNA.5689	unknown
SPNCRNA.569	unknown
SPNCRNA.5690	unknown
SPNCRNA.5691	unknown
SPNCRNA.5692	unknown
SPNCRNA.5693	unknown
SPNCRNA.5694	unknown
SPNCRNA.5695	unknown
SPNCRNA.5696	unknown
SPNCRNA.5697	unknown
SPNCRNA.5698	unknown
SPNCRNA.5699	unknown
SPNCRNA.57	unknown
SPNCRNA.570	unknown
SPNCRNA.5700	unknown
SPNCRNA.5701	unknown
SPNCRNA.5702	unknown
SPNCRNA.5703	unknown
SPNCRNA.5704	unknown
SPNCRNA.5705	unknown
SPNCRNA.5706	unknown
SPNCRNA.5707	unknown
SPNCRNA.5708	unknown
SPNCRNA.5709	unknown
SPNCRNA.571	unknown
SPNCRNA.5710	unknown
SPNCRNA.5711	unknown
SPNCRNA.5712	unknown
SPNCRNA.5713	unknown
SPNCRNA.5714	unknown
SPNCRNA.5715	unknown
SPNCRNA.5716	unknown
SPNCRNA.5717	unknown
SPNCRNA.5718	unknown
SPNCRNA.5719	unknown
SPNCRNA.572	unknown
SPNCRNA.5720	unknown
SPNCRNA.5721	unknown
SPNCRNA.5722	unknown
SPNCRNA.5723	unknown
SPNCRNA.5724	unknown
SPNCRNA.5725	unknown
SPNCRNA.5726	unknown
SPNCRNA.5727	unknown
SPNCRNA.5728	unknown
SPNCRNA.5729	unknown
SPNCRNA.573	unknown
SPNCRNA.5730	unknown
SPNCRNA.5731	unknown
SPNCRNA.5732	unknown
SPNCRNA.5733	unknown
SPNCRNA.5734	unknown
SPNCRNA.5735	unknown
SPNCRNA.5736	unknown
SPNCRNA.5737	unknown
SPNCRNA.5738	unknown
SPNCRNA.5739	unknown
SPNCRNA.5740	unknown
SPNCRNA.5741	unknown
SPNCRNA.5742	unknown
SPNCRNA.5743	unknown
SPNCRNA.5744	unknown
SPNCRNA.5745	unknown
SPNCRNA.5746	unknown
SPNCRNA.5747	unknown
SPNCRNA.5748	unknown
SPNCRNA.5749	unknown
SPNCRNA.575	unknown
SPNCRNA.5750	unknown
SPNCRNA.5751	unknown
SPNCRNA.5752	unknown
SPNCRNA.5753	unknown
SPNCRNA.5754	unknown
SPNCRNA.5755	unknown
SPNCRNA.5756	unknown
SPNCRNA.5757	unknown
SPNCRNA.5758	unknown
SPNCRNA.5759	unknown
SPNCRNA.576	unknown
SPNCRNA.5760	unknown
SPNCRNA.5761	unknown
SPNCRNA.5762	unknown
SPNCRNA.5763	unknown
SPNCRNA.5764	unknown
SPNCRNA.5765	unknown
SPNCRNA.5766	unknown
SPNCRNA.5767	unknown
SPNCRNA.5768	unknown
SPNCRNA.5769	unknown
SPNCRNA.577	unknown
SPNCRNA.5770	unknown
SPNCRNA.5771	unknown
SPNCRNA.5772	unknown
SPNCRNA.5773	unknown
SPNCRNA.5774	unknown
SPNCRNA.5775	unknown
SPNCRNA.5776	unknown
SPNCRNA.5777	unknown
SPNCRNA.5778	unknown
SPNCRNA.5779	unknown
SPNCRNA.5780	unknown
SPNCRNA.5781	unknown
SPNCRNA.5782	unknown
SPNCRNA.5783	unknown
SPNCRNA.5784	unknown
SPNCRNA.5785	unknown
SPNCRNA.5786	unknown
SPNCRNA.5787	unknown
SPNCRNA.5788	unknown
SPNCRNA.5789	unknown
SPNCRNA.579	unknown
SPNCRNA.5790	unknown
SPNCRNA.5791	unknown
SPNCRNA.5792	unknown
SPNCRNA.5793	unknown
SPNCRNA.5794	unknown
SPNCRNA.5795	unknown
SPNCRNA.5796	unknown
SPNCRNA.5797	unknown
SPNCRNA.5798	unknown
SPNCRNA.5799	unknown
SPNCRNA.58	unknown
SPNCRNA.580	unknown
SPNCRNA.5800	unknown
SPNCRNA.5801	unknown
SPNCRNA.5802	unknown
SPNCRNA.5803	unknown
SPNCRNA.5804	unknown
SPNCRNA.5805	unknown
SPNCRNA.5806	unknown
SPNCRNA.5807	unknown
SPNCRNA.5808	unknown
SPNCRNA.5809	unknown
SPNCRNA.581	unknown
SPNCRNA.5810	unknown
SPNCRNA.5811	unknown
SPNCRNA.5812	unknown
SPNCRNA.5813	unknown
SPNCRNA.5814	unknown
SPNCRNA.5815	unknown
SPNCRNA.5816	unknown
SPNCRNA.5817	unknown
SPNCRNA.5818	unknown
SPNCRNA.5819	unknown
SPNCRNA.5820	unknown
SPNCRNA.5821	unknown
SPNCRNA.5822	unknown
SPNCRNA.5823	unknown
SPNCRNA.5824	unknown
SPNCRNA.5825	unknown
SPNCRNA.5826	unknown
SPNCRNA.5827	unknown
SPNCRNA.5828	unknown
SPNCRNA.5829	unknown
SPNCRNA.583	unknown
SPNCRNA.5830	unknown
SPNCRNA.5831	unknown
SPNCRNA.5832	unknown
SPNCRNA.5833	unknown
SPNCRNA.5834	unknown
SPNCRNA.5835	unknown
SPNCRNA.5836	unknown
SPNCRNA.5837	unknown
SPNCRNA.5838	unknown
SPNCRNA.5839	unknown
SPNCRNA.584	unknown
SPNCRNA.5840	unknown
SPNCRNA.5841	unknown
SPNCRNA.5842	unknown
SPNCRNA.5843	unknown
SPNCRNA.5844	unknown
SPNCRNA.5845	unknown
SPNCRNA.5846	unknown
SPNCRNA.5847	unknown
SPNCRNA.5848	unknown
SPNCRNA.5849	unknown
SPNCRNA.585	unknown
SPNCRNA.5850	unknown
SPNCRNA.5851	unknown
SPNCRNA.5852	unknown
SPNCRNA.5853	unknown
SPNCRNA.5854	unknown
SPNCRNA.5855	unknown
SPNCRNA.5856	unknown
SPNCRNA.5857	unknown
SPNCRNA.5858	unknown
SPNCRNA.5859	unknown
SPNCRNA.586	unknown
SPNCRNA.5860	unknown
SPNCRNA.5861	unknown
SPNCRNA.5862	unknown
SPNCRNA.5863	unknown
SPNCRNA.5864	unknown
SPNCRNA.5865	unknown
SPNCRNA.5866	unknown
SPNCRNA.5867	unknown
SPNCRNA.5868	unknown
SPNCRNA.5869	unknown
SPNCRNA.587	unknown
SPNCRNA.5870	unknown
SPNCRNA.5871	unknown
SPNCRNA.5872	unknown
SPNCRNA.5873	unknown
SPNCRNA.5874	unknown
SPNCRNA.5875	unknown
SPNCRNA.5876	unknown
SPNCRNA.5877	unknown
SPNCRNA.5878	unknown
SPNCRNA.5879	unknown
SPNCRNA.5880	unknown
SPNCRNA.5881	unknown
SPNCRNA.5882	unknown
SPNCRNA.5883	unknown
SPNCRNA.5884	unknown
SPNCRNA.5885	unknown
SPNCRNA.5886	unknown
SPNCRNA.5887	unknown
SPNCRNA.5888	unknown
SPNCRNA.5889	unknown
SPNCRNA.5890	unknown
SPNCRNA.5891	unknown
SPNCRNA.5892	unknown
SPNCRNA.5893	unknown
SPNCRNA.5894	unknown
SPNCRNA.5895	unknown
SPNCRNA.5896	unknown
SPNCRNA.5897	unknown
SPNCRNA.5898	unknown
SPNCRNA.5899	unknown
SPNCRNA.5900	unknown
SPNCRNA.5901	unknown
SPNCRNA.5902	unknown
SPNCRNA.5903	unknown
SPNCRNA.5904	unknown
SPNCRNA.5905	unknown
SPNCRNA.5906	unknown
SPNCRNA.5907	unknown
SPNCRNA.5908	unknown
SPNCRNA.5909	unknown
SPNCRNA.5910	unknown
SPNCRNA.5911	unknown
SPNCRNA.5912	unknown
SPNCRNA.5913	unknown
SPNCRNA.5914	unknown
SPNCRNA.5915	unknown
SPNCRNA.5916	unknown
SPNCRNA.5917	unknown
SPNCRNA.5918	unknown
SPNCRNA.5919	unknown
SPNCRNA.5920	unknown
SPNCRNA.5921	unknown
SPNCRNA.5922	unknown
SPNCRNA.5923	unknown
SPNCRNA.5924	unknown
SPNCRNA.5925	unknown
SPNCRNA.5926	unknown
SPNCRNA.5927	unknown
SPNCRNA.5928	unknown
SPNCRNA.5929	unknown
SPNCRNA.5930	unknown
SPNCRNA.5931	unknown
SPNCRNA.5932	unknown
SPNCRNA.5933	unknown
SPNCRNA.5934	unknown
SPNCRNA.5935	unknown
SPNCRNA.5936	unknown
SPNCRNA.5937	unknown
SPNCRNA.5938	unknown
SPNCRNA.5939	unknown
SPNCRNA.5940	unknown
SPNCRNA.5941	unknown
SPNCRNA.5942	unknown
SPNCRNA.5943	unknown
SPNCRNA.5944	unknown
SPNCRNA.5945	unknown
SPNCRNA.5946	unknown
SPNCRNA.5947	unknown
SPNCRNA.5948	unknown
SPNCRNA.5949	unknown
SPNCRNA.5950	unknown
SPNCRNA.5951	unknown
SPNCRNA.5952	unknown
SPNCRNA.5953	unknown
SPNCRNA.5954	unknown
SPNCRNA.5955	unknown
SPNCRNA.5956	unknown
SPNCRNA.5957	unknown
SPNCRNA.5958	unknown
SPNCRNA.5959	unknown
SPNCRNA.5960	unknown
SPNCRNA.5961	unknown
SPNCRNA.5962	unknown
SPNCRNA.5963	unknown
SPNCRNA.5964	unknown
SPNCRNA.5965	unknown
SPNCRNA.5966	unknown
SPNCRNA.5967	unknown
SPNCRNA.5968	unknown
SPNCRNA.5969	unknown
SPNCRNA.5970	unknown
SPNCRNA.5971	unknown
SPNCRNA.5972	unknown
SPNCRNA.5973	unknown
SPNCRNA.5974	unknown
SPNCRNA.5975	unknown
SPNCRNA.5976	unknown
SPNCRNA.5977	unknown
SPNCRNA.5978	unknown
SPNCRNA.5979	unknown
SPNCRNA.5980	unknown
SPNCRNA.5981	unknown
SPNCRNA.5982	unknown
SPNCRNA.5983	unknown
SPNCRNA.5984	unknown
SPNCRNA.5985	unknown
SPNCRNA.5986	unknown
SPNCRNA.5987	unknown
SPNCRNA.5988	unknown
SPNCRNA.5989	unknown
SPNCRNA.5990	unknown
SPNCRNA.5991	unknown
SPNCRNA.5992	unknown
SPNCRNA.5993	unknown
SPNCRNA.5994	unknown
SPNCRNA.5995	unknown
SPNCRNA.5996	unknown
SPNCRNA.5997	unknown
SPNCRNA.5998	unknown
SPNCRNA.5999	unknown
SPNCRNA.600	unknown
SPNCRNA.6000	unknown
SPNCRNA.6001	unknown
SPNCRNA.6002	unknown
SPNCRNA.6003	unknown
SPNCRNA.6004	unknown
SPNCRNA.6005	unknown
SPNCRNA.6006	unknown
SPNCRNA.6007	unknown
SPNCRNA.6008	unknown
SPNCRNA.6009	unknown
SPNCRNA.601	unknown
SPNCRNA.6010	unknown
SPNCRNA.6011	unknown
SPNCRNA.6012	unknown
SPNCRNA.6013	unknown
SPNCRNA.6014	unknown
SPNCRNA.6015	unknown
SPNCRNA.6016	unknown
SPNCRNA.6017	unknown
SPNCRNA.6018	unknown
SPNCRNA.6019	unknown
SPNCRNA.602	unknown
SPNCRNA.6020	unknown
SPNCRNA.6021	unknown
SPNCRNA.6022	unknown
SPNCRNA.6023	unknown
SPNCRNA.6024	unknown
SPNCRNA.6025	unknown
SPNCRNA.6026	unknown
SPNCRNA.6027	unknown
SPNCRNA.6028	unknown
SPNCRNA.6029	unknown
SPNCRNA.603	unknown
SPNCRNA.6030	unknown
SPNCRNA.6031	unknown
SPNCRNA.6032	unknown
SPNCRNA.6033	unknown
SPNCRNA.6034	unknown
SPNCRNA.6035	unknown
SPNCRNA.6036	unknown
SPNCRNA.6037	unknown
SPNCRNA.6038	unknown
SPNCRNA.6039	unknown
SPNCRNA.604	unknown
SPNCRNA.6040	unknown
SPNCRNA.6041	unknown
SPNCRNA.6042	unknown
SPNCRNA.6043	unknown
SPNCRNA.6044	unknown
SPNCRNA.6045	unknown
SPNCRNA.6046	unknown
SPNCRNA.6047	unknown
SPNCRNA.6048	unknown
SPNCRNA.6049	unknown
SPNCRNA.605	unknown
SPNCRNA.6050	unknown
SPNCRNA.6051	unknown
SPNCRNA.6052	unknown
SPNCRNA.6053	unknown
SPNCRNA.6054	unknown
SPNCRNA.6055	unknown
SPNCRNA.6056	unknown
SPNCRNA.6057	unknown
SPNCRNA.6058	unknown
SPNCRNA.6059	unknown
SPNCRNA.606	unknown
SPNCRNA.6060	unknown
SPNCRNA.6061	unknown
SPNCRNA.6062	unknown
SPNCRNA.6063	unknown
SPNCRNA.6064	unknown
SPNCRNA.6065	unknown
SPNCRNA.6066	unknown
SPNCRNA.6067	unknown
SPNCRNA.6068	unknown
SPNCRNA.6069	unknown
SPNCRNA.607	unknown
SPNCRNA.6070	unknown
SPNCRNA.6071	unknown
SPNCRNA.6072	unknown
SPNCRNA.6073	unknown
SPNCRNA.6074	unknown
SPNCRNA.6075	unknown
SPNCRNA.6076	unknown
SPNCRNA.6077	unknown
SPNCRNA.6078	unknown
SPNCRNA.6079	unknown
SPNCRNA.608	unknown
SPNCRNA.6080	unknown
SPNCRNA.6081	unknown
SPNCRNA.6082	unknown
SPNCRNA.6083	unknown
SPNCRNA.6084	unknown
SPNCRNA.6085	unknown
SPNCRNA.6086	unknown
SPNCRNA.6087	unknown
SPNCRNA.6088	unknown
SPNCRNA.6089	unknown
SPNCRNA.609	unknown
SPNCRNA.6090	unknown
SPNCRNA.6091	unknown
SPNCRNA.6092	unknown
SPNCRNA.6093	unknown
SPNCRNA.6094	unknown
SPNCRNA.6095	unknown
SPNCRNA.6096	unknown
SPNCRNA.6097	unknown
SPNCRNA.6098	unknown
SPNCRNA.6099	unknown
SPNCRNA.61	unknown
SPNCRNA.610	unknown
SPNCRNA.6100	unknown
SPNCRNA.6101	unknown
SPNCRNA.6102	unknown
SPNCRNA.6103	unknown
SPNCRNA.6104	unknown
SPNCRNA.6105	unknown
SPNCRNA.6106	unknown
SPNCRNA.6107	unknown
SPNCRNA.6108	unknown
SPNCRNA.6109	unknown
SPNCRNA.611	unknown
SPNCRNA.6110	unknown
SPNCRNA.6111	unknown
SPNCRNA.6112	unknown
SPNCRNA.6113	unknown
SPNCRNA.6114	unknown
SPNCRNA.6115	unknown
SPNCRNA.6116	unknown
SPNCRNA.6117	unknown
SPNCRNA.6118	unknown
SPNCRNA.6119	unknown
SPNCRNA.612	unknown
SPNCRNA.6120	unknown
SPNCRNA.6121	unknown
SPNCRNA.6122	unknown
SPNCRNA.6123	unknown
SPNCRNA.6124	unknown
SPNCRNA.6125	unknown
SPNCRNA.6126	unknown
SPNCRNA.6127	unknown
SPNCRNA.6128	unknown
SPNCRNA.6129	unknown
SPNCRNA.613	unknown
SPNCRNA.6130	unknown
SPNCRNA.6131	unknown
SPNCRNA.6132	unknown
SPNCRNA.6133	unknown
SPNCRNA.6134	unknown
SPNCRNA.6135	unknown
SPNCRNA.6136	unknown
SPNCRNA.6137	unknown
SPNCRNA.6138	unknown
SPNCRNA.6139	unknown
SPNCRNA.614	unknown
SPNCRNA.6140	unknown
SPNCRNA.6141	unknown
SPNCRNA.6142	unknown
SPNCRNA.6143	unknown
SPNCRNA.6144	unknown
SPNCRNA.6145	unknown
SPNCRNA.6146	unknown
SPNCRNA.6147	unknown
SPNCRNA.6148	unknown
SPNCRNA.6149	unknown
SPNCRNA.615	unknown
SPNCRNA.6150	unknown
SPNCRNA.6151	unknown
SPNCRNA.6152	unknown
SPNCRNA.6153	unknown
SPNCRNA.6154	unknown
SPNCRNA.6155	unknown
SPNCRNA.6156	unknown
SPNCRNA.6157	unknown
SPNCRNA.6158	unknown
SPNCRNA.6159	unknown
SPNCRNA.616	unknown
SPNCRNA.6160	unknown
SPNCRNA.6161	unknown
SPNCRNA.6162	unknown
SPNCRNA.6163	unknown
SPNCRNA.6164	unknown
SPNCRNA.6165	unknown
SPNCRNA.6166	unknown
SPNCRNA.6167	unknown
SPNCRNA.6168	unknown
SPNCRNA.6169	unknown
SPNCRNA.617	unknown
SPNCRNA.6170	unknown
SPNCRNA.6171	unknown
SPNCRNA.6172	unknown
SPNCRNA.6173	unknown
SPNCRNA.6174	unknown
SPNCRNA.6175	unknown
SPNCRNA.6176	unknown
SPNCRNA.6177	unknown
SPNCRNA.6178	unknown
SPNCRNA.6179	unknown
SPNCRNA.618	unknown
SPNCRNA.6180	unknown
SPNCRNA.6181	unknown
SPNCRNA.6182	unknown
SPNCRNA.6183	unknown
SPNCRNA.6184	unknown
SPNCRNA.6185	unknown
SPNCRNA.6186	unknown
SPNCRNA.6187	unknown
SPNCRNA.6188	unknown
SPNCRNA.6189	unknown
SPNCRNA.619	unknown
SPNCRNA.6190	unknown
SPNCRNA.6191	unknown
SPNCRNA.6192	unknown
SPNCRNA.6193	unknown
SPNCRNA.6194	unknown
SPNCRNA.6195	unknown
SPNCRNA.6196	unknown
SPNCRNA.6197	unknown
SPNCRNA.6198	unknown
SPNCRNA.6199	unknown
SPNCRNA.62	unknown
SPNCRNA.620	unknown
SPNCRNA.6200	unknown
SPNCRNA.6201	unknown
SPNCRNA.6202	unknown
SPNCRNA.6203	unknown
SPNCRNA.6204	unknown
SPNCRNA.6205	unknown
SPNCRNA.6206	unknown
SPNCRNA.6207	unknown
SPNCRNA.6208	unknown
SPNCRNA.6209	unknown
SPNCRNA.621	unknown
SPNCRNA.6210	unknown
SPNCRNA.6211	unknown
SPNCRNA.6212	unknown
SPNCRNA.6213	unknown
SPNCRNA.6214	unknown
SPNCRNA.6215	unknown
SPNCRNA.6216	unknown
SPNCRNA.6217	unknown
SPNCRNA.6218	unknown
SPNCRNA.6219	unknown
SPNCRNA.622	unknown
SPNCRNA.6220	unknown
SPNCRNA.6221	unknown
SPNCRNA.6222	unknown
SPNCRNA.6223	unknown
SPNCRNA.6224	unknown
SPNCRNA.6225	unknown
SPNCRNA.6226	unknown
SPNCRNA.6227	unknown
SPNCRNA.6228	unknown
SPNCRNA.6229	unknown
SPNCRNA.623	unknown
SPNCRNA.6230	unknown
SPNCRNA.6231	unknown
SPNCRNA.6232	unknown
SPNCRNA.6233	unknown
SPNCRNA.6234	unknown
SPNCRNA.6235	unknown
SPNCRNA.6236	unknown
SPNCRNA.6237	unknown
SPNCRNA.6238	unknown
SPNCRNA.6239	unknown
SPNCRNA.624	unknown
SPNCRNA.6240	unknown
SPNCRNA.6241	unknown
SPNCRNA.6242	unknown
SPNCRNA.6243	unknown
SPNCRNA.6244	unknown
SPNCRNA.6245	unknown
SPNCRNA.6246	unknown
SPNCRNA.6247	unknown
SPNCRNA.6248	unknown
SPNCRNA.6249	unknown
SPNCRNA.625	unknown
SPNCRNA.6250	unknown
SPNCRNA.6251	unknown
SPNCRNA.6252	unknown
SPNCRNA.6253	unknown
SPNCRNA.6254	unknown
SPNCRNA.6255	unknown
SPNCRNA.6256	unknown
SPNCRNA.6257	unknown
SPNCRNA.6258	unknown
SPNCRNA.6259	unknown
SPNCRNA.626	unknown
SPNCRNA.6260	unknown
SPNCRNA.6261	unknown
SPNCRNA.6262	unknown
SPNCRNA.6263	unknown
SPNCRNA.6264	unknown
SPNCRNA.6265	unknown
SPNCRNA.6266	unknown
SPNCRNA.6267	unknown
SPNCRNA.6268	unknown
SPNCRNA.6269	unknown
SPNCRNA.627	unknown
SPNCRNA.6270	unknown
SPNCRNA.6271	unknown
SPNCRNA.6272	unknown
SPNCRNA.6273	unknown
SPNCRNA.6274	unknown
SPNCRNA.6275	unknown
SPNCRNA.6276	unknown
SPNCRNA.6277	unknown
SPNCRNA.6278	unknown
SPNCRNA.6279	unknown
SPNCRNA.628	unknown
SPNCRNA.6280	unknown
SPNCRNA.6281	unknown
SPNCRNA.6282	unknown
SPNCRNA.6283	unknown
SPNCRNA.6284	unknown
SPNCRNA.6285	unknown
SPNCRNA.6286	unknown
SPNCRNA.6287	unknown
SPNCRNA.6288	unknown
SPNCRNA.6289	unknown
SPNCRNA.629	unknown
SPNCRNA.6290	unknown
SPNCRNA.6291	unknown
SPNCRNA.6292	unknown
SPNCRNA.6293	unknown
SPNCRNA.6294	unknown
SPNCRNA.6295	unknown
SPNCRNA.6296	unknown
SPNCRNA.6297	unknown
SPNCRNA.6298	unknown
SPNCRNA.6299	unknown
SPNCRNA.630	unknown
SPNCRNA.6300	unknown
SPNCRNA.6301	unknown
SPNCRNA.6302	unknown
SPNCRNA.6303	unknown
SPNCRNA.6304	unknown
SPNCRNA.6305	unknown
SPNCRNA.6306	unknown
SPNCRNA.6307	unknown
SPNCRNA.6308	unknown
SPNCRNA.6309	unknown
SPNCRNA.631	unknown
SPNCRNA.6310	unknown
SPNCRNA.6311	unknown
SPNCRNA.6312	unknown
SPNCRNA.6313	unknown
SPNCRNA.6314	unknown
SPNCRNA.6315	unknown
SPNCRNA.6316	unknown
SPNCRNA.6317	unknown
SPNCRNA.6318	unknown
SPNCRNA.6319	unknown
SPNCRNA.632	unknown
SPNCRNA.6320	unknown
SPNCRNA.6321	unknown
SPNCRNA.6322	unknown
SPNCRNA.6323	unknown
SPNCRNA.6324	unknown
SPNCRNA.6325	unknown
SPNCRNA.6326	unknown
SPNCRNA.6327	unknown
SPNCRNA.6328	unknown
SPNCRNA.6329	unknown
SPNCRNA.633	unknown
SPNCRNA.6330	unknown
SPNCRNA.6331	unknown
SPNCRNA.6332	unknown
SPNCRNA.6333	unknown
SPNCRNA.6334	unknown
SPNCRNA.6335	unknown
SPNCRNA.6336	unknown
SPNCRNA.6337	unknown
SPNCRNA.6338	unknown
SPNCRNA.6339	unknown
SPNCRNA.634	unknown
SPNCRNA.6340	unknown
SPNCRNA.6341	unknown
SPNCRNA.6342	unknown
SPNCRNA.6343	unknown
SPNCRNA.6344	unknown
SPNCRNA.6345	unknown
SPNCRNA.6346	unknown
SPNCRNA.6347	unknown
SPNCRNA.6348	unknown
SPNCRNA.6349	unknown
SPNCRNA.635	unknown
SPNCRNA.6350	unknown
SPNCRNA.6351	unknown
SPNCRNA.6352	unknown
SPNCRNA.6353	unknown
SPNCRNA.6354	unknown
SPNCRNA.6355	unknown
SPNCRNA.6356	unknown
SPNCRNA.6357	unknown
SPNCRNA.6358	unknown
SPNCRNA.6359	unknown
SPNCRNA.636	unknown
SPNCRNA.6360	unknown
SPNCRNA.6361	unknown
SPNCRNA.6362	unknown
SPNCRNA.6363	unknown
SPNCRNA.6364	unknown
SPNCRNA.6365	unknown
SPNCRNA.6366	unknown
SPNCRNA.6367	unknown
SPNCRNA.6368	unknown
SPNCRNA.6369	unknown
SPNCRNA.637	unknown
SPNCRNA.6370	unknown
SPNCRNA.6371	unknown
SPNCRNA.6372	unknown
SPNCRNA.6373	unknown
SPNCRNA.6374	unknown
SPNCRNA.6375	unknown
SPNCRNA.6376	unknown
SPNCRNA.6377	unknown
SPNCRNA.6378	unknown
SPNCRNA.6379	unknown
SPNCRNA.638	unknown
SPNCRNA.6380	unknown
SPNCRNA.6381	unknown
SPNCRNA.6382	unknown
SPNCRNA.6383	unknown
SPNCRNA.6384	unknown
SPNCRNA.6385	unknown
SPNCRNA.6386	unknown
SPNCRNA.6387	unknown
SPNCRNA.6388	unknown
SPNCRNA.6389	unknown
SPNCRNA.639	unknown
SPNCRNA.6390	unknown
SPNCRNA.6391	unknown
SPNCRNA.6392	unknown
SPNCRNA.6393	unknown
SPNCRNA.6394	unknown
SPNCRNA.6395	unknown
SPNCRNA.6396	unknown
SPNCRNA.6397	unknown
SPNCRNA.6398	unknown
SPNCRNA.6399	unknown
SPNCRNA.640	unknown
SPNCRNA.6400	unknown
SPNCRNA.6401	unknown
SPNCRNA.6402	unknown
SPNCRNA.6403	unknown
SPNCRNA.6404	unknown
SPNCRNA.6405	unknown
SPNCRNA.6406	unknown
SPNCRNA.6407	unknown
SPNCRNA.6408	unknown
SPNCRNA.6409	unknown
SPNCRNA.641	unknown
SPNCRNA.6410	unknown
SPNCRNA.6411	unknown
SPNCRNA.6412	unknown
SPNCRNA.6413	unknown
SPNCRNA.6414	unknown
SPNCRNA.6415	unknown
SPNCRNA.6416	unknown
SPNCRNA.6417	unknown
SPNCRNA.6418	unknown
SPNCRNA.6419	unknown
SPNCRNA.642	unknown
SPNCRNA.6420	unknown
SPNCRNA.6421	unknown
SPNCRNA.6422	unknown
SPNCRNA.6423	unknown
SPNCRNA.6424	unknown
SPNCRNA.6425	unknown
SPNCRNA.6426	unknown
SPNCRNA.6427	unknown
SPNCRNA.6428	unknown
SPNCRNA.6429	unknown
SPNCRNA.643	unknown
SPNCRNA.6430	unknown
SPNCRNA.6431	unknown
SPNCRNA.6432	unknown
SPNCRNA.6433	unknown
SPNCRNA.6434	unknown
SPNCRNA.6435	unknown
SPNCRNA.6436	unknown
SPNCRNA.6437	unknown
SPNCRNA.6438	unknown
SPNCRNA.6439	unknown
SPNCRNA.644	unknown
SPNCRNA.6440	unknown
SPNCRNA.6441	unknown
SPNCRNA.6442	unknown
SPNCRNA.6443	unknown
SPNCRNA.6444	unknown
SPNCRNA.6445	unknown
SPNCRNA.6446	unknown
SPNCRNA.6447	unknown
SPNCRNA.6448	unknown
SPNCRNA.6449	unknown
SPNCRNA.645	unknown
SPNCRNA.6450	unknown
SPNCRNA.6451	unknown
SPNCRNA.6452	unknown
SPNCRNA.6453	unknown
SPNCRNA.6454	unknown
SPNCRNA.6455	unknown
SPNCRNA.6456	unknown
SPNCRNA.6457	unknown
SPNCRNA.6458	unknown
SPNCRNA.6459	unknown
SPNCRNA.646	unknown
SPNCRNA.6460	unknown
SPNCRNA.6461	unknown
SPNCRNA.6462	unknown
SPNCRNA.6463	unknown
SPNCRNA.6464	unknown
SPNCRNA.6465	unknown
SPNCRNA.6466	unknown
SPNCRNA.6467	unknown
SPNCRNA.6468	unknown
SPNCRNA.6469	unknown
SPNCRNA.647	unknown
SPNCRNA.6470	unknown
SPNCRNA.6471	unknown
SPNCRNA.6472	unknown
SPNCRNA.6473	unknown
SPNCRNA.6474	unknown
SPNCRNA.6475	unknown
SPNCRNA.6476	unknown
SPNCRNA.6477	unknown
SPNCRNA.6478	unknown
SPNCRNA.6479	unknown
SPNCRNA.648	unknown
SPNCRNA.6480	unknown
SPNCRNA.6481	unknown
SPNCRNA.6482	unknown
SPNCRNA.6483	unknown
SPNCRNA.6484	unknown
SPNCRNA.6485	unknown
SPNCRNA.6486	unknown
SPNCRNA.6487	unknown
SPNCRNA.6488	unknown
SPNCRNA.6489	unknown
SPNCRNA.649	unknown
SPNCRNA.6490	unknown
SPNCRNA.6491	unknown
SPNCRNA.6492	unknown
SPNCRNA.6493	unknown
SPNCRNA.6494	unknown
SPNCRNA.6495	unknown
SPNCRNA.6496	unknown
SPNCRNA.6497	unknown
SPNCRNA.6498	unknown
SPNCRNA.6499	unknown
SPNCRNA.650	unknown
SPNCRNA.6500	unknown
SPNCRNA.6501	unknown
SPNCRNA.6502	unknown
SPNCRNA.6503	unknown
SPNCRNA.6504	unknown
SPNCRNA.6505	unknown
SPNCRNA.6506	unknown
SPNCRNA.6507	unknown
SPNCRNA.6508	unknown
SPNCRNA.6509	unknown
SPNCRNA.651	unknown
SPNCRNA.6510	unknown
SPNCRNA.6511	unknown
SPNCRNA.6512	unknown
SPNCRNA.6513	unknown
SPNCRNA.6514	unknown
SPNCRNA.6515	unknown
SPNCRNA.6516	unknown
SPNCRNA.6517	unknown
SPNCRNA.6518	unknown
SPNCRNA.6519	unknown
SPNCRNA.652	unknown
SPNCRNA.6520	unknown
SPNCRNA.6521	unknown
SPNCRNA.6522	unknown
SPNCRNA.6523	unknown
SPNCRNA.6524	unknown
SPNCRNA.6525	unknown
SPNCRNA.6526	unknown
SPNCRNA.6527	unknown
SPNCRNA.6528	unknown
SPNCRNA.6529	unknown
SPNCRNA.653	unknown
SPNCRNA.6530	unknown
SPNCRNA.6531	unknown
SPNCRNA.6532	unknown
SPNCRNA.6533	unknown
SPNCRNA.6534	unknown
SPNCRNA.6535	unknown
SPNCRNA.6536	unknown
SPNCRNA.6537	unknown
SPNCRNA.6538	unknown
SPNCRNA.6539	unknown
SPNCRNA.654	unknown
SPNCRNA.6540	unknown
SPNCRNA.6541	unknown
SPNCRNA.6542	unknown
SPNCRNA.6543	unknown
SPNCRNA.6544	unknown
SPNCRNA.6545	unknown
SPNCRNA.6546	unknown
SPNCRNA.6547	unknown
SPNCRNA.6548	unknown
SPNCRNA.6549	unknown
SPNCRNA.655	unknown
SPNCRNA.6550	unknown
SPNCRNA.6551	unknown
SPNCRNA.6552	unknown
SPNCRNA.6553	unknown
SPNCRNA.6554	unknown
SPNCRNA.6555	unknown
SPNCRNA.6556	unknown
SPNCRNA.6557	unknown
SPNCRNA.6558	unknown
SPNCRNA.6559	unknown
SPNCRNA.656	unknown
SPNCRNA.6560	unknown
SPNCRNA.6561	unknown
SPNCRNA.6562	unknown
SPNCRNA.6563	unknown
SPNCRNA.6564	unknown
SPNCRNA.6565	unknown
SPNCRNA.6566	unknown
SPNCRNA.6567	unknown
SPNCRNA.6568	unknown
SPNCRNA.6569	unknown
SPNCRNA.657	unknown
SPNCRNA.6570	unknown
SPNCRNA.6571	unknown
SPNCRNA.6572	unknown
SPNCRNA.6573	unknown
SPNCRNA.6574	unknown
SPNCRNA.6575	unknown
SPNCRNA.6576	unknown
SPNCRNA.6577	unknown
SPNCRNA.6578	unknown
SPNCRNA.6579	unknown
SPNCRNA.658	unknown
SPNCRNA.6580	unknown
SPNCRNA.6581	unknown
SPNCRNA.6582	unknown
SPNCRNA.6583	unknown
SPNCRNA.6584	unknown
SPNCRNA.6585	unknown
SPNCRNA.6586	unknown
SPNCRNA.6587	unknown
SPNCRNA.6588	unknown
SPNCRNA.6589	unknown
SPNCRNA.659	unknown
SPNCRNA.6590	unknown
SPNCRNA.6591	unknown
SPNCRNA.6592	unknown
SPNCRNA.6593	unknown
SPNCRNA.6594	unknown
SPNCRNA.6595	unknown
SPNCRNA.6596	unknown
SPNCRNA.6597	unknown
SPNCRNA.6598	unknown
SPNCRNA.6599	unknown
SPNCRNA.66	unknown
SPNCRNA.660	unknown
SPNCRNA.6600	unknown
SPNCRNA.6601	unknown
SPNCRNA.6602	unknown
SPNCRNA.6603	unknown
SPNCRNA.6604	unknown
SPNCRNA.6605	unknown
SPNCRNA.6606	unknown
SPNCRNA.6607	unknown
SPNCRNA.6608	unknown
SPNCRNA.6609	unknown
SPNCRNA.661	unknown
SPNCRNA.6610	unknown
SPNCRNA.6611	unknown
SPNCRNA.6612	unknown
SPNCRNA.6613	unknown
SPNCRNA.6614	unknown
SPNCRNA.6615	unknown
SPNCRNA.6616	unknown
SPNCRNA.6617	unknown
SPNCRNA.6618	unknown
SPNCRNA.6619	unknown
SPNCRNA.662	unknown
SPNCRNA.6620	unknown
SPNCRNA.6621	unknown
SPNCRNA.6622	unknown
SPNCRNA.6623	unknown
SPNCRNA.6624	unknown
SPNCRNA.6625	unknown
SPNCRNA.6626	unknown
SPNCRNA.6627	unknown
SPNCRNA.6628	unknown
SPNCRNA.6629	unknown
SPNCRNA.663	unknown
SPNCRNA.6630	unknown
SPNCRNA.6631	unknown
SPNCRNA.6632	unknown
SPNCRNA.6633	unknown
SPNCRNA.6634	unknown
SPNCRNA.6635	unknown
SPNCRNA.6636	unknown
SPNCRNA.6637	unknown
SPNCRNA.6638	unknown
SPNCRNA.6639	unknown
SPNCRNA.664	unknown
SPNCRNA.6640	unknown
SPNCRNA.6641	unknown
SPNCRNA.6642	unknown
SPNCRNA.6643	unknown
SPNCRNA.6644	unknown
SPNCRNA.6645	unknown
SPNCRNA.6646	unknown
SPNCRNA.6647	unknown
SPNCRNA.6648	unknown
SPNCRNA.6649	unknown
SPNCRNA.665	unknown
SPNCRNA.6650	unknown
SPNCRNA.6651	unknown
SPNCRNA.6652	unknown
SPNCRNA.6653	unknown
SPNCRNA.6654	unknown
SPNCRNA.6655	unknown
SPNCRNA.6656	unknown
SPNCRNA.6657	unknown
SPNCRNA.6658	unknown
SPNCRNA.6659	unknown
SPNCRNA.666	unknown
SPNCRNA.6660	unknown
SPNCRNA.6661	unknown
SPNCRNA.6662	unknown
SPNCRNA.6663	unknown
SPNCRNA.6664	unknown
SPNCRNA.6665	unknown
SPNCRNA.6666	unknown
SPNCRNA.6667	unknown
SPNCRNA.6668	unknown
SPNCRNA.6669	unknown
SPNCRNA.667	unknown
SPNCRNA.6670	unknown
SPNCRNA.6671	unknown
SPNCRNA.6672	unknown
SPNCRNA.6673	unknown
SPNCRNA.6674	unknown
SPNCRNA.6675	unknown
SPNCRNA.6676	unknown
SPNCRNA.6677	unknown
SPNCRNA.6678	unknown
SPNCRNA.6679	unknown
SPNCRNA.668	unknown
SPNCRNA.6680	unknown
SPNCRNA.6681	unknown
SPNCRNA.6682	unknown
SPNCRNA.6683	unknown
SPNCRNA.6684	unknown
SPNCRNA.6685	unknown
SPNCRNA.6686	unknown
SPNCRNA.6687	unknown
SPNCRNA.6688	unknown
SPNCRNA.6689	unknown
SPNCRNA.669	unknown
SPNCRNA.6690	unknown
SPNCRNA.6691	unknown
SPNCRNA.6692	unknown
SPNCRNA.6693	unknown
SPNCRNA.6694	unknown
SPNCRNA.6695	unknown
SPNCRNA.6696	unknown
SPNCRNA.6697	unknown
SPNCRNA.6698	unknown
SPNCRNA.6699	unknown
SPNCRNA.67	unknown
SPNCRNA.670	unknown
SPNCRNA.6700	unknown
SPNCRNA.6701	unknown
SPNCRNA.6702	unknown
SPNCRNA.6703	unknown
SPNCRNA.6704	unknown
SPNCRNA.6705	unknown
SPNCRNA.6706	unknown
SPNCRNA.6707	unknown
SPNCRNA.6708	unknown
SPNCRNA.6709	unknown
SPNCRNA.671	unknown
SPNCRNA.6710	unknown
SPNCRNA.6711	unknown
SPNCRNA.6712	unknown
SPNCRNA.6713	unknown
SPNCRNA.6714	unknown
SPNCRNA.6715	unknown
SPNCRNA.6716	unknown
SPNCRNA.6717	unknown
SPNCRNA.6718	unknown
SPNCRNA.6719	unknown
SPNCRNA.672	unknown
SPNCRNA.6720	unknown
SPNCRNA.6721	unknown
SPNCRNA.6722	unknown
SPNCRNA.6723	unknown
SPNCRNA.6724	unknown
SPNCRNA.6725	unknown
SPNCRNA.6726	unknown
SPNCRNA.6727	unknown
SPNCRNA.6728	unknown
SPNCRNA.6729	unknown
SPNCRNA.673	unknown
SPNCRNA.6730	unknown
SPNCRNA.6731	unknown
SPNCRNA.6732	unknown
SPNCRNA.6733	unknown
SPNCRNA.6734	unknown
SPNCRNA.6735	unknown
SPNCRNA.6736	unknown
SPNCRNA.6737	unknown
SPNCRNA.6738	unknown
SPNCRNA.6739	unknown
SPNCRNA.674	unknown
SPNCRNA.6740	unknown
SPNCRNA.6741	unknown
SPNCRNA.6742	unknown
SPNCRNA.6743	unknown
SPNCRNA.6744	unknown
SPNCRNA.6745	unknown
SPNCRNA.6746	unknown
SPNCRNA.6747	unknown
SPNCRNA.6748	unknown
SPNCRNA.6749	unknown
SPNCRNA.675	unknown
SPNCRNA.6750	unknown
SPNCRNA.6751	unknown
SPNCRNA.6752	unknown
SPNCRNA.6753	unknown
SPNCRNA.6754	unknown
SPNCRNA.6755	unknown
SPNCRNA.6756	unknown
SPNCRNA.6757	unknown
SPNCRNA.6758	unknown
SPNCRNA.6759	unknown
SPNCRNA.676	unknown
SPNCRNA.6760	unknown
SPNCRNA.6761	unknown
SPNCRNA.6762	unknown
SPNCRNA.6763	unknown
SPNCRNA.6764	unknown
SPNCRNA.6765	unknown
SPNCRNA.6766	unknown
SPNCRNA.6767	unknown
SPNCRNA.6768	unknown
SPNCRNA.6769	unknown
SPNCRNA.677	unknown
SPNCRNA.6770	unknown
SPNCRNA.6771	unknown
SPNCRNA.6772	unknown
SPNCRNA.6773	unknown
SPNCRNA.6774	unknown
SPNCRNA.6775	unknown
SPNCRNA.6776	unknown
SPNCRNA.6777	unknown
SPNCRNA.6778	unknown
SPNCRNA.6779	unknown
SPNCRNA.678	unknown
SPNCRNA.6780	unknown
SPNCRNA.6781	unknown
SPNCRNA.6782	unknown
SPNCRNA.6783	unknown
SPNCRNA.6784	unknown
SPNCRNA.6785	unknown
SPNCRNA.6786	unknown
SPNCRNA.6787	unknown
SPNCRNA.6788	unknown
SPNCRNA.6789	unknown
SPNCRNA.679	unknown
SPNCRNA.6790	unknown
SPNCRNA.6791	unknown
SPNCRNA.6792	unknown
SPNCRNA.6793	unknown
SPNCRNA.6794	unknown
SPNCRNA.6795	unknown
SPNCRNA.6796	unknown
SPNCRNA.6797	unknown
SPNCRNA.6798	unknown
SPNCRNA.6799	unknown
SPNCRNA.68	unknown
SPNCRNA.680	unknown
SPNCRNA.6800	unknown
SPNCRNA.6801	unknown
SPNCRNA.6802	unknown
SPNCRNA.6803	unknown
SPNCRNA.6804	unknown
SPNCRNA.6805	unknown
SPNCRNA.6806	unknown
SPNCRNA.6807	unknown
SPNCRNA.6808	unknown
SPNCRNA.6809	unknown
SPNCRNA.6810	unknown
SPNCRNA.6811	unknown
SPNCRNA.6812	unknown
SPNCRNA.6813	unknown
SPNCRNA.6814	unknown
SPNCRNA.6815	unknown
SPNCRNA.6816	unknown
SPNCRNA.6817	unknown
SPNCRNA.6818	unknown
SPNCRNA.6819	unknown
SPNCRNA.682	unknown
SPNCRNA.6820	unknown
SPNCRNA.6821	unknown
SPNCRNA.6822	unknown
SPNCRNA.6823	unknown
SPNCRNA.6824	unknown
SPNCRNA.6825	unknown
SPNCRNA.6826	unknown
SPNCRNA.6827	unknown
SPNCRNA.6828	unknown
SPNCRNA.6829	unknown
SPNCRNA.683	unknown
SPNCRNA.6830	unknown
SPNCRNA.6831	unknown
SPNCRNA.6832	unknown
SPNCRNA.6833	unknown
SPNCRNA.6834	unknown
SPNCRNA.6835	unknown
SPNCRNA.6836	unknown
SPNCRNA.6837	unknown
SPNCRNA.6838	unknown
SPNCRNA.6839	unknown
SPNCRNA.684	unknown
SPNCRNA.6840	unknown
SPNCRNA.6841	unknown
SPNCRNA.6842	unknown
SPNCRNA.6843	unknown
SPNCRNA.6844	unknown
SPNCRNA.6845	unknown
SPNCRNA.6846	unknown
SPNCRNA.6847	unknown
SPNCRNA.6848	unknown
SPNCRNA.6849	unknown
SPNCRNA.685	unknown
SPNCRNA.6850	unknown
SPNCRNA.6851	unknown
SPNCRNA.6852	unknown
SPNCRNA.6853	unknown
SPNCRNA.6854	unknown
SPNCRNA.6855	unknown
SPNCRNA.6856	unknown
SPNCRNA.6857	unknown
SPNCRNA.6858	unknown
SPNCRNA.6859	unknown
SPNCRNA.686	unknown
SPNCRNA.6860	unknown
SPNCRNA.6861	unknown
SPNCRNA.6862	unknown
SPNCRNA.6863	unknown
SPNCRNA.6864	unknown
SPNCRNA.6865	unknown
SPNCRNA.6866	unknown
SPNCRNA.6867	unknown
SPNCRNA.6868	unknown
SPNCRNA.6869	unknown
SPNCRNA.687	unknown
SPNCRNA.6870	unknown
SPNCRNA.6871	unknown
SPNCRNA.6872	unknown
SPNCRNA.6873	unknown
SPNCRNA.6874	unknown
SPNCRNA.6875	unknown
SPNCRNA.6876	unknown
SPNCRNA.6877	unknown
SPNCRNA.6878	unknown
SPNCRNA.6879	unknown
SPNCRNA.688	unknown
SPNCRNA.6880	unknown
SPNCRNA.6881	unknown
SPNCRNA.6882	unknown
SPNCRNA.6883	unknown
SPNCRNA.6884	unknown
SPNCRNA.6885	unknown
SPNCRNA.6886	unknown
SPNCRNA.6887	unknown
SPNCRNA.6888	unknown
SPNCRNA.6889	unknown
SPNCRNA.689	unknown
SPNCRNA.6890	unknown
SPNCRNA.6891	unknown
SPNCRNA.6892	unknown
SPNCRNA.6893	unknown
SPNCRNA.6894	unknown
SPNCRNA.6895	unknown
SPNCRNA.6896	unknown
SPNCRNA.6897	unknown
SPNCRNA.6898	unknown
SPNCRNA.6899	unknown
SPNCRNA.69	unknown
SPNCRNA.690	unknown
SPNCRNA.6900	unknown
SPNCRNA.6901	unknown
SPNCRNA.6902	unknown
SPNCRNA.6903	unknown
SPNCRNA.6904	unknown
SPNCRNA.6905	unknown
SPNCRNA.6906	unknown
SPNCRNA.6907	unknown
SPNCRNA.6908	unknown
SPNCRNA.6909	unknown
SPNCRNA.691	unknown
SPNCRNA.6910	unknown
SPNCRNA.6911	unknown
SPNCRNA.6912	unknown
SPNCRNA.6913	unknown
SPNCRNA.6914	unknown
SPNCRNA.6915	unknown
SPNCRNA.6916	unknown
SPNCRNA.6917	unknown
SPNCRNA.6918	unknown
SPNCRNA.6919	unknown
SPNCRNA.692	unknown
SPNCRNA.6920	unknown
SPNCRNA.6921	unknown
SPNCRNA.6922	unknown
SPNCRNA.6923	unknown
SPNCRNA.6924	unknown
SPNCRNA.6925	unknown
SPNCRNA.6926	unknown
SPNCRNA.6927	unknown
SPNCRNA.6928	unknown
SPNCRNA.6929	unknown
SPNCRNA.693	unknown
SPNCRNA.6930	unknown
SPNCRNA.6931	unknown
SPNCRNA.6932	unknown
SPNCRNA.6933	unknown
SPNCRNA.6934	unknown
SPNCRNA.6935	unknown
SPNCRNA.6936	unknown
SPNCRNA.6937	unknown
SPNCRNA.6938	unknown
SPNCRNA.6939	unknown
SPNCRNA.694	unknown
SPNCRNA.6940	unknown
SPNCRNA.6941	unknown
SPNCRNA.6942	unknown
SPNCRNA.6943	unknown
SPNCRNA.6944	unknown
SPNCRNA.6945	unknown
SPNCRNA.6946	unknown
SPNCRNA.6947	unknown
SPNCRNA.6948	unknown
SPNCRNA.6949	unknown
SPNCRNA.695	unknown
SPNCRNA.6950	unknown
SPNCRNA.6951	unknown
SPNCRNA.6952	unknown
SPNCRNA.6953	unknown
SPNCRNA.6954	unknown
SPNCRNA.6955	unknown
SPNCRNA.6956	unknown
SPNCRNA.6957	unknown
SPNCRNA.6958	unknown
SPNCRNA.6959	unknown
SPNCRNA.696	unknown
SPNCRNA.6960	unknown
SPNCRNA.6961	unknown
SPNCRNA.6962	unknown
SPNCRNA.6963	unknown
SPNCRNA.6964	unknown
SPNCRNA.6965	unknown
SPNCRNA.6966	unknown
SPNCRNA.6967	unknown
SPNCRNA.6968	unknown
SPNCRNA.6969	unknown
SPNCRNA.697	unknown
SPNCRNA.6970	unknown
SPNCRNA.6971	unknown
SPNCRNA.6972	unknown
SPNCRNA.6973	unknown
SPNCRNA.6974	unknown
SPNCRNA.6975	unknown
SPNCRNA.6976	unknown
SPNCRNA.6977	unknown
SPNCRNA.6978	unknown
SPNCRNA.6979	unknown
SPNCRNA.698	unknown
SPNCRNA.6980	unknown
SPNCRNA.6981	unknown
SPNCRNA.6982	unknown
SPNCRNA.6983	unknown
SPNCRNA.6984	unknown
SPNCRNA.6985	unknown
SPNCRNA.6986	unknown
SPNCRNA.6987	unknown
SPNCRNA.6988	unknown
SPNCRNA.6989	unknown
SPNCRNA.699	unknown
SPNCRNA.6990	unknown
SPNCRNA.6991	unknown
SPNCRNA.6992	unknown
SPNCRNA.6993	unknown
SPNCRNA.6994	unknown
SPNCRNA.6995	unknown
SPNCRNA.6996	unknown
SPNCRNA.6997	unknown
SPNCRNA.6998	unknown
SPNCRNA.6999	unknown
SPNCRNA.70	unknown
SPNCRNA.700	unknown
SPNCRNA.7000	unknown
SPNCRNA.7001	unknown
SPNCRNA.7002	unknown
SPNCRNA.7003	unknown
SPNCRNA.7004	unknown
SPNCRNA.7005	unknown
SPNCRNA.7006	unknown
SPNCRNA.7007	unknown
SPNCRNA.7008	unknown
SPNCRNA.7009	unknown
SPNCRNA.701	unknown
SPNCRNA.7010	unknown
SPNCRNA.7011	unknown
SPNCRNA.7012	unknown
SPNCRNA.7013	unknown
SPNCRNA.7014	unknown
SPNCRNA.7015	unknown
SPNCRNA.7016	unknown
SPNCRNA.7017	unknown
SPNCRNA.7018	unknown
SPNCRNA.7019	unknown
SPNCRNA.702	unknown
SPNCRNA.7020	unknown
SPNCRNA.7021	unknown
SPNCRNA.7022	unknown
SPNCRNA.7023	unknown
SPNCRNA.7024	unknown
SPNCRNA.7025	unknown
SPNCRNA.7026	unknown
SPNCRNA.7027	unknown
SPNCRNA.7028	unknown
SPNCRNA.7029	unknown
SPNCRNA.703	unknown
SPNCRNA.7030	unknown
SPNCRNA.7031	unknown
SPNCRNA.7032	unknown
SPNCRNA.7033	unknown
SPNCRNA.7034	unknown
SPNCRNA.7035	unknown
SPNCRNA.7036	unknown
SPNCRNA.7037	unknown
SPNCRNA.7038	unknown
SPNCRNA.7039	unknown
SPNCRNA.704	unknown
SPNCRNA.7040	unknown
SPNCRNA.7041	unknown
SPNCRNA.7042	unknown
SPNCRNA.7043	unknown
SPNCRNA.7044	unknown
SPNCRNA.7045	unknown
SPNCRNA.7046	unknown
SPNCRNA.7047	unknown
SPNCRNA.7048	unknown
SPNCRNA.7049	unknown
SPNCRNA.705	unknown
SPNCRNA.7050	unknown
SPNCRNA.7051	unknown
SPNCRNA.7052	unknown
SPNCRNA.7053	unknown
SPNCRNA.7054	unknown
SPNCRNA.7055	unknown
SPNCRNA.7056	unknown
SPNCRNA.7057	unknown
SPNCRNA.7058	unknown
SPNCRNA.7059	unknown
SPNCRNA.706	unknown
SPNCRNA.7060	unknown
SPNCRNA.7061	unknown
SPNCRNA.7062	unknown
SPNCRNA.7063	unknown
SPNCRNA.7064	unknown
SPNCRNA.7065	unknown
SPNCRNA.7066	unknown
SPNCRNA.7067	unknown
SPNCRNA.7068	unknown
SPNCRNA.7069	unknown
SPNCRNA.707	unknown
SPNCRNA.7070	unknown
SPNCRNA.7071	unknown
SPNCRNA.7072	unknown
SPNCRNA.7073	unknown
SPNCRNA.7074	unknown
SPNCRNA.7075	unknown
SPNCRNA.7076	unknown
SPNCRNA.7077	unknown
SPNCRNA.7078	unknown
SPNCRNA.7079	unknown
SPNCRNA.708	unknown
SPNCRNA.7080	unknown
SPNCRNA.7081	unknown
SPNCRNA.7082	unknown
SPNCRNA.7083	unknown
SPNCRNA.7084	unknown
SPNCRNA.7085	unknown
SPNCRNA.7086	unknown
SPNCRNA.7087	unknown
SPNCRNA.7088	unknown
SPNCRNA.7089	unknown
SPNCRNA.709	unknown
SPNCRNA.7090	unknown
SPNCRNA.7091	unknown
SPNCRNA.7092	unknown
SPNCRNA.7093	unknown
SPNCRNA.7094	unknown
SPNCRNA.7095	unknown
SPNCRNA.7096	unknown
SPNCRNA.7097	unknown
SPNCRNA.7098	unknown
SPNCRNA.7099	unknown
SPNCRNA.71	unknown
SPNCRNA.710	unknown
SPNCRNA.7100	unknown
SPNCRNA.7101	unknown
SPNCRNA.7102	unknown
SPNCRNA.7103	unknown
SPNCRNA.7104	unknown
SPNCRNA.7105	unknown
SPNCRNA.7106	unknown
SPNCRNA.7107	unknown
SPNCRNA.7108	unknown
SPNCRNA.7109	unknown
SPNCRNA.711	unknown
SPNCRNA.7110	unknown
SPNCRNA.7111	unknown
SPNCRNA.7112	unknown
SPNCRNA.7113	unknown
SPNCRNA.7114	unknown
SPNCRNA.7115	unknown
SPNCRNA.7116	unknown
SPNCRNA.7118	unknown
SPNCRNA.7119	unknown
SPNCRNA.712	unknown
SPNCRNA.7120	unknown
SPNCRNA.7121	unknown
SPNCRNA.7122	unknown
SPNCRNA.7123	unknown
SPNCRNA.7124	unknown
SPNCRNA.7125	unknown
SPNCRNA.7126	unknown
SPNCRNA.7127	unknown
SPNCRNA.7128	unknown
SPNCRNA.7129	unknown
SPNCRNA.713	unknown
SPNCRNA.7130	unknown
SPNCRNA.7131	unknown
SPNCRNA.7132	unknown
SPNCRNA.7133	unknown
SPNCRNA.7134	unknown
SPNCRNA.7135	unknown
SPNCRNA.7136	unknown
SPNCRNA.7137	unknown
SPNCRNA.7138	unknown
SPNCRNA.7139	unknown
SPNCRNA.714	unknown
SPNCRNA.7140	unknown
SPNCRNA.7141	unknown
SPNCRNA.7142	unknown
SPNCRNA.7143	unknown
SPNCRNA.7144	unknown
SPNCRNA.7145	unknown
SPNCRNA.7146	unknown
SPNCRNA.7147	unknown
SPNCRNA.7148	unknown
SPNCRNA.7149	unknown
SPNCRNA.715	unknown
SPNCRNA.7150	unknown
SPNCRNA.7151	unknown
SPNCRNA.7152	unknown
SPNCRNA.7153	unknown
SPNCRNA.7154	unknown
SPNCRNA.7155	unknown
SPNCRNA.7156	unknown
SPNCRNA.7157	unknown
SPNCRNA.7158	unknown
SPNCRNA.7159	unknown
SPNCRNA.716	unknown
SPNCRNA.7160	unknown
SPNCRNA.7161	unknown
SPNCRNA.7162	unknown
SPNCRNA.7163	unknown
SPNCRNA.7164	unknown
SPNCRNA.7165	unknown
SPNCRNA.7166	unknown
SPNCRNA.7167	unknown
SPNCRNA.7168	unknown
SPNCRNA.7169	unknown
SPNCRNA.717	unknown
SPNCRNA.7170	unknown
SPNCRNA.7171	unknown
SPNCRNA.7172	unknown
SPNCRNA.7173	unknown
SPNCRNA.7174	unknown
SPNCRNA.7175	unknown
SPNCRNA.7176	unknown
SPNCRNA.7177	unknown
SPNCRNA.7178	unknown
SPNCRNA.7179	unknown
SPNCRNA.718	unknown
SPNCRNA.7180	unknown
SPNCRNA.7181	unknown
SPNCRNA.7182	unknown
SPNCRNA.7183	unknown
SPNCRNA.7184	unknown
SPNCRNA.7185	unknown
SPNCRNA.7186	unknown
SPNCRNA.7187	unknown
SPNCRNA.7188	unknown
SPNCRNA.7189	unknown
SPNCRNA.719	unknown
SPNCRNA.7190	unknown
SPNCRNA.7191	unknown
SPNCRNA.7192	unknown
SPNCRNA.7193	unknown
SPNCRNA.7194	unknown
SPNCRNA.7195	unknown
SPNCRNA.7196	unknown
SPNCRNA.7197	unknown
SPNCRNA.7198	unknown
SPNCRNA.7199	unknown
SPNCRNA.720	unknown
SPNCRNA.7200	unknown
SPNCRNA.7201	unknown
SPNCRNA.7202	unknown
SPNCRNA.7203	unknown
SPNCRNA.7204	unknown
SPNCRNA.7205	unknown
SPNCRNA.7206	unknown
SPNCRNA.7207	unknown
SPNCRNA.7208	unknown
SPNCRNA.7209	unknown
SPNCRNA.721	unknown
SPNCRNA.7210	unknown
SPNCRNA.7211	unknown
SPNCRNA.7212	unknown
SPNCRNA.7213	unknown
SPNCRNA.7214	unknown
SPNCRNA.7215	unknown
SPNCRNA.7216	unknown
SPNCRNA.7217	unknown
SPNCRNA.7218	unknown
SPNCRNA.7219	unknown
SPNCRNA.722	unknown
SPNCRNA.7220	unknown
SPNCRNA.7221	unknown
SPNCRNA.7222	unknown
SPNCRNA.7223	unknown
SPNCRNA.7224	unknown
SPNCRNA.7225	unknown
SPNCRNA.7226	unknown
SPNCRNA.7227	unknown
SPNCRNA.7228	unknown
SPNCRNA.7229	unknown
SPNCRNA.723	unknown
SPNCRNA.7230	unknown
SPNCRNA.7231	unknown
SPNCRNA.7232	unknown
SPNCRNA.7233	unknown
SPNCRNA.7234	unknown
SPNCRNA.7235	unknown
SPNCRNA.7236	unknown
SPNCRNA.7237	unknown
SPNCRNA.7238	unknown
SPNCRNA.7239	unknown
SPNCRNA.724	unknown
SPNCRNA.7240	unknown
SPNCRNA.7241	unknown
SPNCRNA.7242	unknown
SPNCRNA.7243	unknown
SPNCRNA.7244	unknown
SPNCRNA.7245	unknown
SPNCRNA.7246	unknown
SPNCRNA.7247	unknown
SPNCRNA.7248	unknown
SPNCRNA.7249	unknown
SPNCRNA.725	unknown
SPNCRNA.7250	unknown
SPNCRNA.7251	unknown
SPNCRNA.7252	unknown
SPNCRNA.7253	unknown
SPNCRNA.7254	unknown
SPNCRNA.7255	unknown
SPNCRNA.7256	unknown
SPNCRNA.7257	unknown
SPNCRNA.7258	unknown
SPNCRNA.7259	unknown
SPNCRNA.726	unknown
SPNCRNA.7260	unknown
SPNCRNA.7261	unknown
SPNCRNA.7262	unknown
SPNCRNA.7263	unknown
SPNCRNA.7264	unknown
SPNCRNA.7265	unknown
SPNCRNA.7266	unknown
SPNCRNA.7267	unknown
SPNCRNA.7268	unknown
SPNCRNA.7269	unknown
SPNCRNA.7270	unknown
SPNCRNA.7271	unknown
SPNCRNA.7272	unknown
SPNCRNA.7273	unknown
SPNCRNA.7274	unknown
SPNCRNA.7275	unknown
SPNCRNA.7276	unknown
SPNCRNA.7277	unknown
SPNCRNA.7278	unknown
SPNCRNA.7279	unknown
SPNCRNA.728	unknown
SPNCRNA.7280	unknown
SPNCRNA.7281	unknown
SPNCRNA.7282	unknown
SPNCRNA.7283	unknown
SPNCRNA.7284	unknown
SPNCRNA.7285	unknown
SPNCRNA.7286	unknown
SPNCRNA.7287	unknown
SPNCRNA.7288	unknown
SPNCRNA.7289	unknown
SPNCRNA.7290	unknown
SPNCRNA.7291	unknown
SPNCRNA.7292	unknown
SPNCRNA.7293	unknown
SPNCRNA.7294	unknown
SPNCRNA.7295	unknown
SPNCRNA.7296	unknown
SPNCRNA.7297	unknown
SPNCRNA.7298	unknown
SPNCRNA.7299	unknown
SPNCRNA.730	unknown
SPNCRNA.7300	unknown
SPNCRNA.7301	unknown
SPNCRNA.7302	unknown
SPNCRNA.7303	unknown
SPNCRNA.7304	unknown
SPNCRNA.7305	unknown
SPNCRNA.7306	unknown
SPNCRNA.7307	unknown
SPNCRNA.7308	unknown
SPNCRNA.7309	unknown
SPNCRNA.731	unknown
SPNCRNA.7310	unknown
SPNCRNA.7311	unknown
SPNCRNA.7312	unknown
SPNCRNA.7313	unknown
SPNCRNA.7314	unknown
SPNCRNA.7315	unknown
SPNCRNA.7316	unknown
SPNCRNA.7317	unknown
SPNCRNA.7318	unknown
SPNCRNA.7319	unknown
SPNCRNA.732	unknown
SPNCRNA.7320	unknown
SPNCRNA.7321	unknown
SPNCRNA.7322	unknown
SPNCRNA.7323	unknown
SPNCRNA.7324	unknown
SPNCRNA.7325	unknown
SPNCRNA.7326	unknown
SPNCRNA.7327	unknown
SPNCRNA.7328	unknown
SPNCRNA.7329	unknown
SPNCRNA.733	unknown
SPNCRNA.7330	unknown
SPNCRNA.7331	unknown
SPNCRNA.7332	unknown
SPNCRNA.7333	unknown
SPNCRNA.7334	unknown
SPNCRNA.7335	unknown
SPNCRNA.7336	unknown
SPNCRNA.7337	unknown
SPNCRNA.7338	unknown
SPNCRNA.7339	unknown
SPNCRNA.734	unknown
SPNCRNA.7340	unknown
SPNCRNA.7341	unknown
SPNCRNA.7342	unknown
SPNCRNA.7343	unknown
SPNCRNA.7344	unknown
SPNCRNA.7345	unknown
SPNCRNA.7346	unknown
SPNCRNA.7347	unknown
SPNCRNA.7348	unknown
SPNCRNA.7349	unknown
SPNCRNA.735	unknown
SPNCRNA.7350	unknown
SPNCRNA.7351	unknown
SPNCRNA.7352	unknown
SPNCRNA.7353	unknown
SPNCRNA.7354	unknown
SPNCRNA.7355	unknown
SPNCRNA.7356	unknown
SPNCRNA.7357	unknown
SPNCRNA.7358	unknown
SPNCRNA.7359	unknown
SPNCRNA.736	unknown
SPNCRNA.7360	unknown
SPNCRNA.7361	unknown
SPNCRNA.7362	unknown
SPNCRNA.7363	unknown
SPNCRNA.7364	unknown
SPNCRNA.7365	unknown
SPNCRNA.7366	unknown
SPNCRNA.7367	unknown
SPNCRNA.7368	unknown
SPNCRNA.7369	unknown
SPNCRNA.737	unknown
SPNCRNA.7370	unknown
SPNCRNA.7371	unknown
SPNCRNA.7372	unknown
SPNCRNA.7373	unknown
SPNCRNA.7374	unknown
SPNCRNA.7375	unknown
SPNCRNA.7376	unknown
SPNCRNA.7377	unknown
SPNCRNA.7378	unknown
SPNCRNA.7379	unknown
SPNCRNA.738	unknown
SPNCRNA.7380	unknown
SPNCRNA.7381	unknown
SPNCRNA.7382	unknown
SPNCRNA.7383	unknown
SPNCRNA.7384	unknown
SPNCRNA.7385	unknown
SPNCRNA.7386	unknown
SPNCRNA.7387	unknown
SPNCRNA.7388	unknown
SPNCRNA.7389	unknown
SPNCRNA.739	unknown
SPNCRNA.7390	unknown
SPNCRNA.7391	unknown
SPNCRNA.7392	unknown
SPNCRNA.7393	unknown
SPNCRNA.7394	unknown
SPNCRNA.7395	unknown
SPNCRNA.7396	unknown
SPNCRNA.7397	unknown
SPNCRNA.7398	unknown
SPNCRNA.7399	unknown
SPNCRNA.740	unknown
SPNCRNA.7400	unknown
SPNCRNA.7401	unknown
SPNCRNA.7402	unknown
SPNCRNA.7403	unknown
SPNCRNA.7404	unknown
SPNCRNA.7405	unknown
SPNCRNA.7406	unknown
SPNCRNA.7407	unknown
SPNCRNA.7408	unknown
SPNCRNA.7409	unknown
SPNCRNA.741	unknown
SPNCRNA.7410	unknown
SPNCRNA.7411	unknown
SPNCRNA.7412	unknown
SPNCRNA.7413	unknown
SPNCRNA.7414	unknown
SPNCRNA.7415	unknown
SPNCRNA.7416	unknown
SPNCRNA.7417	unknown
SPNCRNA.7418	unknown
SPNCRNA.7419	unknown
SPNCRNA.742	unknown
SPNCRNA.7420	unknown
SPNCRNA.7421	unknown
SPNCRNA.7422	unknown
SPNCRNA.7423	unknown
SPNCRNA.7424	unknown
SPNCRNA.7425	unknown
SPNCRNA.7426	unknown
SPNCRNA.7427	unknown
SPNCRNA.7428	unknown
SPNCRNA.7429	unknown
SPNCRNA.743	unknown
SPNCRNA.7430	unknown
SPNCRNA.7431	unknown
SPNCRNA.7432	unknown
SPNCRNA.7433	unknown
SPNCRNA.7434	unknown
SPNCRNA.7435	unknown
SPNCRNA.7436	unknown
SPNCRNA.7437	unknown
SPNCRNA.7438	unknown
SPNCRNA.7439	unknown
SPNCRNA.744	unknown
SPNCRNA.7440	unknown
SPNCRNA.7441	unknown
SPNCRNA.7442	unknown
SPNCRNA.7443	unknown
SPNCRNA.7444	unknown
SPNCRNA.7445	unknown
SPNCRNA.7446	unknown
SPNCRNA.7447	unknown
SPNCRNA.7448	unknown
SPNCRNA.7449	unknown
SPNCRNA.745	unknown
SPNCRNA.7450	unknown
SPNCRNA.7451	unknown
SPNCRNA.7452	unknown
SPNCRNA.7453	unknown
SPNCRNA.7454	unknown
SPNCRNA.7455	unknown
SPNCRNA.7456	unknown
SPNCRNA.7457	unknown
SPNCRNA.7458	unknown
SPNCRNA.7459	unknown
SPNCRNA.746	unknown
SPNCRNA.7460	unknown
SPNCRNA.7461	unknown
SPNCRNA.7462	unknown
SPNCRNA.7463	unknown
SPNCRNA.7464	unknown
SPNCRNA.7465	unknown
SPNCRNA.7466	unknown
SPNCRNA.7467	unknown
SPNCRNA.7468	unknown
SPNCRNA.7469	unknown
SPNCRNA.747	unknown
SPNCRNA.7470	unknown
SPNCRNA.7471	unknown
SPNCRNA.7472	unknown
SPNCRNA.7473	unknown
SPNCRNA.7474	unknown
SPNCRNA.7475	unknown
SPNCRNA.7476	unknown
SPNCRNA.7477	unknown
SPNCRNA.7478	unknown
SPNCRNA.7479	unknown
SPNCRNA.748	unknown
SPNCRNA.7480	unknown
SPNCRNA.7481	unknown
SPNCRNA.7482	unknown
SPNCRNA.7483	unknown
SPNCRNA.7484	unknown
SPNCRNA.7485	unknown
SPNCRNA.7486	unknown
SPNCRNA.7487	unknown
SPNCRNA.7488	unknown
SPNCRNA.7489	unknown
SPNCRNA.749	unknown
SPNCRNA.7490	unknown
SPNCRNA.7491	unknown
SPNCRNA.7492	unknown
SPNCRNA.7493	unknown
SPNCRNA.7494	unknown
SPNCRNA.7495	unknown
SPNCRNA.7496	unknown
SPNCRNA.7497	unknown
SPNCRNA.7498	unknown
SPNCRNA.7499	unknown
SPNCRNA.750	unknown
SPNCRNA.7500	unknown
SPNCRNA.7501	unknown
SPNCRNA.7502	unknown
SPNCRNA.7503	unknown
SPNCRNA.7504	unknown
SPNCRNA.7505	unknown
SPNCRNA.7506	unknown
SPNCRNA.7507	unknown
SPNCRNA.7508	unknown
SPNCRNA.7509	unknown
SPNCRNA.751	unknown
SPNCRNA.7510	unknown
SPNCRNA.7511	unknown
SPNCRNA.7512	unknown
SPNCRNA.7513	unknown
SPNCRNA.7514	unknown
SPNCRNA.7515	unknown
SPNCRNA.7516	unknown
SPNCRNA.7517	unknown
SPNCRNA.7518	unknown
SPNCRNA.7519	unknown
SPNCRNA.752	unknown
SPNCRNA.7520	unknown
SPNCRNA.7521	unknown
SPNCRNA.7522	unknown
SPNCRNA.7523	unknown
SPNCRNA.7524	unknown
SPNCRNA.7525	unknown
SPNCRNA.7526	unknown
SPNCRNA.7527	unknown
SPNCRNA.7528	unknown
SPNCRNA.7529	unknown
SPNCRNA.753	unknown
SPNCRNA.7530	unknown
SPNCRNA.7531	unknown
SPNCRNA.7532	unknown
SPNCRNA.7533	unknown
SPNCRNA.7534	unknown
SPNCRNA.7535	unknown
SPNCRNA.7536	unknown
SPNCRNA.7537	unknown
SPNCRNA.7538	unknown
SPNCRNA.7539	unknown
SPNCRNA.754	unknown
SPNCRNA.7540	unknown
SPNCRNA.7541	unknown
SPNCRNA.7542	unknown
SPNCRNA.7543	unknown
SPNCRNA.7544	unknown
SPNCRNA.7545	unknown
SPNCRNA.7546	unknown
SPNCRNA.7547	unknown
SPNCRNA.7548	unknown
SPNCRNA.7549	unknown
SPNCRNA.755	unknown
SPNCRNA.7550	unknown
SPNCRNA.7551	unknown
SPNCRNA.7552	unknown
SPNCRNA.7553	unknown
SPNCRNA.7554	unknown
SPNCRNA.7555	unknown
SPNCRNA.7556	unknown
SPNCRNA.7557	unknown
SPNCRNA.7558	unknown
SPNCRNA.7559	unknown
SPNCRNA.756	unknown
SPNCRNA.7560	unknown
SPNCRNA.7561	unknown
SPNCRNA.7562	unknown
SPNCRNA.7563	unknown
SPNCRNA.7564	unknown
SPNCRNA.7565	unknown
SPNCRNA.7566	unknown
SPNCRNA.7567	unknown
SPNCRNA.7568	unknown
SPNCRNA.7569	unknown
SPNCRNA.757	unknown
SPNCRNA.7570	unknown
SPNCRNA.7571	unknown
SPNCRNA.7572	unknown
SPNCRNA.7573	unknown
SPNCRNA.7574	unknown
SPNCRNA.7575	unknown
SPNCRNA.7576	unknown
SPNCRNA.7577	unknown
SPNCRNA.7578	unknown
SPNCRNA.7579	unknown
SPNCRNA.758	unknown
SPNCRNA.7580	unknown
SPNCRNA.7581	unknown
SPNCRNA.7582	unknown
SPNCRNA.7583	unknown
SPNCRNA.7584	unknown
SPNCRNA.7585	unknown
SPNCRNA.7586	unknown
SPNCRNA.7587	unknown
SPNCRNA.7588	unknown
SPNCRNA.7589	unknown
SPNCRNA.759	unknown
SPNCRNA.7590	unknown
SPNCRNA.7591	unknown
SPNCRNA.7592	unknown
SPNCRNA.7593	unknown
SPNCRNA.7594	unknown
SPNCRNA.7595	unknown
SPNCRNA.7596	unknown
SPNCRNA.7597	unknown
SPNCRNA.7598	unknown
SPNCRNA.7599	unknown
SPNCRNA.760	unknown
SPNCRNA.7600	unknown
SPNCRNA.7601	unknown
SPNCRNA.7602	unknown
SPNCRNA.7603	unknown
SPNCRNA.7604	unknown
SPNCRNA.7605	unknown
SPNCRNA.7606	unknown
SPNCRNA.7607	unknown
SPNCRNA.7608	unknown
SPNCRNA.7609	unknown
SPNCRNA.761	unknown
SPNCRNA.7610	unknown
SPNCRNA.7611	unknown
SPNCRNA.7612	unknown
SPNCRNA.7613	unknown
SPNCRNA.7614	unknown
SPNCRNA.7615	unknown
SPNCRNA.7616	unknown
SPNCRNA.7617	unknown
SPNCRNA.7618	unknown
SPNCRNA.7619	unknown
SPNCRNA.762	unknown
SPNCRNA.7620	unknown
SPNCRNA.7621	unknown
SPNCRNA.7622	unknown
SPNCRNA.7623	unknown
SPNCRNA.7624	unknown
SPNCRNA.7625	unknown
SPNCRNA.7626	unknown
SPNCRNA.7627	unknown
SPNCRNA.7628	unknown
SPNCRNA.7629	unknown
SPNCRNA.763	unknown
SPNCRNA.7630	unknown
SPNCRNA.7631	unknown
SPNCRNA.7632	unknown
SPNCRNA.7633	unknown
SPNCRNA.7634	unknown
SPNCRNA.7635	unknown
SPNCRNA.7636	unknown
SPNCRNA.7637	unknown
SPNCRNA.7638	unknown
SPNCRNA.7639	unknown
SPNCRNA.764	unknown
SPNCRNA.7640	unknown
SPNCRNA.7641	unknown
SPNCRNA.7642	unknown
SPNCRNA.7643	unknown
SPNCRNA.7644	unknown
SPNCRNA.7645	unknown
SPNCRNA.7646	unknown
SPNCRNA.7647	unknown
SPNCRNA.7648	unknown
SPNCRNA.7649	unknown
SPNCRNA.765	unknown
SPNCRNA.7650	unknown
SPNCRNA.7651	unknown
SPNCRNA.7652	unknown
SPNCRNA.7653	unknown
SPNCRNA.7654	unknown
SPNCRNA.7655	unknown
SPNCRNA.7656	unknown
SPNCRNA.7657	unknown
SPNCRNA.7658	unknown
SPNCRNA.7659	unknown
SPNCRNA.766	unknown
SPNCRNA.7660	unknown
SPNCRNA.7661	unknown
SPNCRNA.7662	unknown
SPNCRNA.7663	unknown
SPNCRNA.7664	unknown
SPNCRNA.7665	unknown
SPNCRNA.7666	unknown
SPNCRNA.7667	unknown
SPNCRNA.7668	unknown
SPNCRNA.7669	unknown
SPNCRNA.767	unknown
SPNCRNA.7670	unknown
SPNCRNA.7671	unknown
SPNCRNA.7672	unknown
SPNCRNA.7673	unknown
SPNCRNA.7674	unknown
SPNCRNA.7675	unknown
SPNCRNA.7676	unknown
SPNCRNA.7677	unknown
SPNCRNA.7678	unknown
SPNCRNA.7679	unknown
SPNCRNA.768	unknown
SPNCRNA.7680	unknown
SPNCRNA.7681	unknown
SPNCRNA.7682	unknown
SPNCRNA.7683	unknown
SPNCRNA.7684	unknown
SPNCRNA.7685	unknown
SPNCRNA.7686	unknown
SPNCRNA.7687	unknown
SPNCRNA.7688	unknown
SPNCRNA.7689	unknown
SPNCRNA.769	unknown
SPNCRNA.7690	unknown
SPNCRNA.7691	unknown
SPNCRNA.7692	unknown
SPNCRNA.7693	unknown
SPNCRNA.7694	unknown
SPNCRNA.7695	unknown
SPNCRNA.7696	unknown
SPNCRNA.7697	unknown
SPNCRNA.7698	unknown
SPNCRNA.7699	unknown
SPNCRNA.770	unknown
SPNCRNA.7700	unknown
SPNCRNA.7701	unknown
SPNCRNA.7702	unknown
SPNCRNA.7703	unknown
SPNCRNA.7704	unknown
SPNCRNA.7705	unknown
SPNCRNA.7706	unknown
SPNCRNA.7707	unknown
SPNCRNA.7708	unknown
SPNCRNA.7709	unknown
SPNCRNA.771	unknown
SPNCRNA.7710	unknown
SPNCRNA.7711	unknown
SPNCRNA.7712	unknown
SPNCRNA.7713	unknown
SPNCRNA.7714	unknown
SPNCRNA.7715	unknown
SPNCRNA.7716	unknown
SPNCRNA.7717	unknown
SPNCRNA.7718	unknown
SPNCRNA.7719	unknown
SPNCRNA.772	unknown
SPNCRNA.7720	unknown
SPNCRNA.7721	unknown
SPNCRNA.7722	unknown
SPNCRNA.7723	unknown
SPNCRNA.7724	unknown
SPNCRNA.7725	unknown
SPNCRNA.7726	unknown
SPNCRNA.7727	unknown
SPNCRNA.7728	unknown
SPNCRNA.7729	unknown
SPNCRNA.773	unknown
SPNCRNA.7730	unknown
SPNCRNA.7731	unknown
SPNCRNA.7732	unknown
SPNCRNA.7733	unknown
SPNCRNA.7734	unknown
SPNCRNA.7735	unknown
SPNCRNA.7736	unknown
SPNCRNA.7737	unknown
SPNCRNA.7738	unknown
SPNCRNA.7739	unknown
SPNCRNA.774	unknown
SPNCRNA.7740	unknown
SPNCRNA.7741	unknown
SPNCRNA.7742	unknown
SPNCRNA.7743	unknown
SPNCRNA.7744	unknown
SPNCRNA.7745	unknown
SPNCRNA.7746	unknown
SPNCRNA.7747	unknown
SPNCRNA.7748	unknown
SPNCRNA.7749	unknown
SPNCRNA.775	unknown
SPNCRNA.7750	unknown
SPNCRNA.7751	unknown
SPNCRNA.7752	unknown
SPNCRNA.7753	unknown
SPNCRNA.7754	unknown
SPNCRNA.7755	unknown
SPNCRNA.7756	unknown
SPNCRNA.7757	unknown
SPNCRNA.7758	unknown
SPNCRNA.7759	unknown
SPNCRNA.776	unknown
SPNCRNA.7760	unknown
SPNCRNA.7761	unknown
SPNCRNA.7762	unknown
SPNCRNA.7763	unknown
SPNCRNA.7764	unknown
SPNCRNA.7765	unknown
SPNCRNA.7766	unknown
SPNCRNA.7767	unknown
SPNCRNA.7768	unknown
SPNCRNA.7769	unknown
SPNCRNA.777	unknown
SPNCRNA.7770	unknown
SPNCRNA.7771	unknown
SPNCRNA.7772	unknown
SPNCRNA.7773	unknown
SPNCRNA.7774	unknown
SPNCRNA.778	unknown
SPNCRNA.779	unknown
SPNCRNA.780	unknown
SPNCRNA.781	unknown
SPNCRNA.782	unknown
SPNCRNA.783	unknown
SPNCRNA.784	unknown
SPNCRNA.785	unknown
SPNCRNA.786	unknown
SPNCRNA.787	unknown
SPNCRNA.788	unknown
SPNCRNA.789	unknown
SPNCRNA.79	unknown
SPNCRNA.790	unknown
SPNCRNA.791	unknown
SPNCRNA.792	unknown
SPNCRNA.793	unknown
SPNCRNA.794	unknown
SPNCRNA.795	unknown
SPNCRNA.796	unknown
SPNCRNA.797	unknown
SPNCRNA.798	unknown
SPNCRNA.799	unknown
SPNCRNA.80	unknown
SPNCRNA.800	unknown
SPNCRNA.801	unknown
SPNCRNA.802	unknown
SPNCRNA.803	unknown
SPNCRNA.804	unknown
SPNCRNA.805	unknown
SPNCRNA.806	unknown
SPNCRNA.807	unknown
SPNCRNA.808	unknown
SPNCRNA.809	unknown
SPNCRNA.810	unknown
SPNCRNA.811	unknown
SPNCRNA.812	unknown
SPNCRNA.813	unknown
SPNCRNA.814	unknown
SPNCRNA.815	unknown
SPNCRNA.816	unknown
SPNCRNA.817	unknown
SPNCRNA.818	unknown
SPNCRNA.819	unknown
SPNCRNA.82	unknown
SPNCRNA.820	unknown
SPNCRNA.821	unknown
SPNCRNA.822	unknown
SPNCRNA.823	unknown
SPNCRNA.824	unknown
SPNCRNA.825	unknown
SPNCRNA.826	unknown
SPNCRNA.827	unknown
SPNCRNA.828	unknown
SPNCRNA.829	unknown
SPNCRNA.830	unknown
SPNCRNA.831	unknown
SPNCRNA.832	unknown
SPNCRNA.833	unknown
SPNCRNA.834	unknown
SPNCRNA.835	unknown
SPNCRNA.836	unknown
SPNCRNA.837	unknown
SPNCRNA.838	unknown
SPNCRNA.839	unknown
SPNCRNA.84	unknown
SPNCRNA.840	unknown
SPNCRNA.841	unknown
SPNCRNA.842	unknown
SPNCRNA.843	unknown
SPNCRNA.844	unknown
SPNCRNA.845	unknown
SPNCRNA.846	unknown
SPNCRNA.847	unknown
SPNCRNA.848	unknown
SPNCRNA.849	unknown
SPNCRNA.850	unknown
SPNCRNA.851	unknown
SPNCRNA.852	unknown
SPNCRNA.853	unknown
SPNCRNA.854	unknown
SPNCRNA.855	unknown
SPNCRNA.856	unknown
SPNCRNA.857	unknown
SPNCRNA.858	unknown
SPNCRNA.859	unknown
SPNCRNA.86	unknown
SPNCRNA.861	unknown
SPNCRNA.862	unknown
SPNCRNA.863	unknown
SPNCRNA.864	unknown
SPNCRNA.865	unknown
SPNCRNA.866	unknown
SPNCRNA.867	unknown
SPNCRNA.868	unknown
SPNCRNA.869	unknown
SPNCRNA.87	unknown
SPNCRNA.870	unknown
SPNCRNA.871	unknown
SPNCRNA.872	unknown
SPNCRNA.873	unknown
SPNCRNA.874	unknown
SPNCRNA.875	unknown
SPNCRNA.876	unknown
SPNCRNA.877	unknown
SPNCRNA.878	unknown
SPNCRNA.879	unknown
SPNCRNA.880	unknown
SPNCRNA.881	unknown
SPNCRNA.883	unknown
SPNCRNA.885	unknown
SPNCRNA.886	unknown
SPNCRNA.887	unknown
SPNCRNA.888	unknown
SPNCRNA.889	unknown
SPNCRNA.890	unknown
SPNCRNA.891	unknown
SPNCRNA.892	unknown
SPNCRNA.894	unknown
SPNCRNA.895	unknown
SPNCRNA.896	unknown
SPNCRNA.897	unknown
SPNCRNA.898	unknown
SPNCRNA.899	unknown
SPNCRNA.90	unknown
SPNCRNA.900	unknown
SPNCRNA.9001	viable
SPNCRNA.901	unknown
SPNCRNA.902	unknown
SPNCRNA.903	unknown
SPNCRNA.904	unknown
SPNCRNA.905	unknown
SPNCRNA.907	unknown
SPNCRNA.908	unknown
SPNCRNA.909	unknown
SPNCRNA.910	unknown
SPNCRNA.912	unknown
SPNCRNA.913	unknown
SPNCRNA.914	unknown
SPNCRNA.915	unknown
SPNCRNA.916	unknown
SPNCRNA.917	unknown
SPNCRNA.918	unknown
SPNCRNA.919	unknown
SPNCRNA.92	unknown
SPNCRNA.920	unknown
SPNCRNA.921	unknown
SPNCRNA.922	unknown
SPNCRNA.923	unknown
SPNCRNA.924	unknown
SPNCRNA.925	unknown
SPNCRNA.926	unknown
SPNCRNA.927	unknown
SPNCRNA.928	unknown
SPNCRNA.929	unknown
SPNCRNA.93	unknown
SPNCRNA.930	unknown
SPNCRNA.931	unknown
SPNCRNA.932	unknown
SPNCRNA.933	unknown
SPNCRNA.934	unknown
SPNCRNA.935	unknown
SPNCRNA.936	unknown
SPNCRNA.937	unknown
SPNCRNA.938	unknown
SPNCRNA.939	unknown
SPNCRNA.94	unknown
SPNCRNA.940	unknown
SPNCRNA.941	unknown
SPNCRNA.942	unknown
SPNCRNA.943	unknown
SPNCRNA.944	unknown
SPNCRNA.945	unknown
SPNCRNA.946	unknown
SPNCRNA.947	unknown
SPNCRNA.948	unknown
SPNCRNA.949	unknown
SPNCRNA.95	unknown
SPNCRNA.950	unknown
SPNCRNA.952	unknown
SPNCRNA.953	unknown
SPNCRNA.954	unknown
SPNCRNA.955	unknown
SPNCRNA.956	unknown
SPNCRNA.957	unknown
SPNCRNA.959	unknown
SPNCRNA.96	unknown
SPNCRNA.960	unknown
SPNCRNA.961	unknown
SPNCRNA.963	unknown
SPNCRNA.964	unknown
SPNCRNA.965	unknown
SPNCRNA.966	unknown
SPNCRNA.967	unknown
SPNCRNA.968	unknown
SPNCRNA.969	unknown
SPNCRNA.970	unknown
SPNCRNA.971	unknown
SPNCRNA.972	unknown
SPNCRNA.973	unknown
SPNCRNA.974	unknown
SPNCRNA.975	unknown
SPNCRNA.976	unknown
SPNCRNA.977	unknown
SPNCRNA.978	unknown
SPNCRNA.979	unknown
SPNCRNA.98	inviable
SPNCRNA.980	unknown
SPNCRNA.981	unknown
SPNCRNA.982	unknown
SPNCRNA.983	unknown
SPNCRNA.984	unknown
SPNCRNA.985	unknown
SPNCRNA.986	unknown
SPNCRNA.987	unknown
SPNCRNA.988	unknown
SPNCRNA.989	viable
SPNCRNA.990	unknown
SPNCRNA.991	unknown
SPNCRNA.992	unknown
SPNCRNA.993	unknown
SPNCRNA.995	unknown
SPNCRNA.996	unknown
SPNCRNA.997	unknown
SPNCRNA.998	unknown
SPNCRNA.999	unknown
SPRRNA.01	unknown
SPRRNA.02	unknown
SPRRNA.03	unknown
SPRRNA.04	unknown
SPRRNA.05	unknown
SPRRNA.06	unknown
SPRRNA.07	unknown
SPRRNA.10	unknown
SPRRNA.11	unknown
SPRRNA.12	unknown
SPRRNA.13	unknown
SPRRNA.14	unknown
SPRRNA.15	unknown
SPRRNA.16	unknown
SPRRNA.17	unknown
SPRRNA.18	unknown
SPRRNA.19	unknown
SPRRNA.20	unknown
SPRRNA.24	unknown
SPRRNA.26	unknown
SPRRNA.27	unknown
SPRRNA.28	unknown
SPRRNA.29	unknown
SPRRNA.30	unknown
SPRRNA.31	unknown
SPRRNA.32	unknown
SPRRNA.33	unknown
SPRRNA.34	unknown
SPRRNA.35	unknown
SPRRNA.36	unknown
SPRRNA.37	unknown
SPRRNA.38	unknown
SPRRNA.39	unknown
SPRRNA.40	unknown
SPRRNA.41	unknown
SPRRNA.42	unknown
SPRRNA.43	unknown
SPRRNA.44	unknown
SPRRNA.45	unknown
SPRRNA.46	unknown
SPRRNA.47	unknown
SPRRNA.48	unknown
SPRRNA.49	unknown
SPRRNA.50	unknown
SPRRNA.51	unknown
SPRRNA.52	unknown
SPRRNA.53	unknown
SPRRNA.54	unknown
SPRRNA.55	unknown
SPSNORNA.01	unknown
SPSNORNA.02	unknown
SPSNORNA.03	unknown
SPSNORNA.04	unknown
SPSNORNA.05	unknown
SPSNORNA.06	unknown
SPSNORNA.07	unknown
SPSNORNA.08	unknown
SPSNORNA.09	unknown
SPSNORNA.10	unknown
SPSNORNA.11	unknown
SPSNORNA.12	unknown
SPSNORNA.13	unknown
SPSNORNA.14	unknown
SPSNORNA.15	unknown
SPSNORNA.16	unknown
SPSNORNA.17	unknown
SPSNORNA.18	unknown
SPSNORNA.19	unknown
SPSNORNA.20	unknown
SPSNORNA.21	unknown
SPSNORNA.22	unknown
SPSNORNA.23	unknown
SPSNORNA.24	unknown
SPSNORNA.25	unknown
SPSNORNA.26	unknown
SPSNORNA.27	unknown
SPSNORNA.28	unknown
SPSNORNA.29	unknown
SPSNORNA.30	unknown
SPSNORNA.31	unknown
SPSNORNA.32	unknown
SPSNORNA.33	unknown
SPSNORNA.34	unknown
SPSNORNA.35	viable
SPSNORNA.36	unknown
SPSNORNA.37	viable
SPSNORNA.38	viable
SPSNORNA.39	viable
SPSNORNA.40	viable
SPSNORNA.41	unknown
SPSNORNA.42	viable
SPSNORNA.43	viable
SPSNORNA.44	viable
SPSNORNA.45	viable
SPSNORNA.46	viable
SPSNORNA.47	unknown
SPSNORNA.48	unknown
SPSNORNA.49	unknown
SPSNORNA.50	unknown
SPSNORNA.52	unknown
SPSNORNA.53	viable
SPSNORNA.54	unknown
SPSNORNA.55	viable
SPSNRNA.01	inviable
SPSNRNA.02	unknown
SPSNRNA.03	unknown
SPSNRNA.04	inviable
SPSNRNA.05	unknown
SPSNRNA.06	unknown
SPSNRNA.07	unknown
